Vance Kelley [US]	Mads Jensen [DK]	W	3	1
Vance Kelley [US]	Thanakrit Krupanyamart [TH]	W	6	2
Vance Kelley [US]	Konsta Kallama [FI]	W	9	3
Vance Kelley [US]	Cameron Shenoy [US]	W	12	4
Vance Kelley [US]	Fabio Spanò [IT]	T	13	5
Vance Kelley [US]	Dionsius Lee [SG]	W	16	6
Vance Kelley [US]	Michael Pramawat [US]	T	17	7
Vance Kelley [US]	AKIRA SATO [US]	W	20	8
Vance Kelley [US]	Pang Kai Hing [HK]	W	23	9
Vance Kelley [US]	Azul Garcia Griego [US]	W	26	10
Vance Kelley [US]	Tord Reklev [NO]	W	29	11
Tord Reklev [NO]	Bryan de Vries [NL]	L	0	1
Tord Reklev [NO]	Murilo Mercadante [BR]	W	3	2
Tord Reklev [NO]	Yoshiki Kitae [JP]	W	6	3
Tord Reklev [NO]	Andrew Mahone [US]	W	9	4
Tord Reklev [NO]	Dyatmika Paramaanindya [ID]	W	12	5
Tord Reklev [NO]	Cyrus Davis [CA]	W	15	6
Tord Reklev [NO]	Shoichi Saito [AU]	W	18	7
Tord Reklev [NO]	Azul Garcia Griego [US]	T	19	8
Tord Reklev [NO]	Victor Manuel Garcia Montes [MX]	W	22	9
Tord Reklev [NO]	Michael Pramawat [US]	W	25	10
Tord Reklev [NO]	Vance Kelley [US]	L	25	11
Michael Pramawat [US]	Jon Eng [US]	T	1	1
Michael Pramawat [US]	Yuto Kondo [JP]	W	4	2
Michael Pramawat [US]	Carlos Medina Astete [PE]	W	7	3
Michael Pramawat [US]	Brandon Salazar [US]	W	10	4
Michael Pramawat [US]	Jared Woitalla [US]	W	13	5
Michael Pramawat [US]	Fabio Spanò [IT]	W	16	6
Michael Pramawat [US]	Vance Kelley [US]	T	17	7
Michael Pramawat [US]	Alex Schemanske [US]	W	20	8
Michael Pramawat [US]	Shoichi Saito [AU]	W	23	9
Michael Pramawat [US]	Tord Reklev [NO]	L	23	10
Azul Garcia Griego [US]	Pablo Meza [MX]	W	3	1
Azul Garcia Griego [US]	Aaron Freetos Friedman [US]	W	6	2
Azul Garcia Griego [US]	SEJUN PARK [KR]	W	9	3
Azul Garcia Griego [US]	Fabio Spanò [IT]	L	9	4
Azul Garcia Griego [US]	Simon Luong [CA]	W	12	5
Azul Garcia Griego [US]	Ian Robb [US]	W	15	6
Azul Garcia Griego [US]	Alex krekeler [US]	W	18	7
Azul Garcia Griego [US]	Tord Reklev [NO]	T	19	8
Azul Garcia Griego [US]	Dionsius Lee [SG]	W	22	9
Azul Garcia Griego [US]	Vance Kelley [US]	L	22	10
Dionsius Lee [SG]	Sen Caubergh [BE]	W	3	1
Dionsius Lee [SG]	Lasse Puisto [FI]	W	6	2
Dionsius Lee [SG]	Pedro Pertusi [BR]	T	7	3
Dionsius Lee [SG]	AKIRA SATO [US]	W	10	4
Dionsius Lee [SG]	HUI YUAN HUANG [TW]	W	13	5
Dionsius Lee [SG]	Vance Kelley [US]	L	13	6
Dionsius Lee [SG]	Bryan de Vries [NL]	W	16	7
Dionsius Lee [SG]	Konsta Kallama [FI]	W	19	8
Dionsius Lee [SG]	Azul Garcia Griego [US]	L	19	9
Victor Manuel Garcia Montes [MX]	shinnosuke sato [JP]	L	0	1
Victor Manuel Garcia Montes [MX]	Fabio Battistella [IT]	T	1	2
Victor Manuel Garcia Montes [MX]	Joshua Doctolero [PH]	W	4	3
Victor Manuel Garcia Montes [MX]	Daichi Shimada [JP]	W	7	4
Victor Manuel Garcia Montes [MX]	Moeen Mungalee [ZA]	W	10	5
Victor Manuel Garcia Montes [MX]	Jared Woitalla [US]	W	13	6
Victor Manuel Garcia Montes [MX]	Pedro Pertusi [BR]	W	16	7
Victor Manuel Garcia Montes [MX]	Raz Wolpe [IL]	W	19	8
Victor Manuel Garcia Montes [MX]	Tord Reklev [NO]	L	19	9
Shoichi Saito [AU]	LIN DE CHIAO [TW]	W	3	1
Shoichi Saito [AU]	Cameron Shenoy [US]	L	3	2
Shoichi Saito [AU]	Yuto Takeuchi [JP]	W	6	3
Shoichi Saito [AU]	YU TANG CHIU [TW]	W	9	4
Shoichi Saito [AU]	Tomu Mizutani [JP]	W	12	5
Shoichi Saito [AU]	Pang Kai Hing [HK]	W	15	6
Shoichi Saito [AU]	Tord Reklev [NO]	L	15	7
Shoichi Saito [AU]	Alex krekeler [US]	W	18	8
Shoichi Saito [AU]	Michael Pramawat [US]	L	18	9
Pang Kai Hing [HK]	Regan Retzloff [US]	W	3	1
Pang Kai Hing [HK]	da Ashi [JP]	W	6	2
Pang Kai Hing [HK]	Nachi Nezu [JP]	W	9	3
Pang Kai Hing [HK]	Yerco Valencia [CL]	W	12	4
Pang Kai Hing [HK]	Bryan de Vries [NL]	L	12	5
Pang Kai Hing [HK]	Shoichi Saito [AU]	L	12	6
Pang Kai Hing [HK]	Ian Robb [US]	W	15	7
Pang Kai Hing [HK]	Piotr Orleański [PL]	W	18	8
Pang Kai Hing [HK]	Vance Kelley [US]	L	18	9
Cyrus Davis [CA]	Grant Hays [US]	L	0	1
Cyrus Davis [CA]	Connor Finton [US]	W	3	2
Cyrus Davis [CA]	Tim Franklin [AU]	W	6	3
Cyrus Davis [CA]	Gabor Van Meenen [DE]	W	9	4
Cyrus Davis [CA]	Nachi Nezu [JP]	W	12	5
Cyrus Davis [CA]	Tord Reklev [NO]	L	12	6
Cyrus Davis [CA]	Karl Peters [DE]	W	15	7
Cyrus Davis [CA]	SEJUN PARK [KR]	W	18	8
Brent Tonisson [AU]	Seunghyeok Lee [KR]	W	3	1
Brent Tonisson [AU]	Jamie Frankland [UK]	W	6	2
Brent Tonisson [AU]	AKIRA SATO [US]	T	7	3
Brent Tonisson [AU]	Ciaran Farah [CA]	T	8	4
Brent Tonisson [AU]	Jeremy Evans [AU]	W	11	5
Brent Tonisson [AU]	Alex Schemanske [US]	L	11	6
Brent Tonisson [AU]	Christian Graziano [IT]	W	14	7
Brent Tonisson [AU]	Ghe Nawon [KR]	W	17	8
Alex Schemanske [US]	俊介 曽羽 [JP]	W	3	1
Alex Schemanske [US]	Daichi Shimada [JP]	W	6	2
Alex Schemanske [US]	Brandon Salazar [US]	T	7	3
Alex Schemanske [US]	Karel Maertens [BE]	T	8	4
Alex Schemanske [US]	Lee King Yeung [HK]	W	11	5
Alex Schemanske [US]	Brent Tonisson [AU]	W	14	6
Alex Schemanske [US]	SU CHIA-HSING [TW]	W	17	7
Alex Schemanske [US]	Michael Pramawat [US]	L	17	8
Karel Maertens [BE]	Trevore Read [CA]	W	3	1
Karel Maertens [BE]	Rafli Attar Ricco [ID]	W	6	2
Karel Maertens [BE]	Matthew Burris [AU]	T	7	3
Karel Maertens [BE]	Alex Schemanske [US]	T	8	4
Karel Maertens [BE]	Diego Cassiraga [AR]	W	11	5
Karel Maertens [BE]	shinnosuke sato [JP]	L	11	6
Karel Maertens [BE]	Nicholas Moffitt [US]	W	14	7
Karel Maertens [BE]	SU CHIA-HSING [TW]	W	17	8
HUI YUAN HUANG [TW]	Calvin Connor [US]	W	3	1
HUI YUAN HUANG [TW]	Shuto Kogawa [JP]	W	6	2
HUI YUAN HUANG [TW]	Taisei Kato [JP]	T	7	3
HUI YUAN HUANG [TW]	Moeen Mungalee [ZA]	W	10	4
HUI YUAN HUANG [TW]	Dionsius Lee [SG]	L	10	5
HUI YUAN HUANG [TW]	Jon Eng [US]	T	11	6
HUI YUAN HUANG [TW]	Andrew Hedrick [US]	W	14	7
HUI YUAN HUANG [TW]	YU SHIROKUMA [JP]	W	17	8
shinnosuke sato [JP]	Victor Manuel Garcia Montes [MX]	W	3	1
shinnosuke sato [JP]	Xander Pero [US]	W	6	2
shinnosuke sato [JP]	SU CHIA-HSING [TW]	T	7	3
shinnosuke sato [JP]	Matthew Burris [AU]	T	8	4
shinnosuke sato [JP]	Nicholas Moffitt [US]	W	11	5
shinnosuke sato [JP]	Karel Maertens [BE]	W	14	6
shinnosuke sato [JP]	Raz Wolpe [IL]	T	15	7
shinnosuke sato [JP]	Yerco Valencia [CL]	T	16	8
AKIRA SATO [US]	Im sheng Chen [MY]	W	3	1
AKIRA SATO [US]	Ian Robb [US]	W	6	2
AKIRA SATO [US]	Brent Tonisson [AU]	T	7	3
AKIRA SATO [US]	Dionsius Lee [SG]	L	7	4
AKIRA SATO [US]	Ciaran Farah [CA]	W	10	5
AKIRA SATO [US]	Jack Moore [CA]	W	13	6
AKIRA SATO [US]	Javier Chelmes [CL]	W	16	7
AKIRA SATO [US]	Vance Kelley [US]	L	16	8
Konsta Kallama [FI]	Grant Manley [US]	W	3	1
Konsta Kallama [FI]	Alex krekeler [US]	W	6	2
Konsta Kallama [FI]	Vance Kelley [US]	L	6	3
Konsta Kallama [FI]	Riccardo Maganza [IT]	W	9	4
Konsta Kallama [FI]	Matias Matricardi [AR]	W	12	5
Konsta Kallama [FI]	Cameron Shenoy [US]	T	13	6
Konsta Kallama [FI]	Jonathan Fabrizio Bellucci Lanciano [AR]	W	16	7
Konsta Kallama [FI]	Dionsius Lee [SG]	L	16	8
Raz Wolpe [IL]	Ian Robb [US]	L	0	1
Raz Wolpe [IL]	阿比野 友之 [JP]	W	3	2
Raz Wolpe [IL]	Benedetta Todaro [IT]	W	6	3
Raz Wolpe [IL]	Trevore Read [CA]	W	9	4
Raz Wolpe [IL]	Yerco Valencia [CL]	W	12	5
Raz Wolpe [IL]	Masataka Hirano [JP]	W	15	6
Raz Wolpe [IL]	shinnosuke sato [JP]	T	16	7
Raz Wolpe [IL]	Victor Manuel Garcia Montes [MX]	L	16	8
Masataka Hirano [JP]	SU CHIA-HSING [TW]	L	0	1
Masataka Hirano [JP]	Akari Yamamoto [JP]	W	3	2
Masataka Hirano [JP]	Xander Pero [US]	W	6	3
Masataka Hirano [JP]	Shuto Kogawa [JP]	W	9	4
Masataka Hirano [JP]	Damian Fernandez Urroz [AR]	W	12	5
Masataka Hirano [JP]	Raz Wolpe [IL]	L	12	6
Masataka Hirano [JP]	Tomu Mizutani [JP]	W	15	7
Masataka Hirano [JP]	Andrew Mahone [US]	T	16	8
Yerco Valencia [CL]	Yuta Sudo [JP]	W	3	1
Yerco Valencia [CL]	Thanthawat Chujitngamsuwong [TH]	W	6	2
Yerco Valencia [CL]	Christian Tuomi [FI]	W	9	3
Yerco Valencia [CL]	Pang Kai Hing [HK]	L	9	4
Yerco Valencia [CL]	Raz Wolpe [IL]	L	9	5
Yerco Valencia [CL]	Regan Retzloff [US]	W	12	6
Yerco Valencia [CL]	Xander Pero [US]	W	15	7
Yerco Valencia [CL]	shinnosuke sato [JP]	T	16	8
Jamie Frankland [UK]	Takuya Shomura [JP]	W	3	1
Jamie Frankland [UK]	Brent Tonisson [AU]	L	3	2
Jamie Frankland [UK]	LIN WEI-YU [TW]	T	4	3
Jamie Frankland [UK]	Fabrizio Inga Silva [PE]	W	7	4
Jamie Frankland [UK]	Brandon Salazar [US]	W	10	5
Jamie Frankland [UK]	Javier Chelmes [CL]	L	10	6
Jamie Frankland [UK]	Yuto Takeuchi [JP]	W	13	7
Jamie Frankland [UK]	Moeen Mungalee [ZA]	W	16	8
Andrew Mahone [US]	Magnus Pedersen [DK]	W	3	1
Andrew Mahone [US]	Aidan Khus [US]	W	6	2
Andrew Mahone [US]	Cameron Shenoy [US]	L	6	3
Andrew Mahone [US]	Tord Reklev [NO]	L	6	4
Andrew Mahone [US]	SHINJI MORI [JP]	W	9	5
Andrew Mahone [US]	Shiu Long Leon Chan [HK]	W	12	6
Andrew Mahone [US]	da Ashi [JP]	W	15	7
Andrew Mahone [US]	Masataka Hirano [JP]	T	16	8
Daichi Shimada [JP]	Caleb Gedemer [US]	W	3	1
Daichi Shimada [JP]	Alex Schemanske [US]	L	3	2
Daichi Shimada [JP]	Calvin Connor [US]	T	4	3
Daichi Shimada [JP]	Victor Manuel Garcia Montes [MX]	L	4	4
Daichi Shimada [JP]	Natalie Millar [AU]	W	7	5
Daichi Shimada [JP]	Jonatan Arellano [ES]	W	10	6
Daichi Shimada [JP]	Jory Koot [NL]	W	13	7
Daichi Shimada [JP]	Jonathan Fabrizio Bellucci Lanciano [AR]	W	16	8
Bastian Silva [CL]	Nachi Nezu [JP]	L	0	1
Bastian Silva [CL]	Magnus Pedersen [DK]	W	3	2
Bastian Silva [CL]	heddi Brahmi [FR]	L	3	3
Bastian Silva [CL]	NAMHYEOK KOO [KR]	W	6	4
Bastian Silva [CL]	Aaron Freetos Friedman [US]	W	9	5
Bastian Silva [CL]	Benedetta Todaro [IT]	T	10	6
Bastian Silva [CL]	Brandon Salazar [US]	W	13	7
Bastian Silva [CL]	Bryan de Vries [NL]	W	16	8
Miłosz Dyrlica [PL]	Yuta Nakayama [JP]	T	1	1
Miłosz Dyrlica [PL]	Akihiro Urata [JP]	L	1	2
Miłosz Dyrlica [PL]	CHEUK NAM PANG [HK]	W	4	3
Miłosz Dyrlica [PL]	Nathan Ginsburg [US]	W	7	4
Miłosz Dyrlica [PL]	Jonathan Fabrizio Bellucci Lanciano [AR]	L	7	5
Miłosz Dyrlica [PL]	Agustín Campo [AR]	W	10	6
Miłosz Dyrlica [PL]	Lee King Yeung [HK]	W	13	7
Miłosz Dyrlica [PL]	Trevore Read [CA]	W	16	8
Cameron Shenoy [US]	Yuto Takeuchi [JP]	W	3	1
Cameron Shenoy [US]	Shoichi Saito [AU]	W	6	2
Cameron Shenoy [US]	Andrew Mahone [US]	W	9	3
Cameron Shenoy [US]	Vance Kelley [US]	L	9	4
Cameron Shenoy [US]	SEJUN PARK [KR]	W	12	5
Cameron Shenoy [US]	Konsta Kallama [FI]	T	13	6
Cameron Shenoy [US]	Fabio Spanò [IT]	T	14	7
Cameron Shenoy [US]	Jack Moore [CA]	T	15	8
Fabio Spanò [IT]	Agustín Campo [AR]	W	3	1
Fabio Spanò [IT]	Yoshiki Kitae [JP]	W	6	2
Fabio Spanò [IT]	Shiu Long Leon Chan [HK]	W	9	3
Fabio Spanò [IT]	Azul Garcia Griego [US]	W	12	4
Fabio Spanò [IT]	Vance Kelley [US]	T	13	5
Fabio Spanò [IT]	Michael Pramawat [US]	L	13	6
Fabio Spanò [IT]	Cameron Shenoy [US]	T	14	7
Fabio Spanò [IT]	Akihiro Urata [JP]	T	15	8
Pedro Pertusi [BR]	Hiroki Nishida [JP]	W	3	1
Pedro Pertusi [BR]	Pedro Eugenio Torres [ES]	W	6	2
Pedro Pertusi [BR]	Dionsius Lee [SG]	T	7	3
Pedro Pertusi [BR]	Diego Cassiraga [AR]	T	8	4
Pedro Pertusi [BR]	Ghe Nawon [KR]	W	11	5
Pedro Pertusi [BR]	Matthew Burris [AU]	W	14	6
Pedro Pertusi [BR]	Victor Manuel Garcia Montes [MX]	L	14	7
Pedro Pertusi [BR]	Jon Eng [US]	T	15	8
Jon Eng [US]	Michael Pramawat [US]	T	1	1
Jon Eng [US]	KAITO KIMURA [JP]	W	4	2
Jon Eng [US]	Moeen Mungalee [ZA]	L	4	3
Jon Eng [US]	Nico Alabas [DE]	W	7	4
Jon Eng [US]	Stéphane Ivanoff [FR]	W	10	5
Jon Eng [US]	HUI YUAN HUANG [TW]	T	11	6
Jon Eng [US]	Mateusz Łaszkiewicz [PL]	W	14	7
Jon Eng [US]	Pedro Pertusi [BR]	T	15	8
Alex krekeler [US]	Sander Wojcik [NL]	W	3	1
Alex krekeler [US]	Konsta Kallama [FI]	L	3	2
Alex krekeler [US]	Aidan Khus [US]	W	6	3
Alex krekeler [US]	da Ashi [JP]	W	9	4
Alex krekeler [US]	Grant Hays [US]	W	12	5
Alex krekeler [US]	Bryan de Vries [NL]	W	15	6
Alex krekeler [US]	Azul Garcia Griego [US]	L	15	7
Alex krekeler [US]	Shoichi Saito [AU]	L	15	8
SEJUN PARK [KR]	Gabriel Smart [US]	W	3	1
SEJUN PARK [KR]	NAMHYEOK KOO [KR]	W	6	2
SEJUN PARK [KR]	Azul Garcia Griego [US]	L	6	3
SEJUN PARK [KR]	HANSEAM PARK [KR]	W	9	4
SEJUN PARK [KR]	Cameron Shenoy [US]	L	9	5
SEJUN PARK [KR]	Dyatmika Paramaanindya [ID]	W	12	6
SEJUN PARK [KR]	Isaiah Bradner [US]	W	15	7
SEJUN PARK [KR]	Cyrus Davis [CA]	L	15	8
Ciaran Farah [CA]	Yuta Mori [JP]	W	3	1
Ciaran Farah [CA]	Juan Andree [CL]	T	4	2
Ciaran Farah [CA]	YU SHIROKUMA [JP]	W	7	3
Ciaran Farah [CA]	Brent Tonisson [AU]	T	8	4
Ciaran Farah [CA]	AKIRA SATO [US]	L	8	5
Ciaran Farah [CA]	Matias Matricardi [AR]	T	9	6
Ciaran Farah [CA]	Magnus Pedersen [DK]	W	12	7
Ciaran Farah [CA]	William Azevedo [BR]	W	15	8
Shuto Kogawa [JP]	FABIEN Pujol [FR]	W	3	1
Shuto Kogawa [JP]	HUI YUAN HUANG [TW]	L	3	2
Shuto Kogawa [JP]	Thanakrit Krupanyamart [TH]	W	6	3
Shuto Kogawa [JP]	Masataka Hirano [JP]	L	6	4
Shuto Kogawa [JP]	Sen Caubergh [BE]	W	9	5
Shuto Kogawa [JP]	William Azevedo [BR]	W	12	6
Shuto Kogawa [JP]	Piotr Orleański [PL]	L	12	7
Shuto Kogawa [JP]	Riccardo Maganza [IT]	W	15	8
Jack Moore [CA]	Wai Lun Leung [HK]	W	3	1
Jack Moore [CA]	Krittamet Santivivattanapong [TH]	T	4	2
Jack Moore [CA]	Javier Chelmes [CL]	W	7	3
Jack Moore [CA]	Jory Koot [NL]	W	10	4
Jack Moore [CA]	Mateusz Łaszkiewicz [PL]	T	11	5
Jack Moore [CA]	AKIRA SATO [US]	L	11	6
Jack Moore [CA]	Carlos Medina Astete [PE]	W	14	7
Jack Moore [CA]	Cameron Shenoy [US]	T	15	8
Akihiro Urata [JP]	Ryuya Tamaki [JP]	T	1	1
Akihiro Urata [JP]	Miłosz Dyrlica [PL]	W	4	2
Akihiro Urata [JP]	Bolly Olufon [UK]	W	7	3
Akihiro Urata [JP]	SU CHIA-HSING [TW]	T	8	4
Akihiro Urata [JP]	Matthew Burris [AU]	L	8	5
Akihiro Urata [JP]	Krittamet Santivivattanapong [TH]	W	11	6
Akihiro Urata [JP]	KAITO KIMURA [JP]	W	14	7
Akihiro Urata [JP]	Fabio Spanò [IT]	T	15	8
Xander Pero [US]	Karl Peters [DE]	W	3	1
Xander Pero [US]	shinnosuke sato [JP]	L	3	2
Xander Pero [US]	Masataka Hirano [JP]	L	3	3
Xander Pero [US]	Caleb Gedemer [US]	W	6	4
Xander Pero [US]	Alex Hamilton [US]	W	9	5
Xander Pero [US]	Nitish Doolub [UK]	W	12	6
Xander Pero [US]	Yerco Valencia [CL]	L	12	7
Xander Pero [US]	Nachi Nezu [JP]	W	15	8
Tomu Mizutani [JP]	Jared Woitalla [US]	L	0	1
Tomu Mizutani [JP]	Mike Fouchet [US]	W	3	2
Tomu Mizutani [JP]	Nitish Doolub [UK]	W	6	3
Tomu Mizutani [JP]	heddi Brahmi [FR]	W	9	4
Tomu Mizutani [JP]	Shoichi Saito [AU]	L	9	5
Tomu Mizutani [JP]	Nachi Nezu [JP]	W	12	6
Tomu Mizutani [JP]	Masataka Hirano [JP]	L	12	7
Tomu Mizutani [JP]	Aaron Freetos Friedman [US]	W	15	8
NAMHYEOK KOO [KR]	Yoshiyuki Yamaguchi [JP]	W	3	1
NAMHYEOK KOO [KR]	SEJUN PARK [KR]	L	3	2
NAMHYEOK KOO [KR]	Gabor Van Meenen [DE]	L	3	3
NAMHYEOK KOO [KR]	Bastian Silva [CL]	L	3	4
NAMHYEOK KOO [KR]	Yoshiki Kitae [JP]	W	6	5
NAMHYEOK KOO [KR]	heddi Brahmi [FR]	W	9	6
NAMHYEOK KOO [KR]	Dalton Acchetta [BR]	W	12	7
NAMHYEOK KOO [KR]	Owyn Kamerman [NL]	W	15	8
Piotr Orleański [PL]	Brandon Salazar [US]	L	0	1
Piotr Orleański [PL]	Grant Shen [US]	W	3	2
Piotr Orleański [PL]	Thanthawat Chujitngamsuwong [TH]	W	6	3
Piotr Orleański [PL]	Ian Robb [US]	L	6	4
Piotr Orleański [PL]	Pablo Meza [MX]	W	9	5
Piotr Orleański [PL]	Grant Hays [US]	W	12	6
Piotr Orleański [PL]	Shuto Kogawa [JP]	W	15	7
Piotr Orleański [PL]	Pang Kai Hing [HK]	L	15	8
Gabor Van Meenen [DE]	Yau Wai Ho [HK]	W	3	1
Gabor Van Meenen [DE]	Dalton Acchetta [BR]	L	3	2
Gabor Van Meenen [DE]	NAMHYEOK KOO [KR]	W	6	3
Gabor Van Meenen [DE]	Cyrus Davis [CA]	L	6	4
Gabor Van Meenen [DE]	Benedetta Todaro [IT]	L	6	5
Gabor Van Meenen [DE]	HANSEAM PARK [KR]	W	9	6
Gabor Van Meenen [DE]	Alex Hamilton [US]	W	12	7
Gabor Van Meenen [DE]	Ian Robb [US]	W	15	8
Isaiah Bradner [US]	Aaron Freetos Friedman [US]	L	0	1
Isaiah Bradner [US]	Im sheng Chen [MY]	W	3	2
Isaiah Bradner [US]	Ian Robb [US]	L	3	3
Isaiah Bradner [US]	Rafli Attar Ricco [ID]	W	6	4
Isaiah Bradner [US]	heddi Brahmi [FR]	W	9	5
Isaiah Bradner [US]	Riccardo Maganza [IT]	W	12	6
Isaiah Bradner [US]	SEJUN PARK [KR]	L	12	7
Isaiah Bradner [US]	da Ashi [JP]	W	15	8
Yuta Mori [JP]	Ciaran Farah [CA]	L	0	1
Yuta Mori [JP]	Agustín Campo [AR]	L	0	2
Yuta Mori [JP]	KAZUKI KUMEGAWA [JP]	W	3	3
Yuta Mori [JP]	Thanthawat Chujitngamsuwong [TH]	W	6	4
Yuta Mori [JP]	Magnus Pedersen [DK]	L	6	5
Yuta Mori [JP]	Sen Caubergh [BE]	W	9	6
Yuta Mori [JP]	Shiu Long Leon Chan [HK]	W	12	7
Yuta Mori [JP]	Karl Peters [DE]	W	15	8
広明 磯野 [JP]	Krittamet Santivivattanapong [TH]	L	0	1
広明 磯野 [JP]	SHINJI MORI [JP]	L	0	2
広明 磯野 [JP]	Seunghyeok Lee [KR]	L	0	3
広明 磯野 [JP]	Wai Lun Leung [HK]	W	3	4
広明 磯野 [JP]	俊介 曽羽 [JP]	W	6	5
広明 磯野 [JP]	Anthony Bruno [US]	W	9	6
広明 磯野 [JP]	Regan Retzloff [US]	W	12	7
広明 磯野 [JP]	Luke Burke [UK]	W	15	8
SU CHIA-HSING [TW]	Masataka Hirano [JP]	W	3	1
SU CHIA-HSING [TW]	Dyatmika Paramaanindya [ID]	W	6	2
SU CHIA-HSING [TW]	shinnosuke sato [JP]	T	7	3
SU CHIA-HSING [TW]	Akihiro Urata [JP]	T	8	4
SU CHIA-HSING [TW]	Juan Andree [CL]	W	11	5
SU CHIA-HSING [TW]	Mateusz Łaszkiewicz [PL]	W	14	6
SU CHIA-HSING [TW]	Alex Schemanske [US]	L	14	7
SU CHIA-HSING [TW]	Karel Maertens [BE]	L	14	8
YU SHIROKUMA [JP]	Javier Chelmes [CL]	T	1	1
YU SHIROKUMA [JP]	Lucas Matheus [BR]	W	4	2
YU SHIROKUMA [JP]	Ciaran Farah [CA]	L	4	3
YU SHIROKUMA [JP]	Brennan Kamerman [NL]	T	5	4
YU SHIROKUMA [JP]	Yuta Nakayama [JP]	W	8	5
YU SHIROKUMA [JP]	Jeremy Evans [AU]	W	11	6
YU SHIROKUMA [JP]	Diego Cassiraga [AR]	W	14	7
YU SHIROKUMA [JP]	HUI YUAN HUANG [TW]	L	14	8
Matthew Burris [AU]	Henry Brand [AU]	W	3	1
Matthew Burris [AU]	Grant Hays [US]	W	6	2
Matthew Burris [AU]	Karel Maertens [BE]	T	7	3
Matthew Burris [AU]	shinnosuke sato [JP]	T	8	4
Matthew Burris [AU]	Akihiro Urata [JP]	W	11	5
Matthew Burris [AU]	Pedro Pertusi [BR]	L	11	6
Matthew Burris [AU]	Ghe Nawon [KR]	L	11	7
Matthew Burris [AU]	Carlos Medina Astete [PE]	W	14	8
Javier Chelmes [CL]	YU SHIROKUMA [JP]	T	1	1
Javier Chelmes [CL]	Andrew Hedrick [US]	W	4	2
Javier Chelmes [CL]	Jack Moore [CA]	L	4	3
Javier Chelmes [CL]	TAICHI SAITO [JP]	W	7	4
Javier Chelmes [CL]	Taisei Kato [JP]	W	10	5
Javier Chelmes [CL]	Jamie Frankland [UK]	W	13	6
Javier Chelmes [CL]	AKIRA SATO [US]	L	13	7
Javier Chelmes [CL]	Sander Wojcik [NL]	T	14	8
Mateusz Łaszkiewicz [PL]	Lucas Matheus [BR]	T	1	1
Mateusz Łaszkiewicz [PL]	Lucas Thiele [US]	W	4	2
Mateusz Łaszkiewicz [PL]	Owyn Kamerman [NL]	W	7	3
Mateusz Łaszkiewicz [PL]	Taisei Kato [JP]	W	10	4
Mateusz Łaszkiewicz [PL]	Jack Moore [CA]	T	11	5
Mateusz Łaszkiewicz [PL]	SU CHIA-HSING [TW]	L	11	6
Mateusz Łaszkiewicz [PL]	Jon Eng [US]	L	11	7
Mateusz Łaszkiewicz [PL]	Calvin Connor [US]	W	14	8
Ghe Nawon [KR]	Michael Dellenbach [CH]	W	3	1
Ghe Nawon [KR]	Christian Tuomi [FI]	T	4	2
Ghe Nawon [KR]	Shinya Kumagai [JP]	T	5	3
Ghe Nawon [KR]	Jonah Alter [ZA]	W	8	4
Ghe Nawon [KR]	Pedro Pertusi [BR]	L	8	5
Ghe Nawon [KR]	Brennan Kamerman [NL]	W	11	6
Ghe Nawon [KR]	Matthew Burris [AU]	W	14	7
Ghe Nawon [KR]	Brent Tonisson [AU]	L	14	8
Jeremy Evans [AU]	Lee King Yeung [HK]	T	1	1
Jeremy Evans [AU]	SHOTA TAKAGI [JP]	W	4	2
Jeremy Evans [AU]	Krittamet Santivivattanapong [TH]	T	5	3
Jeremy Evans [AU]	Yuta Nakayama [JP]	W	8	4
Jeremy Evans [AU]	Brent Tonisson [AU]	L	8	5
Jeremy Evans [AU]	YU SHIROKUMA [JP]	L	8	6
Jeremy Evans [AU]	Brennan Kamerman [NL]	W	11	7
Jeremy Evans [AU]	Christian Graziano [IT]	W	14	8
Nicholas Moffitt [US]	Ryoto Kobayashi [JP]	T	1	1
Nicholas Moffitt [US]	Lee King Yeung [HK]	T	2	2
Nicholas Moffitt [US]	Pablo Meza [MX]	W	5	3
Nicholas Moffitt [US]	Krittamet Santivivattanapong [TH]	W	8	4
Nicholas Moffitt [US]	shinnosuke sato [JP]	L	8	5
Nicholas Moffitt [US]	Jonah Alter [ZA]	W	11	6
Nicholas Moffitt [US]	Karel Maertens [BE]	L	11	7
Nicholas Moffitt [US]	Yoshiyuki Yamaguchi [JP]	W	14	8
Lucas Matheus [BR]	Mateusz Łaszkiewicz [PL]	T	1	1
Lucas Matheus [BR]	YU SHIROKUMA [JP]	L	1	2
Lucas Matheus [BR]	Jonathan Fabrizio Bellucci Lanciano [AR]	L	1	3
Lucas Matheus [BR]	Gabriel Smart [US]	W	4	4
Lucas Matheus [BR]	Bolly Olufon [UK]	W	7	5
Lucas Matheus [BR]	Aidan Khus [US]	W	10	6
Lucas Matheus [BR]	Fabrizio Inga Silva [PE]	T	11	7
Lucas Matheus [BR]	Andrew Hedrick [US]	W	14	8
Fabrizio Inga Silva [PE]	Diego Cassiraga [AR]	T	1	1
Fabrizio Inga Silva [PE]	Shinya Kumagai [JP]	L	1	2
Fabrizio Inga Silva [PE]	Lucas Thiele [US]	W	4	3
Fabrizio Inga Silva [PE]	Jamie Frankland [UK]	L	4	4
Fabrizio Inga Silva [PE]	Tim Franklin [AU]	W	7	5
Fabrizio Inga Silva [PE]	Takuya Shomura [JP]	W	10	6
Fabrizio Inga Silva [PE]	Lucas Matheus [BR]	T	11	7
Fabrizio Inga Silva [PE]	Stéphane Ivanoff [FR]	W	14	8
KAITO KIMURA [JP]	Pipatphoom Rattanakaianan [TH]	T	1	1
KAITO KIMURA [JP]	Jon Eng [US]	L	1	2
KAITO KIMURA [JP]	Ryoto Kobayashi [JP]	W	4	3
KAITO KIMURA [JP]	Natalie Millar [AU]	W	7	4
KAITO KIMURA [JP]	Calvin Connor [US]	W	10	5
KAITO KIMURA [JP]	Andrew Hedrick [US]	T	11	6
KAITO KIMURA [JP]	Akihiro Urata [JP]	L	11	7
KAITO KIMURA [JP]	Juan Andree [CL]	W	14	8
Sander Wojcik [NL]	Alex krekeler [US]	L	0	1
Sander Wojcik [NL]	Nathan Stratford [US]	W	3	2
Sander Wojcik [NL]	Ayato Fudetani [JP]	W	6	3
Sander Wojcik [NL]	Simon Luong [CA]	L	6	4
Sander Wojcik [NL]	Aidan Khus [US]	T	7	5
Sander Wojcik [NL]	Stéphane Ivanoff [FR]	W	10	6
Sander Wojcik [NL]	Matias Matricardi [AR]	W	13	7
Sander Wojcik [NL]	Javier Chelmes [CL]	T	14	8
Bryan de Vries [NL]	Tord Reklev [NO]	W	3	1
Bryan de Vries [NL]	Christian LaBella [CA]	W	6	2
Bryan de Vries [NL]	Matias Matricardi [AR]	W	9	3
Bryan de Vries [NL]	Juan Andree [CL]	T	10	4
Bryan de Vries [NL]	Pang Kai Hing [HK]	W	13	5
Bryan de Vries [NL]	Alex krekeler [US]	L	13	6
Bryan de Vries [NL]	Dionsius Lee [SG]	L	13	7
Bryan de Vries [NL]	Bastian Silva [CL]	L	13	8
Jonathan Fabrizio Bellucci Lanciano [AR]	Shinya Kumagai [JP]	T	1	1
Jonathan Fabrizio Bellucci Lanciano [AR]	Jory Koot [NL]	L	1	2
Jonathan Fabrizio Bellucci Lanciano [AR]	Lucas Matheus [BR]	W	4	3
Jonathan Fabrizio Bellucci Lanciano [AR]	Yusuke Yamazaki [JP]	W	7	4
Jonathan Fabrizio Bellucci Lanciano [AR]	Miłosz Dyrlica [PL]	W	10	5
Jonathan Fabrizio Bellucci Lanciano [AR]	Damian Fernandez Urroz [AR]	W	13	6
Jonathan Fabrizio Bellucci Lanciano [AR]	Konsta Kallama [FI]	L	13	7
Jonathan Fabrizio Bellucci Lanciano [AR]	Daichi Shimada [JP]	L	13	8
Moeen Mungalee [ZA]	阿比野 友之 [JP]	W	3	1
Moeen Mungalee [ZA]	Yusuke Yamazaki [JP]	T	4	2
Moeen Mungalee [ZA]	Jon Eng [US]	W	7	3
Moeen Mungalee [ZA]	HUI YUAN HUANG [TW]	L	7	4
Moeen Mungalee [ZA]	Victor Manuel Garcia Montes [MX]	L	7	5
Moeen Mungalee [ZA]	gustavo wada [BR]	W	10	6
Moeen Mungalee [ZA]	Damian Fernandez Urroz [AR]	W	13	7
Moeen Mungalee [ZA]	Jamie Frankland [UK]	L	13	8
Dyatmika Paramaanindya [ID]	Luke Burke [UK]	W	3	1
Dyatmika Paramaanindya [ID]	SU CHIA-HSING [TW]	L	3	2
Dyatmika Paramaanindya [ID]	Yoshiyuki Yamaguchi [JP]	W	6	3
Dyatmika Paramaanindya [ID]	Alex Hamilton [US]	W	9	4
Dyatmika Paramaanindya [ID]	Tord Reklev [NO]	L	9	5
Dyatmika Paramaanindya [ID]	SEJUN PARK [KR]	L	9	6
Dyatmika Paramaanindya [ID]	Thanakrit Krupanyamart [TH]	T	10	7
Dyatmika Paramaanindya [ID]	Matias Matricardi [AR]	W	13	8
Jory Koot [NL]	TAICHI SAITO [JP]	T	1	1
Jory Koot [NL]	Jonathan Fabrizio Bellucci Lanciano [AR]	W	4	2
Jory Koot [NL]	Stéphane Ivanoff [FR]	W	7	3
Jory Koot [NL]	Jack Moore [CA]	L	7	4
Jory Koot [NL]	Christian Graziano [IT]	L	7	5
Jory Koot [NL]	Seunghyeok Lee [KR]	W	10	6
Jory Koot [NL]	Daichi Shimada [JP]	L	10	7
Jory Koot [NL]	Benedetta Todaro [IT]	W	13	8
Trevore Read [CA]	Karel Maertens [BE]	L	0	1
Trevore Read [CA]	Simone Canziani [IT]	W	3	2
Trevore Read [CA]	Jonatan Arellano [ES]	W	6	3
Trevore Read [CA]	Raz Wolpe [IL]	L	6	4
Trevore Read [CA]	Seunghyeok Lee [KR]	T	7	5
Trevore Read [CA]	Yusuke Yamazaki [JP]	W	10	6
Trevore Read [CA]	Jared Woitalla [US]	W	13	7
Trevore Read [CA]	Miłosz Dyrlica [PL]	L	13	8
Tim Franklin [AU]	Christian Graziano [IT]	W	3	1
Tim Franklin [AU]	Matias Matricardi [AR]	L	3	2
Tim Franklin [AU]	Cyrus Davis [CA]	L	3	3
Tim Franklin [AU]	Takuya Shomura [JP]	T	4	4
Tim Franklin [AU]	Fabrizio Inga Silva [PE]	L	4	5
Tim Franklin [AU]	Yoann Barszezak [FR]	W	7	6
Tim Franklin [AU]	TAICHI SAITO [JP]	W	10	7
Tim Franklin [AU]	Julius Brunfeldt [FI]	W	13	8
Owyn Kamerman [NL]	Nico Alabas [DE]	T	1	1
Owyn Kamerman [NL]	Julius Brunfeldt [FI]	W	4	2
Owyn Kamerman [NL]	Mateusz Łaszkiewicz [PL]	L	4	3
Owyn Kamerman [NL]	Christian Tuomi [FI]	W	7	4
Owyn Kamerman [NL]	Carlos Medina Astete [PE]	L	7	5
Owyn Kamerman [NL]	Taisei Kato [JP]	W	10	6
Owyn Kamerman [NL]	Benedetta Todaro [IT]	W	13	7
Owyn Kamerman [NL]	NAMHYEOK KOO [KR]	L	13	8
Julian Luvara [AU]	Julius Brunfeldt [FI]	T	1	1
Julian Luvara [AU]	Carlos Medina Astete [PE]	L	1	2
Julian Luvara [AU]	SHOTA TAKAGI [JP]	W	4	3
Julian Luvara [AU]	gustavo wada [BR]	W	7	4
Julian Luvara [AU]	Andrew Hedrick [US]	L	7	5
Julian Luvara [AU]	Yuto Takeuchi [JP]	L	7	6
Julian Luvara [AU]	Ryuya Tamaki [JP]	W	10	7
Julian Luvara [AU]	Jared Woitalla [US]	W	13	8
FABIEN Pujol [FR]	Shuto Kogawa [JP]	L	0	1
FABIEN Pujol [FR]	Alex Hamilton [US]	L	0	2
FABIEN Pujol [FR]	Wai Lun Leung [HK]	W	3	3
FABIEN Pujol [FR]	William Azevedo [BR]	L	3	4
FABIEN Pujol [FR]	Rafli Attar Ricco [ID]	W	6	5
FABIEN Pujol [FR]	Rahul Reddy [US]	W	9	6
FABIEN Pujol [FR]	Jonah Alter [ZA]	T	10	7
FABIEN Pujol [FR]	Christian Tuomi [FI]	W	13	8
Ian Robb [US]	Raz Wolpe [IL]	W	3	1
Ian Robb [US]	AKIRA SATO [US]	L	3	2
Ian Robb [US]	Isaiah Bradner [US]	W	6	3
Ian Robb [US]	Piotr Orleański [PL]	W	9	4
Ian Robb [US]	Shiu Long Leon Chan [HK]	W	12	5
Ian Robb [US]	Azul Garcia Griego [US]	L	12	6
Ian Robb [US]	Pang Kai Hing [HK]	L	12	7
Ian Robb [US]	Gabor Van Meenen [DE]	L	12	8
Nachi Nezu [JP]	Bastian Silva [CL]	W	3	1
Nachi Nezu [JP]	Simon Luong [CA]	W	6	2
Nachi Nezu [JP]	Pang Kai Hing [HK]	L	6	3
Nachi Nezu [JP]	Dalton Acchetta [BR]	W	9	4
Nachi Nezu [JP]	Cyrus Davis [CA]	L	9	5
Nachi Nezu [JP]	Tomu Mizutani [JP]	L	9	6
Nachi Nezu [JP]	Grant Hays [US]	W	12	7
Nachi Nezu [JP]	Xander Pero [US]	L	12	8
Aaron Freetos Friedman [US]	Isaiah Bradner [US]	W	3	1
Aaron Freetos Friedman [US]	Azul Garcia Griego [US]	L	3	2
Aaron Freetos Friedman [US]	Simon Luong [CA]	L	3	3
Aaron Freetos Friedman [US]	Rahul Reddy [US]	W	6	4
Aaron Freetos Friedman [US]	Bastian Silva [CL]	L	6	5
Aaron Freetos Friedman [US]	Mike Fouchet [US]	W	9	6
Aaron Freetos Friedman [US]	Murilo Mercadante [BR]	W	12	7
Aaron Freetos Friedman [US]	Tomu Mizutani [JP]	L	12	8
da Ashi [JP]	gustavo wada [BR]	W	3	1
da Ashi [JP]	Pang Kai Hing [HK]	L	3	2
da Ashi [JP]	Anthony Bruno [US]	W	6	3
da Ashi [JP]	Alex krekeler [US]	L	6	4
da Ashi [JP]	Ittetsu Suzuki [JP]	W	9	5
da Ashi [JP]	Magnus Pedersen [DK]	W	12	6
da Ashi [JP]	Andrew Mahone [US]	L	12	7
da Ashi [JP]	Isaiah Bradner [US]	L	12	8
Karl Peters [DE]	Xander Pero [US]	L	0	1
Karl Peters [DE]	Michael Dellenbach [CH]	W	3	2
Karl Peters [DE]	Sen Caubergh [BE]	W	6	3
Karl Peters [DE]	Shiu Long Leon Chan [HK]	L	6	4
Karl Peters [DE]	Hiroki Nishida [JP]	W	9	5
Karl Peters [DE]	Simon Luong [CA]	W	12	6
Karl Peters [DE]	Cyrus Davis [CA]	L	12	7
Karl Peters [DE]	Yuta Mori [JP]	L	12	8
Magnus Pedersen [DK]	Andrew Mahone [US]	L	0	1
Magnus Pedersen [DK]	Bastian Silva [CL]	L	0	2
Magnus Pedersen [DK]	Gabriel Smart [US]	W	3	3
Magnus Pedersen [DK]	LIN DE CHIAO [TW]	W	6	4
Magnus Pedersen [DK]	Yuta Mori [JP]	W	9	5
Magnus Pedersen [DK]	da Ashi [JP]	L	9	6
Magnus Pedersen [DK]	Ciaran Farah [CA]	L	9	7
Magnus Pedersen [DK]	Ittetsu Suzuki [JP]	W	12	8
Regan Retzloff [US]	Pang Kai Hing [HK]	L	0	1
Regan Retzloff [US]	Yoshiyuki Yamaguchi [JP]	L	0	2
Regan Retzloff [US]	阿比野 友之 [JP]	W	3	3
Regan Retzloff [US]	Christian LaBella [CA]	W	6	4
Regan Retzloff [US]	HANSEAM PARK [KR]	W	9	5
Regan Retzloff [US]	Yerco Valencia [CL]	L	9	6
Regan Retzloff [US]	広明 磯野 [JP]	L	9	7
Regan Retzloff [US]	Shiu Long Leon Chan [HK]	W	12	8
Riccardo Maganza [IT]	Nathan Stratford [US]	W	3	1
Riccardo Maganza [IT]	Shiu Long Leon Chan [HK]	L	3	2
Riccardo Maganza [IT]	Caleb Gedemer [US]	W	6	3
Riccardo Maganza [IT]	Konsta Kallama [FI]	L	6	4
Riccardo Maganza [IT]	YU TANG CHIU [TW]	W	9	5
Riccardo Maganza [IT]	Isaiah Bradner [US]	L	9	6
Riccardo Maganza [IT]	Nitish Doolub [UK]	W	12	7
Riccardo Maganza [IT]	Shuto Kogawa [JP]	L	12	8
Luke Burke [UK]	Dyatmika Paramaanindya [ID]	L	0	1
Luke Burke [UK]	Rahul Reddy [US]	W	3	2
Luke Burke [UK]	Christian Graziano [IT]	T	4	3
Luke Burke [UK]	Pedro Eugenio Torres [ES]	T	5	4
Luke Burke [UK]	Sam Chen [US]	W	8	5
Luke Burke [UK]	Lee King Yeung [HK]	T	9	6
Luke Burke [UK]	Pablo Meza [MX]	W	12	7
Luke Burke [UK]	広明 磯野 [JP]	L	12	8
William Azevedo [BR]	Nathan Ginsburg [US]	L	0	1
William Azevedo [BR]	Mads Jensen [DK]	L	0	2
William Azevedo [BR]	Grant Manley [US]	W	3	3
William Azevedo [BR]	FABIEN Pujol [FR]	W	6	4
William Azevedo [BR]	Anthony Bruno [US]	W	9	5
William Azevedo [BR]	Shuto Kogawa [JP]	L	9	6
William Azevedo [BR]	Simon Luong [CA]	W	12	7
William Azevedo [BR]	Ciaran Farah [CA]	L	12	8
Murilo Mercadante [BR]	YU TANG CHIU [TW]	L	0	1
Murilo Mercadante [BR]	Tord Reklev [NO]	L	0	2
Murilo Mercadante [BR]	Francesco Pasquale Caterino [IT]	W	3	3
Murilo Mercadante [BR]	Seunghyeok Lee [KR]	L	3	4
Murilo Mercadante [BR]	Connor Finton [US]	W	6	5
Murilo Mercadante [BR]	Hiroki Nishida [JP]	W	9	6
Murilo Mercadante [BR]	Aaron Freetos Friedman [US]	L	9	7
Murilo Mercadante [BR]	Lee King Yeung [HK]	W	12	8
Grant Manley [US]	Konsta Kallama [FI]	L	0	1
Grant Manley [US]	Benedetta Todaro [IT]	L	0	2
Grant Manley [US]	William Azevedo [BR]	L	0	3
Grant Manley [US]	KAZUKI KUMEGAWA [JP]	W	3	4
Grant Manley [US]	Christian LaBella [CA]	W	6	5
Grant Manley [US]	Thanakrit Krupanyamart [TH]	L	6	6
Grant Manley [US]	Sam Chen [US]	W	9	7
Grant Manley [US]	Alex Hamilton [US]	W	12	8
Mike Fouchet [US]	Thanthawat Chujitngamsuwong [TH]	L	0	1
Mike Fouchet [US]	Tomu Mizutani [JP]	L	0	2
Mike Fouchet [US]	Rahul Reddy [US]	L	0	3
Mike Fouchet [US]	Im sheng Chen [MY]	W	3	4
Mike Fouchet [US]	Mads Jensen [DK]	W	6	5
Mike Fouchet [US]	Aaron Freetos Friedman [US]	L	6	6
Mike Fouchet [US]	SHINJI MORI [JP]	W	9	7
Mike Fouchet [US]	Yuta Nakayama [JP]	W	12	8
Carlos Medina Astete [PE]	Sam Chen [US]	T	1	1
Carlos Medina Astete [PE]	Julian Luvara [AU]	W	4	2
Carlos Medina Astete [PE]	Michael Pramawat [US]	L	4	3
Carlos Medina Astete [PE]	Yuto Kondo [JP]	W	7	4
Carlos Medina Astete [PE]	Owyn Kamerman [NL]	W	10	5
Carlos Medina Astete [PE]	Christian Graziano [IT]	T	11	6
Carlos Medina Astete [PE]	Jack Moore [CA]	L	11	7
Carlos Medina Astete [PE]	Matthew Burris [AU]	L	11	8
Christian Graziano [IT]	Tim Franklin [AU]	L	0	1
Christian Graziano [IT]	Yoann Barszezak [FR]	W	3	2
Christian Graziano [IT]	Luke Burke [UK]	T	4	3
Christian Graziano [IT]	LIN WEI-YU [TW]	W	7	4
Christian Graziano [IT]	Jory Koot [NL]	W	10	5
Christian Graziano [IT]	Carlos Medina Astete [PE]	T	11	6
Christian Graziano [IT]	Brent Tonisson [AU]	L	11	7
Christian Graziano [IT]	Jeremy Evans [AU]	L	11	8
Andrew Hedrick [US]	Jonah Alter [ZA]	T	1	1
Andrew Hedrick [US]	Javier Chelmes [CL]	L	1	2
Andrew Hedrick [US]	Pipatphoom Rattanakaianan [TH]	W	4	3
Andrew Hedrick [US]	Yau Wai Ho [HK]	W	7	4
Andrew Hedrick [US]	Julian Luvara [AU]	W	10	5
Andrew Hedrick [US]	KAITO KIMURA [JP]	T	11	6
Andrew Hedrick [US]	HUI YUAN HUANG [TW]	L	11	7
Andrew Hedrick [US]	Lucas Matheus [BR]	L	11	8
Juan Andree [CL]	Rahul Reddy [US]	W	3	1
Juan Andree [CL]	Ciaran Farah [CA]	T	4	2
Juan Andree [CL]	Yusuke Yamazaki [JP]	W	7	3
Juan Andree [CL]	Bryan de Vries [NL]	T	8	4
Juan Andree [CL]	SU CHIA-HSING [TW]	L	8	5
Juan Andree [CL]	Diego Cassiraga [AR]	L	8	6
Juan Andree [CL]	Krittamet Santivivattanapong [TH]	W	11	7
Juan Andree [CL]	KAITO KIMURA [JP]	L	11	8
Thanakrit Krupanyamart [TH]	Simone Canziani [IT]	W	3	1
Thanakrit Krupanyamart [TH]	Vance Kelley [US]	L	3	2
Thanakrit Krupanyamart [TH]	Shuto Kogawa [JP]	L	3	3
Thanakrit Krupanyamart [TH]	Benedetta Todaro [IT]	L	3	4
Thanakrit Krupanyamart [TH]	Caleb Gedemer [US]	W	6	5
Thanakrit Krupanyamart [TH]	Grant Manley [US]	W	9	6
Thanakrit Krupanyamart [TH]	Dyatmika Paramaanindya [ID]	T	10	7
Thanakrit Krupanyamart [TH]	SHOTA TAKAGI [JP]	T	11	8
Calvin Connor [US]	HUI YUAN HUANG [TW]	L	0	1
Calvin Connor [US]	Gabriel Smart [US]	W	3	2
Calvin Connor [US]	Daichi Shimada [JP]	T	4	3
Calvin Connor [US]	Bolly Olufon [UK]	W	7	4
Calvin Connor [US]	KAITO KIMURA [JP]	L	7	5
Calvin Connor [US]	Yoshiyuki Yamaguchi [JP]	T	8	6
Calvin Connor [US]	Ryoto Kobayashi [JP]	W	11	7
Calvin Connor [US]	Mateusz Łaszkiewicz [PL]	L	11	8
Brennan Kamerman [NL]	Bolly Olufon [UK]	T	1	1
Brennan Kamerman [NL]	TAICHI SAITO [JP]	W	4	2
Brennan Kamerman [NL]	Diego Cassiraga [AR]	L	4	3
Brennan Kamerman [NL]	YU SHIROKUMA [JP]	T	5	4
Brennan Kamerman [NL]	Pedro Eugenio Torres [ES]	W	8	5
Brennan Kamerman [NL]	Ghe Nawon [KR]	L	8	6
Brennan Kamerman [NL]	Jeremy Evans [AU]	L	8	7
Brennan Kamerman [NL]	Krittamet Santivivattanapong [TH]	W	11	8
Yoshiyuki Yamaguchi [JP]	NAMHYEOK KOO [KR]	L	0	1
Yoshiyuki Yamaguchi [JP]	Regan Retzloff [US]	W	3	2
Yoshiyuki Yamaguchi [JP]	Dyatmika Paramaanindya [ID]	L	3	3
Yoshiyuki Yamaguchi [JP]	Jonatan Arellano [ES]	T	4	4
Yoshiyuki Yamaguchi [JP]	Nathan Ginsburg [US]	W	7	5
Yoshiyuki Yamaguchi [JP]	Calvin Connor [US]	T	8	6
Yoshiyuki Yamaguchi [JP]	Shinya Kumagai [JP]	W	11	7
Yoshiyuki Yamaguchi [JP]	Nicholas Moffitt [US]	L	11	8
Michael Dellenbach [CH]	Ghe Nawon [KR]	L	0	1
Michael Dellenbach [CH]	Karl Peters [DE]	L	0	2
Michael Dellenbach [CH]	Yuta Sudo [JP]	W	3	3
Michael Dellenbach [CH]	Yuto Takeuchi [JP]	T	4	4
Michael Dellenbach [CH]	TAICHI SAITO [JP]	L	4	5
Michael Dellenbach [CH]	Bolly Olufon [UK]	W	7	6
Michael Dellenbach [CH]	Yusuke Yamazaki [JP]	T	8	7
Michael Dellenbach [CH]	Ryoto Kobayashi [JP]	W	11	8
SHOTA TAKAGI [JP]	Joshua Doctolero [PH]	T	1	1
SHOTA TAKAGI [JP]	Jeremy Evans [AU]	L	1	2
SHOTA TAKAGI [JP]	Julian Luvara [AU]	L	1	3
SHOTA TAKAGI [JP]	Vincent Marcus Munk [DK]	W	4	4
SHOTA TAKAGI [JP]	Jonatan Arellano [ES]	L	4	5
SHOTA TAKAGI [JP]	Nathan Stratford [US]	W	7	6
SHOTA TAKAGI [JP]	Takuya Shomura [JP]	W	10	7
SHOTA TAKAGI [JP]	Thanakrit Krupanyamart [TH]	T	11	8
Diego Cassiraga [AR]	Fabrizio Inga Silva [PE]	T	1	1
Diego Cassiraga [AR]	Joshua Doctolero [PH]	W	4	2
Diego Cassiraga [AR]	Brennan Kamerman [NL]	W	7	3
Diego Cassiraga [AR]	Pedro Pertusi [BR]	T	8	4
Diego Cassiraga [AR]	Karel Maertens [BE]	L	8	5
Diego Cassiraga [AR]	Juan Andree [CL]	W	11	6
Diego Cassiraga [AR]	YU SHIROKUMA [JP]	L	11	7
Jared Woitalla [US]	Tomu Mizutani [JP]	W	3	1
Jared Woitalla [US]	Natalie Millar [AU]	W	6	2
Jared Woitalla [US]	Dalton Acchetta [BR]	W	9	3
Jared Woitalla [US]	Damian Fernandez Urroz [AR]	T	10	4
Jared Woitalla [US]	Michael Pramawat [US]	L	10	5
Jared Woitalla [US]	Victor Manuel Garcia Montes [MX]	L	10	6
Jared Woitalla [US]	Trevore Read [CA]	L	10	7
Jared Woitalla [US]	Julian Luvara [AU]	L	10	8
Benedetta Todaro [IT]	Aidan Khus [US]	L	0	1
Benedetta Todaro [IT]	Grant Manley [US]	W	3	2
Benedetta Todaro [IT]	Raz Wolpe [IL]	L	3	3
Benedetta Todaro [IT]	Thanakrit Krupanyamart [TH]	W	6	4
Benedetta Todaro [IT]	Gabor Van Meenen [DE]	W	9	5
Benedetta Todaro [IT]	Bastian Silva [CL]	T	10	6
Benedetta Todaro [IT]	Owyn Kamerman [NL]	L	10	7
Benedetta Todaro [IT]	Jory Koot [NL]	L	10	8
Matias Matricardi [AR]	Connor Finton [US]	W	3	1
Matias Matricardi [AR]	Tim Franklin [AU]	W	6	2
Matias Matricardi [AR]	Bryan de Vries [NL]	L	6	3
Matias Matricardi [AR]	Ittetsu Suzuki [JP]	W	9	4
Matias Matricardi [AR]	Konsta Kallama [FI]	L	9	5
Matias Matricardi [AR]	Ciaran Farah [CA]	T	10	6
Matias Matricardi [AR]	Sander Wojcik [NL]	L	10	7
Matias Matricardi [AR]	Dyatmika Paramaanindya [ID]	L	10	8
Simon Luong [CA]	Francesco Pasquale Caterino [IT]	W	3	1
Simon Luong [CA]	Nachi Nezu [JP]	L	3	2
Simon Luong [CA]	Aaron Freetos Friedman [US]	W	6	3
Simon Luong [CA]	Sander Wojcik [NL]	W	9	4
Simon Luong [CA]	Azul Garcia Griego [US]	L	9	5
Simon Luong [CA]	Karl Peters [DE]	L	9	6
Simon Luong [CA]	William Azevedo [BR]	L	9	7
Simon Luong [CA]	HANSEAM PARK [KR]	T	10	8
Grant Hays [US]	Cyrus Davis [CA]	W	3	1
Grant Hays [US]	Matthew Burris [AU]	L	3	2
Grant Hays [US]	Mads Jensen [DK]	W	6	3
Grant Hays [US]	SHINJI MORI [JP]	W	9	4
Grant Hays [US]	Alex krekeler [US]	L	9	5
Grant Hays [US]	Piotr Orleański [PL]	L	9	6
Grant Hays [US]	Nachi Nezu [JP]	L	9	7
Grant Hays [US]	Yusuke Yamazaki [JP]	T	10	8
TAICHI SAITO [JP]	Jory Koot [NL]	T	1	1
TAICHI SAITO [JP]	Brennan Kamerman [NL]	L	1	2
TAICHI SAITO [JP]	Ryuya Tamaki [JP]	W	4	3
TAICHI SAITO [JP]	Javier Chelmes [CL]	L	4	4
TAICHI SAITO [JP]	Michael Dellenbach [CH]	W	7	5
TAICHI SAITO [JP]	Brandon Salazar [US]	L	7	6
TAICHI SAITO [JP]	Tim Franklin [AU]	L	7	7
TAICHI SAITO [JP]	Shinya Kumagai [JP]	W	10	8
Christian Tuomi [FI]	Yoann Barszezak [FR]	W	3	1
Christian Tuomi [FI]	Ghe Nawon [KR]	T	4	2
Christian Tuomi [FI]	Yerco Valencia [CL]	L	4	3
Christian Tuomi [FI]	Owyn Kamerman [NL]	L	4	4
Christian Tuomi [FI]	Yusuke Yamazaki [JP]	L	4	5
Christian Tuomi [FI]	Nathan Ginsburg [US]	W	7	6
Christian Tuomi [FI]	Seunghyeok Lee [KR]	W	10	7
Christian Tuomi [FI]	FABIEN Pujol [FR]	L	10	8
Jonah Alter [ZA]	Andrew Hedrick [US]	T	1	1
Jonah Alter [ZA]	Ryuya Tamaki [JP]	W	4	2
Jonah Alter [ZA]	Yuta Nakayama [JP]	T	5	3
Jonah Alter [ZA]	Ghe Nawon [KR]	L	5	4
Jonah Alter [ZA]	Ryoto Kobayashi [JP]	W	8	5
Jonah Alter [ZA]	Nicholas Moffitt [US]	L	8	6
Jonah Alter [ZA]	FABIEN Pujol [FR]	T	9	7
Jonah Alter [ZA]	Hiroki Nishida [JP]	T	10	8
Julius Brunfeldt [FI]	Julian Luvara [AU]	T	1	1
Julius Brunfeldt [FI]	Owyn Kamerman [NL]	L	1	2
Julius Brunfeldt [FI]	gustavo wada [BR]	L	1	3
Julius Brunfeldt [FI]	Fabio Battistella [IT]	W	4	4
Julius Brunfeldt [FI]	Yuto Takeuchi [JP]	L	4	5
Julius Brunfeldt [FI]	Vincent Marcus Munk [DK]	W	7	6
Julius Brunfeldt [FI]	Jonatan Arellano [ES]	W	10	7
Julius Brunfeldt [FI]	Tim Franklin [AU]	L	10	8
Stéphane Ivanoff [FR]	Lucas Thiele [US]	T	1	1
Stéphane Ivanoff [FR]	Pipatphoom Rattanakaianan [TH]	W	4	2
Stéphane Ivanoff [FR]	Jory Koot [NL]	L	4	3
Stéphane Ivanoff [FR]	Agustín Campo [AR]	W	7	4
Stéphane Ivanoff [FR]	Jon Eng [US]	L	7	5
Stéphane Ivanoff [FR]	Sander Wojcik [NL]	L	7	6
Stéphane Ivanoff [FR]	阿比野 友之 [JP]	W	10	7
Stéphane Ivanoff [FR]	Fabrizio Inga Silva [PE]	L	10	8
Hiroki Nishida [JP]	Pedro Pertusi [BR]	L	0	1
Hiroki Nishida [JP]	Ittetsu Suzuki [JP]	L	0	2
Hiroki Nishida [JP]	Simone Canziani [IT]	W	3	3
Hiroki Nishida [JP]	Lasse Puisto [FI]	W	6	4
Hiroki Nishida [JP]	Karl Peters [DE]	L	6	5
Hiroki Nishida [JP]	Murilo Mercadante [BR]	L	6	6
Hiroki Nishida [JP]	Anthony Bruno [US]	W	9	7
Hiroki Nishida [JP]	Jonah Alter [ZA]	T	10	8
HANSEAM PARK [KR]	Natalie Millar [AU]	L	0	1
HANSEAM PARK [KR]	Henry Brand [AU]	W	3	2
HANSEAM PARK [KR]	Lasse Puisto [FI]	W	6	3
HANSEAM PARK [KR]	SEJUN PARK [KR]	L	6	4
HANSEAM PARK [KR]	Regan Retzloff [US]	L	6	5
HANSEAM PARK [KR]	Gabor Van Meenen [DE]	L	6	6
HANSEAM PARK [KR]	Caleb Gedemer [US]	W	9	7
HANSEAM PARK [KR]	Simon Luong [CA]	T	10	8
Fabio Battistella [IT]	Nitish Doolub [UK]	L	0	1
Fabio Battistella [IT]	Victor Manuel Garcia Montes [MX]	T	1	2
Fabio Battistella [IT]	Nico Alabas [DE]	L	1	3
Fabio Battistella [IT]	Julius Brunfeldt [FI]	L	1	4
Fabio Battistella [IT]	Yoann Barszezak [FR]	L	1	5
Fabio Battistella [IT]	Yuta Sudo [JP]	W	4	6
Fabio Battistella [IT]	Nathan Stratford [US]	W	7	7
Fabio Battistella [IT]	Ayato Fudetani [JP]	W	10	8
Yoann Barszezak [FR]	Christian Tuomi [FI]	L	0	1
Yoann Barszezak [FR]	Christian Graziano [IT]	L	0	2
Yoann Barszezak [FR]	Nathan Stratford [US]	T	1	3
Yoann Barszezak [FR]	Ryuya Tamaki [JP]	L	1	4
Yoann Barszezak [FR]	Fabio Battistella [IT]	W	4	5
Yoann Barszezak [FR]	Tim Franklin [AU]	L	4	6
Yoann Barszezak [FR]	Pipatphoom Rattanakaianan [TH]	W	7	7
Yoann Barszezak [FR]	Takuya Shomura [JP]	W	10	8
Vincent Marcus Munk [DK]	Rafli Attar Ricco [ID]	L	0	1
Vincent Marcus Munk [DK]	Alessandro Cremascoli [IT]	T	1	2
Vincent Marcus Munk [DK]	Yuto Kondo [JP]	L	1	3
Vincent Marcus Munk [DK]	SHOTA TAKAGI [JP]	L	1	4
Vincent Marcus Munk [DK]	Pipatphoom Rattanakaianan [TH]	W	4	5
Vincent Marcus Munk [DK]	Julius Brunfeldt [FI]	L	4	6
Vincent Marcus Munk [DK]	Yoshiki Kitae [JP]	W	7	7
Vincent Marcus Munk [DK]	Bolly Olufon [UK]	W	10	8
Brandon Salazar [US]	Piotr Orleański [PL]	W	3	1
Brandon Salazar [US]	Nathan Ginsburg [US]	W	6	2
Brandon Salazar [US]	Alex Schemanske [US]	T	7	3
Brandon Salazar [US]	Michael Pramawat [US]	L	7	4
Brandon Salazar [US]	Jamie Frankland [UK]	L	7	5
Brandon Salazar [US]	TAICHI SAITO [JP]	W	10	6
Brandon Salazar [US]	Bastian Silva [CL]	L	10	7
Yuto Takeuchi [JP]	Cameron Shenoy [US]	L	0	1
Yuto Takeuchi [JP]	Seunghyeok Lee [KR]	W	3	2
Yuto Takeuchi [JP]	Shoichi Saito [AU]	L	3	3
Yuto Takeuchi [JP]	Michael Dellenbach [CH]	T	4	4
Yuto Takeuchi [JP]	Julius Brunfeldt [FI]	W	7	5
Yuto Takeuchi [JP]	Julian Luvara [AU]	W	10	6
Yuto Takeuchi [JP]	Jamie Frankland [UK]	L	10	7
Damian Fernandez Urroz [AR]	Anthony Bruno [US]	W	3	1
Damian Fernandez Urroz [AR]	heddi Brahmi [FR]	W	6	2
Damian Fernandez Urroz [AR]	YU TANG CHIU [TW]	W	9	3
Damian Fernandez Urroz [AR]	Jared Woitalla [US]	T	10	4
Damian Fernandez Urroz [AR]	Masataka Hirano [JP]	L	10	5
Damian Fernandez Urroz [AR]	Jonathan Fabrizio Bellucci Lanciano [AR]	L	10	6
Damian Fernandez Urroz [AR]	Moeen Mungalee [ZA]	L	10	7
Lee King Yeung [HK]	Jeremy Evans [AU]	T	1	1
Lee King Yeung [HK]	Nicholas Moffitt [US]	T	2	2
Lee King Yeung [HK]	Sam Chen [US]	W	5	3
Lee King Yeung [HK]	Shinya Kumagai [JP]	W	8	4
Lee King Yeung [HK]	Alex Schemanske [US]	L	8	5
Lee King Yeung [HK]	Luke Burke [UK]	T	9	6
Lee King Yeung [HK]	Miłosz Dyrlica [PL]	L	9	7
Lee King Yeung [HK]	Murilo Mercadante [BR]	L	9	8
Shiu Long Leon Chan [HK]	KAZUKI KUMEGAWA [JP]	W	3	1
Shiu Long Leon Chan [HK]	Riccardo Maganza [IT]	W	6	2
Shiu Long Leon Chan [HK]	Fabio Spanò [IT]	L	6	3
Shiu Long Leon Chan [HK]	Karl Peters [DE]	W	9	4
Shiu Long Leon Chan [HK]	Ian Robb [US]	L	9	5
Shiu Long Leon Chan [HK]	Andrew Mahone [US]	L	9	6
Shiu Long Leon Chan [HK]	Yuta Mori [JP]	L	9	7
Shiu Long Leon Chan [HK]	Regan Retzloff [US]	L	9	8
Yuta Nakayama [JP]	Miłosz Dyrlica [PL]	T	1	1
Yuta Nakayama [JP]	CHEUK NAM PANG [HK]	W	4	2
Yuta Nakayama [JP]	Jonah Alter [ZA]	T	5	3
Yuta Nakayama [JP]	Jeremy Evans [AU]	L	5	4
Yuta Nakayama [JP]	YU SHIROKUMA [JP]	L	5	5
Yuta Nakayama [JP]	Sam Chen [US]	T	6	6
Yuta Nakayama [JP]	Lucas Thiele [US]	W	9	7
Yuta Nakayama [JP]	Mike Fouchet [US]	L	9	8
Yusuke Yamazaki [JP]	Jonatan Arellano [ES]	W	3	1
Yusuke Yamazaki [JP]	Moeen Mungalee [ZA]	T	4	2
Yusuke Yamazaki [JP]	Juan Andree [CL]	L	4	3
Yusuke Yamazaki [JP]	Jonathan Fabrizio Bellucci Lanciano [AR]	L	4	4
Yusuke Yamazaki [JP]	Christian Tuomi [FI]	W	7	5
Yusuke Yamazaki [JP]	Trevore Read [CA]	L	7	6
Yusuke Yamazaki [JP]	Michael Dellenbach [CH]	T	8	7
Yusuke Yamazaki [JP]	Grant Hays [US]	T	9	8
heddi Brahmi [FR]	Akari Yamamoto [JP]	W	3	1
heddi Brahmi [FR]	Damian Fernandez Urroz [AR]	L	3	2
heddi Brahmi [FR]	Bastian Silva [CL]	W	6	3
heddi Brahmi [FR]	Tomu Mizutani [JP]	L	6	4
heddi Brahmi [FR]	Isaiah Bradner [US]	L	6	5
heddi Brahmi [FR]	NAMHYEOK KOO [KR]	L	6	6
heddi Brahmi [FR]	Ayato Fudetani [JP]	L	6	7
heddi Brahmi [FR]	Anthony Bruno [US]	W	9	8
Alex Hamilton [US]	Lasse Puisto [FI]	L	0	1
Alex Hamilton [US]	FABIEN Pujol [FR]	W	3	2
Alex Hamilton [US]	Christian LaBella [CA]	W	6	3
Alex Hamilton [US]	Dyatmika Paramaanindya [ID]	L	6	4
Alex Hamilton [US]	Xander Pero [US]	L	6	5
Alex Hamilton [US]	SHINJI MORI [JP]	W	9	6
Alex Hamilton [US]	Gabor Van Meenen [DE]	L	9	7
Alex Hamilton [US]	Grant Manley [US]	L	9	8
Caleb Gedemer [US]	Daichi Shimada [JP]	L	0	1
Caleb Gedemer [US]	KAZUKI KUMEGAWA [JP]	W	3	2
Caleb Gedemer [US]	Riccardo Maganza [IT]	L	3	3
Caleb Gedemer [US]	Xander Pero [US]	L	3	4
Caleb Gedemer [US]	Thanakrit Krupanyamart [TH]	L	3	5
Caleb Gedemer [US]	俊介 曽羽 [JP]	W	6	6
Caleb Gedemer [US]	HANSEAM PARK [KR]	L	6	7
Caleb Gedemer [US]	阿比野 友之 [JP]	W	9	8
Sam Chen [US]	Carlos Medina Astete [PE]	T	1	1
Sam Chen [US]	Ryoto Kobayashi [JP]	T	2	2
Sam Chen [US]	Lee King Yeung [HK]	L	2	3
Sam Chen [US]	Alessandro Cremascoli [IT]	W	5	4
Sam Chen [US]	Luke Burke [UK]	L	5	5
Sam Chen [US]	Yuta Nakayama [JP]	T	6	6
Sam Chen [US]	Grant Manley [US]	L	6	7
Sam Chen [US]	Lucas Thiele [US]	W	9	8
Ittetsu Suzuki [JP]	Christian LaBella [CA]	L	0	1
Ittetsu Suzuki [JP]	Hiroki Nishida [JP]	W	3	2
Ittetsu Suzuki [JP]	Takuya Shomura [JP]	W	6	3
Ittetsu Suzuki [JP]	Matias Matricardi [AR]	L	6	4
Ittetsu Suzuki [JP]	da Ashi [JP]	L	6	5
Ittetsu Suzuki [JP]	Pablo Meza [MX]	L	6	6
Ittetsu Suzuki [JP]	Thanthawat Chujitngamsuwong [TH]	W	9	7
Ittetsu Suzuki [JP]	Magnus Pedersen [DK]	L	9	8
Pablo Meza [MX]	Azul Garcia Griego [US]	L	0	1
Pablo Meza [MX]	Yuta Sudo [JP]	W	3	2
Pablo Meza [MX]	Nicholas Moffitt [US]	L	3	3
Pablo Meza [MX]	Connor Finton [US]	W	6	4
Pablo Meza [MX]	Piotr Orleański [PL]	L	6	5
Pablo Meza [MX]	Ittetsu Suzuki [JP]	W	9	6
Pablo Meza [MX]	Luke Burke [UK]	L	9	7
Dalton Acchetta [BR]	SHINJI MORI [JP]	W	3	1
Dalton Acchetta [BR]	Gabor Van Meenen [DE]	W	6	2
Dalton Acchetta [BR]	Jared Woitalla [US]	L	6	3
Dalton Acchetta [BR]	Nachi Nezu [JP]	L	6	4
Dalton Acchetta [BR]	Nitish Doolub [UK]	L	6	5
Dalton Acchetta [BR]	Thanthawat Chujitngamsuwong [TH]	W	9	6
Dalton Acchetta [BR]	NAMHYEOK KOO [KR]	L	9	7
Nitish Doolub [UK]	Fabio Battistella [IT]	W	3	1
Nitish Doolub [UK]	YU TANG CHIU [TW]	L	3	2
Nitish Doolub [UK]	Tomu Mizutani [JP]	L	3	3
Nitish Doolub [UK]	Mads Jensen [DK]	W	6	4
Nitish Doolub [UK]	Dalton Acchetta [BR]	W	9	5
Nitish Doolub [UK]	Xander Pero [US]	L	9	6
Nitish Doolub [UK]	Riccardo Maganza [IT]	L	9	7
Krittamet Santivivattanapong [TH]	広明 磯野 [JP]	W	3	1
Krittamet Santivivattanapong [TH]	Jack Moore [CA]	T	4	2
Krittamet Santivivattanapong [TH]	Jeremy Evans [AU]	T	5	3
Krittamet Santivivattanapong [TH]	Nicholas Moffitt [US]	L	5	4
Krittamet Santivivattanapong [TH]	Shinya Kumagai [JP]	W	8	5
Krittamet Santivivattanapong [TH]	Akihiro Urata [JP]	L	8	6
Krittamet Santivivattanapong [TH]	Juan Andree [CL]	L	8	7
Krittamet Santivivattanapong [TH]	Brennan Kamerman [NL]	L	8	8
Seunghyeok Lee [KR]	Brent Tonisson [AU]	L	0	1
Seunghyeok Lee [KR]	Yuto Takeuchi [JP]	L	0	2
Seunghyeok Lee [KR]	広明 磯野 [JP]	W	3	3
Seunghyeok Lee [KR]	Murilo Mercadante [BR]	W	6	4
Seunghyeok Lee [KR]	Trevore Read [CA]	T	7	5
Seunghyeok Lee [KR]	Jory Koot [NL]	L	7	6
Seunghyeok Lee [KR]	Christian Tuomi [FI]	L	7	7
Seunghyeok Lee [KR]	Ryuya Tamaki [JP]	T	8	8
Shinya Kumagai [JP]	Jonathan Fabrizio Bellucci Lanciano [AR]	T	1	1
Shinya Kumagai [JP]	Fabrizio Inga Silva [PE]	W	4	2
Shinya Kumagai [JP]	Ghe Nawon [KR]	T	5	3
Shinya Kumagai [JP]	Lee King Yeung [HK]	L	5	4
Shinya Kumagai [JP]	Krittamet Santivivattanapong [TH]	L	5	5
Shinya Kumagai [JP]	Yuto Kondo [JP]	W	8	6
Shinya Kumagai [JP]	Yoshiyuki Yamaguchi [JP]	L	8	7
Shinya Kumagai [JP]	TAICHI SAITO [JP]	L	8	8
Ryoto Kobayashi [JP]	Nicholas Moffitt [US]	T	1	1
Ryoto Kobayashi [JP]	Sam Chen [US]	T	2	2
Ryoto Kobayashi [JP]	KAITO KIMURA [JP]	L	2	3
Ryoto Kobayashi [JP]	Pipatphoom Rattanakaianan [TH]	W	5	4
Ryoto Kobayashi [JP]	Jonah Alter [ZA]	L	5	5
Ryoto Kobayashi [JP]	Simone Canziani [IT]	W	8	6
Ryoto Kobayashi [JP]	Calvin Connor [US]	L	8	7
Ryoto Kobayashi [JP]	Michael Dellenbach [CH]	L	8	8
Ryuya Tamaki [JP]	Akihiro Urata [JP]	T	1	1
Ryuya Tamaki [JP]	Jonah Alter [ZA]	L	1	2
Ryuya Tamaki [JP]	TAICHI SAITO [JP]	L	1	3
Ryuya Tamaki [JP]	Yoann Barszezak [FR]	W	4	4
Ryuya Tamaki [JP]	Takuya Shomura [JP]	L	4	5
Ryuya Tamaki [JP]	Ayato Fudetani [JP]	W	7	6
Ryuya Tamaki [JP]	Julian Luvara [AU]	L	7	7
Ryuya Tamaki [JP]	Seunghyeok Lee [KR]	T	8	8
Hajime Miyagi [JP]	Yoshiki Kitae [JP]	L	0	1
Hajime Miyagi [JP]	Anthony Bruno [US]	L	0	2
Hajime Miyagi [JP]	Grant Shen [US]	T	1	3
Hajime Miyagi [JP]	Lucas Thiele [US]	T	2	4
Hajime Miyagi [JP]	Thanthawat Chujitngamsuwong [TH]	L	2	5
Hajime Miyagi [JP]	Pipatphoom Rattanakaianan [TH]	L	2	6
Hajime Miyagi [JP]	Im sheng Chen [MY]	W	5	7
Hajime Miyagi [JP]	SHINJI MORI [JP]	W	8	8
Bolly Olufon [UK]	Brennan Kamerman [NL]	T	1	1
Bolly Olufon [UK]	Nico Alabas [DE]	W	4	2
Bolly Olufon [UK]	Akihiro Urata [JP]	L	4	3
Bolly Olufon [UK]	Calvin Connor [US]	L	4	4
Bolly Olufon [UK]	Lucas Matheus [BR]	L	4	5
Bolly Olufon [UK]	Michael Dellenbach [CH]	L	4	6
Bolly Olufon [UK]	Nathan Ginsburg [US]	W	7	7
Bolly Olufon [UK]	Vincent Marcus Munk [DK]	L	7	8
Takuya Shomura [JP]	Jamie Frankland [UK]	L	0	1
Takuya Shomura [JP]	Yau Wai Ho [HK]	W	3	2
Takuya Shomura [JP]	Ittetsu Suzuki [JP]	L	3	3
Takuya Shomura [JP]	Tim Franklin [AU]	T	4	4
Takuya Shomura [JP]	Ryuya Tamaki [JP]	W	7	5
Takuya Shomura [JP]	Fabrizio Inga Silva [PE]	L	7	6
Takuya Shomura [JP]	SHOTA TAKAGI [JP]	L	7	7
Takuya Shomura [JP]	Yoann Barszezak [FR]	L	7	8
Pipatphoom Rattanakaianan [TH]	KAITO KIMURA [JP]	T	1	1
Pipatphoom Rattanakaianan [TH]	Stéphane Ivanoff [FR]	L	1	2
Pipatphoom Rattanakaianan [TH]	Andrew Hedrick [US]	L	1	3
Pipatphoom Rattanakaianan [TH]	Ryoto Kobayashi [JP]	L	1	4
Pipatphoom Rattanakaianan [TH]	Vincent Marcus Munk [DK]	L	1	5
Pipatphoom Rattanakaianan [TH]	Hajime Miyagi [JP]	W	4	6
Pipatphoom Rattanakaianan [TH]	Yoann Barszezak [FR]	L	4	7
Pipatphoom Rattanakaianan [TH]	Nathan Ginsburg [US]	W	7	8
Ayato Fudetani [JP]	LIN WEI-YU [TW]	W	3	1
Ayato Fudetani [JP]	Taisei Kato [JP]	L	3	2
Ayato Fudetani [JP]	Sander Wojcik [NL]	L	3	3
Ayato Fudetani [JP]	Anthony Bruno [US]	L	3	4
Ayato Fudetani [JP]	Lucas Thiele [US]	T	4	5
Ayato Fudetani [JP]	Ryuya Tamaki [JP]	L	4	6
Ayato Fudetani [JP]	heddi Brahmi [FR]	W	7	7
Ayato Fudetani [JP]	Fabio Battistella [IT]	L	7	8
Jonatan Arellano [ES]	Yusuke Yamazaki [JP]	L	0	1
Jonatan Arellano [ES]	Wai Lun Leung [HK]	W	3	2
Jonatan Arellano [ES]	Trevore Read [CA]	L	3	3
Jonatan Arellano [ES]	Yoshiyuki Yamaguchi [JP]	T	4	4
Jonatan Arellano [ES]	SHOTA TAKAGI [JP]	W	7	5
Jonatan Arellano [ES]	Daichi Shimada [JP]	L	7	6
Jonatan Arellano [ES]	Julius Brunfeldt [FI]	L	7	7
Aidan Khus [US]	Benedetta Todaro [IT]	W	3	1
Aidan Khus [US]	Andrew Mahone [US]	L	3	2
Aidan Khus [US]	Alex krekeler [US]	L	3	3
Aidan Khus [US]	Yoshiki Kitae [JP]	W	6	4
Aidan Khus [US]	Sander Wojcik [NL]	T	7	5
Aidan Khus [US]	Lucas Matheus [BR]	L	7	6
Taisei Kato [JP]	Grant Shen [US]	W	3	1
Taisei Kato [JP]	Ayato Fudetani [JP]	W	6	2
Taisei Kato [JP]	HUI YUAN HUANG [TW]	T	7	3
Taisei Kato [JP]	Mateusz Łaszkiewicz [PL]	L	7	4
Taisei Kato [JP]	Javier Chelmes [CL]	L	7	5
Taisei Kato [JP]	Owyn Kamerman [NL]	L	7	6
Agustín Campo [AR]	Fabio Spanò [IT]	L	0	1
Agustín Campo [AR]	Yuta Mori [JP]	W	3	2
Agustín Campo [AR]	Natalie Millar [AU]	T	4	3
Agustín Campo [AR]	Stéphane Ivanoff [FR]	L	4	4
Agustín Campo [AR]	Grant Shen [US]	W	7	5
Agustín Campo [AR]	Miłosz Dyrlica [PL]	L	7	6
gustavo wada [BR]	da Ashi [JP]	L	0	1
gustavo wada [BR]	LIN DE CHIAO [TW]	T	1	2
gustavo wada [BR]	Julius Brunfeldt [FI]	W	4	3
gustavo wada [BR]	Julian Luvara [AU]	L	4	4
gustavo wada [BR]	CHEUK NAM PANG [HK]	W	7	5
gustavo wada [BR]	Moeen Mungalee [ZA]	L	7	6
Yoshiki Kitae [JP]	Hajime Miyagi [JP]	W	3	1
Yoshiki Kitae [JP]	Fabio Spanò [IT]	L	3	2
Yoshiki Kitae [JP]	Tord Reklev [NO]	L	3	3
Yoshiki Kitae [JP]	Aidan Khus [US]	L	3	4
Yoshiki Kitae [JP]	NAMHYEOK KOO [KR]	L	3	5
Yoshiki Kitae [JP]	Lucas Thiele [US]	L	3	6
Yoshiki Kitae [JP]	Vincent Marcus Munk [DK]	L	3	7
Yoshiki Kitae [JP]	BYE	W	6	8
SHINJI MORI [JP]	Dalton Acchetta [BR]	L	0	1
SHINJI MORI [JP]	広明 磯野 [JP]	W	3	2
SHINJI MORI [JP]	Rafli Attar Ricco [ID]	W	6	3
SHINJI MORI [JP]	Grant Hays [US]	L	6	4
SHINJI MORI [JP]	Andrew Mahone [US]	L	6	5
SHINJI MORI [JP]	Alex Hamilton [US]	L	6	6
SHINJI MORI [JP]	Mike Fouchet [US]	L	6	7
SHINJI MORI [JP]	Hajime Miyagi [JP]	L	6	8
Anthony Bruno [US]	Damian Fernandez Urroz [AR]	L	0	1
Anthony Bruno [US]	Hajime Miyagi [JP]	W	3	2
Anthony Bruno [US]	da Ashi [JP]	L	3	3
Anthony Bruno [US]	Ayato Fudetani [JP]	W	6	4
Anthony Bruno [US]	William Azevedo [BR]	L	6	5
Anthony Bruno [US]	広明 磯野 [JP]	L	6	6
Anthony Bruno [US]	Hiroki Nishida [JP]	L	6	7
Anthony Bruno [US]	heddi Brahmi [FR]	L	6	8
Lucas Thiele [US]	Stéphane Ivanoff [FR]	T	1	1
Lucas Thiele [US]	Mateusz Łaszkiewicz [PL]	L	1	2
Lucas Thiele [US]	Fabrizio Inga Silva [PE]	L	1	3
Lucas Thiele [US]	Hajime Miyagi [JP]	T	2	4
Lucas Thiele [US]	Ayato Fudetani [JP]	T	3	5
Lucas Thiele [US]	Yoshiki Kitae [JP]	W	6	6
Lucas Thiele [US]	Yuta Nakayama [JP]	L	6	7
Lucas Thiele [US]	Sam Chen [US]	L	6	8
阿比野 友之 [JP]	Moeen Mungalee [ZA]	L	0	1
阿比野 友之 [JP]	Raz Wolpe [IL]	L	0	2
阿比野 友之 [JP]	Regan Retzloff [US]	L	0	3
阿比野 友之 [JP]	Francesco Pasquale Caterino [IT]	W	3	4
阿比野 友之 [JP]	Rahul Reddy [US]	L	3	5
阿比野 友之 [JP]	Rafli Attar Ricco [ID]	W	6	6
阿比野 友之 [JP]	Stéphane Ivanoff [FR]	L	6	7
阿比野 友之 [JP]	Caleb Gedemer [US]	L	6	8
Im sheng Chen [MY]	AKIRA SATO [US]	L	0	1
Im sheng Chen [MY]	Isaiah Bradner [US]	L	0	2
Im sheng Chen [MY]	Yau Wai Ho [HK]	L	0	3
Im sheng Chen [MY]	Mike Fouchet [US]	L	0	4
Im sheng Chen [MY]	Nathan Stratford [US]	L	0	5
Im sheng Chen [MY]	BYE	W	3	6
Im sheng Chen [MY]	Hajime Miyagi [JP]	L	3	7
Im sheng Chen [MY]	Yuta Sudo [JP]	W	6	8
Thanthawat Chujitngamsuwong [TH]	Mike Fouchet [US]	W	3	1
Thanthawat Chujitngamsuwong [TH]	Yerco Valencia [CL]	L	3	2
Thanthawat Chujitngamsuwong [TH]	Piotr Orleański [PL]	L	3	3
Thanthawat Chujitngamsuwong [TH]	Yuta Mori [JP]	L	3	4
Thanthawat Chujitngamsuwong [TH]	Hajime Miyagi [JP]	W	6	5
Thanthawat Chujitngamsuwong [TH]	Dalton Acchetta [BR]	L	6	6
Thanthawat Chujitngamsuwong [TH]	Ittetsu Suzuki [JP]	L	6	7
Sen Caubergh [BE]	Dionsius Lee [SG]	L	0	1
Sen Caubergh [BE]	Francesco Pasquale Caterino [IT]	W	3	2
Sen Caubergh [BE]	Karl Peters [DE]	L	3	3
Sen Caubergh [BE]	俊介 曽羽 [JP]	W	6	4
Sen Caubergh [BE]	Shuto Kogawa [JP]	L	6	5
Sen Caubergh [BE]	Yuta Mori [JP]	L	6	6
Rahul Reddy [US]	Juan Andree [CL]	L	0	1
Rahul Reddy [US]	Luke Burke [UK]	L	0	2
Rahul Reddy [US]	Mike Fouchet [US]	W	3	3
Rahul Reddy [US]	Aaron Freetos Friedman [US]	L	3	4
Rahul Reddy [US]	阿比野 友之 [JP]	W	6	5
Rahul Reddy [US]	FABIEN Pujol [FR]	L	6	6
Simone Canziani [IT]	Thanakrit Krupanyamart [TH]	L	0	1
Simone Canziani [IT]	Trevore Read [CA]	L	0	2
Simone Canziani [IT]	Hiroki Nishida [JP]	L	0	3
Simone Canziani [IT]	Yuta Sudo [JP]	W	3	4
Simone Canziani [IT]	Lasse Puisto [FI]	W	6	5
Simone Canziani [IT]	Ryoto Kobayashi [JP]	L	6	6
YU TANG CHIU [TW]	Murilo Mercadante [BR]	W	3	1
YU TANG CHIU [TW]	Nitish Doolub [UK]	W	6	2
YU TANG CHIU [TW]	Damian Fernandez Urroz [AR]	L	6	3
YU TANG CHIU [TW]	Shoichi Saito [AU]	L	6	4
YU TANG CHIU [TW]	Riccardo Maganza [IT]	L	6	5
Yuto Kondo [JP]	CHEUK NAM PANG [HK]	T	1	1
Yuto Kondo [JP]	Michael Pramawat [US]	L	1	2
Yuto Kondo [JP]	Vincent Marcus Munk [DK]	W	4	3
Yuto Kondo [JP]	Carlos Medina Astete [PE]	L	4	4
Yuto Kondo [JP]	Nico Alabas [DE]	T	5	5
Yuto Kondo [JP]	Shinya Kumagai [JP]	L	5	6
Pedro Eugenio Torres [ES]	Alessandro Cremascoli [IT]	W	3	1
Pedro Eugenio Torres [ES]	Pedro Pertusi [BR]	L	3	2
Pedro Eugenio Torres [ES]	Nathan Ginsburg [US]	T	4	3
Pedro Eugenio Torres [ES]	Luke Burke [UK]	T	5	4
Pedro Eugenio Torres [ES]	Brennan Kamerman [NL]	L	5	5
Nico Alabas [DE]	Owyn Kamerman [NL]	T	1	1
Nico Alabas [DE]	Bolly Olufon [UK]	L	1	2
Nico Alabas [DE]	Fabio Battistella [IT]	W	4	3
Nico Alabas [DE]	Jon Eng [US]	L	4	4
Nico Alabas [DE]	Yuto Kondo [JP]	T	5	5
Nathan Ginsburg [US]	William Azevedo [BR]	W	3	1
Nathan Ginsburg [US]	Brandon Salazar [US]	L	3	2
Nathan Ginsburg [US]	Pedro Eugenio Torres [ES]	T	4	3
Nathan Ginsburg [US]	Miłosz Dyrlica [PL]	L	4	4
Nathan Ginsburg [US]	Yoshiyuki Yamaguchi [JP]	L	4	5
Nathan Ginsburg [US]	Christian Tuomi [FI]	L	4	6
Nathan Ginsburg [US]	Bolly Olufon [UK]	L	4	7
Nathan Ginsburg [US]	Pipatphoom Rattanakaianan [TH]	L	4	8
Nathan Stratford [US]	Riccardo Maganza [IT]	L	0	1
Nathan Stratford [US]	Sander Wojcik [NL]	L	0	2
Nathan Stratford [US]	Yoann Barszezak [FR]	T	1	3
Nathan Stratford [US]	CHEUK NAM PANG [HK]	L	1	4
Nathan Stratford [US]	Im sheng Chen [MY]	W	4	5
Nathan Stratford [US]	SHOTA TAKAGI [JP]	L	4	6
Nathan Stratford [US]	Fabio Battistella [IT]	L	4	7
Natalie Millar [AU]	HANSEAM PARK [KR]	W	3	1
Natalie Millar [AU]	Jared Woitalla [US]	L	3	2
Natalie Millar [AU]	Agustín Campo [AR]	T	4	3
Natalie Millar [AU]	KAITO KIMURA [JP]	L	4	4
Natalie Millar [AU]	Daichi Shimada [JP]	L	4	5
Grant Shen [US]	Taisei Kato [JP]	L	0	1
Grant Shen [US]	Piotr Orleański [PL]	L	0	2
Grant Shen [US]	Hajime Miyagi [JP]	T	1	3
Grant Shen [US]	Joshua Doctolero [PH]	W	4	4
Grant Shen [US]	Agustín Campo [AR]	L	4	5
CHEUK NAM PANG [HK]	Yuto Kondo [JP]	T	1	1
CHEUK NAM PANG [HK]	Yuta Nakayama [JP]	L	1	2
CHEUK NAM PANG [HK]	Miłosz Dyrlica [PL]	L	1	3
CHEUK NAM PANG [HK]	Nathan Stratford [US]	W	4	4
CHEUK NAM PANG [HK]	gustavo wada [BR]	L	4	5
LIN WEI-YU [TW]	Ayato Fudetani [JP]	L	0	1
LIN WEI-YU [TW]	俊介 曽羽 [JP]	W	3	2
LIN WEI-YU [TW]	Jamie Frankland [UK]	T	4	3
LIN WEI-YU [TW]	Christian Graziano [IT]	L	4	4
Yuta Sudo [JP]	Yerco Valencia [CL]	L	0	1
Yuta Sudo [JP]	Pablo Meza [MX]	L	0	2
Yuta Sudo [JP]	Michael Dellenbach [CH]	L	0	3
Yuta Sudo [JP]	Simone Canziani [IT]	L	0	4
Yuta Sudo [JP]	Gabriel Smart [US]	L	0	5
Yuta Sudo [JP]	Fabio Battistella [IT]	L	0	6
Yuta Sudo [JP]	BYE	W	3	7
Yuta Sudo [JP]	Im sheng Chen [MY]	L	3	8
Rafli Attar Ricco [ID]	Vincent Marcus Munk [DK]	W	3	1
Rafli Attar Ricco [ID]	Karel Maertens [BE]	L	3	2
Rafli Attar Ricco [ID]	SHINJI MORI [JP]	L	3	3
Rafli Attar Ricco [ID]	Isaiah Bradner [US]	L	3	4
Rafli Attar Ricco [ID]	FABIEN Pujol [FR]	L	3	5
Rafli Attar Ricco [ID]	阿比野 友之 [JP]	L	3	6
俊介 曽羽 [JP]	Alex Schemanske [US]	L	0	1
俊介 曽羽 [JP]	LIN WEI-YU [TW]	L	0	2
俊介 曽羽 [JP]	Henry Brand [AU]	W	3	3
俊介 曽羽 [JP]	Sen Caubergh [BE]	L	3	4
俊介 曽羽 [JP]	広明 磯野 [JP]	L	3	5
俊介 曽羽 [JP]	Caleb Gedemer [US]	L	3	6
Mads Jensen [DK]	Vance Kelley [US]	L	0	1
Mads Jensen [DK]	William Azevedo [BR]	W	3	2
Mads Jensen [DK]	Grant Hays [US]	L	3	3
Mads Jensen [DK]	Nitish Doolub [UK]	L	3	4
Mads Jensen [DK]	Mike Fouchet [US]	L	3	5
Christian LaBella [CA]	Ittetsu Suzuki [JP]	W	3	1
Christian LaBella [CA]	Bryan de Vries [NL]	L	3	2
Christian LaBella [CA]	Alex Hamilton [US]	L	3	3
Christian LaBella [CA]	Regan Retzloff [US]	L	3	4
Christian LaBella [CA]	Grant Manley [US]	L	3	5
Lasse Puisto [FI]	Alex Hamilton [US]	W	3	1
Lasse Puisto [FI]	Dionsius Lee [SG]	L	3	2
Lasse Puisto [FI]	HANSEAM PARK [KR]	L	3	3
Lasse Puisto [FI]	Hiroki Nishida [JP]	L	3	4
Lasse Puisto [FI]	Simone Canziani [IT]	L	3	5
Connor Finton [US]	Matias Matricardi [AR]	L	0	1
Connor Finton [US]	Cyrus Davis [CA]	L	0	2
Connor Finton [US]	Akari Yamamoto [JP]	W	3	3
Connor Finton [US]	Pablo Meza [MX]	L	3	4
Connor Finton [US]	Murilo Mercadante [BR]	L	3	5
Gabriel Smart [US]	SEJUN PARK [KR]	L	0	1
Gabriel Smart [US]	Calvin Connor [US]	L	0	2
Gabriel Smart [US]	Magnus Pedersen [DK]	L	0	3
Gabriel Smart [US]	Lucas Matheus [BR]	L	0	4
Gabriel Smart [US]	Yuta Sudo [JP]	W	3	5
Yau Wai Ho [HK]	Gabor Van Meenen [DE]	L	0	1
Yau Wai Ho [HK]	Takuya Shomura [JP]	L	0	2
Yau Wai Ho [HK]	Im sheng Chen [MY]	W	3	3
Yau Wai Ho [HK]	Andrew Hedrick [US]	L	3	4
LIN DE CHIAO [TW]	Shoichi Saito [AU]	L	0	1
LIN DE CHIAO [TW]	gustavo wada [BR]	T	1	2
LIN DE CHIAO [TW]	Alessandro Cremascoli [IT]	T	2	3
LIN DE CHIAO [TW]	Magnus Pedersen [DK]	L	2	4
Alessandro Cremascoli [IT]	Pedro Eugenio Torres [ES]	L	0	1
Alessandro Cremascoli [IT]	Vincent Marcus Munk [DK]	T	1	2
Alessandro Cremascoli [IT]	LIN DE CHIAO [TW]	T	2	3
Alessandro Cremascoli [IT]	Sam Chen [US]	L	2	4
Joshua Doctolero [PH]	SHOTA TAKAGI [JP]	T	1	1
Joshua Doctolero [PH]	Diego Cassiraga [AR]	L	1	2
Joshua Doctolero [PH]	Victor Manuel Garcia Montes [MX]	L	1	3
Joshua Doctolero [PH]	Grant Shen [US]	L	1	4
Francesco Pasquale Caterino [IT]	Simon Luong [CA]	L	0	1
Francesco Pasquale Caterino [IT]	Sen Caubergh [BE]	L	0	2
Francesco Pasquale Caterino [IT]	Murilo Mercadante [BR]	L	0	3
Francesco Pasquale Caterino [IT]	阿比野 友之 [JP]	L	0	4
KAZUKI KUMEGAWA [JP]	Shiu Long Leon Chan [HK]	L	0	1
KAZUKI KUMEGAWA [JP]	Caleb Gedemer [US]	L	0	2
KAZUKI KUMEGAWA [JP]	Yuta Mori [JP]	L	0	3
KAZUKI KUMEGAWA [JP]	Grant Manley [US]	L	0	4
Wai Lun Leung [HK]	Jack Moore [CA]	L	0	1
Wai Lun Leung [HK]	Jonatan Arellano [ES]	L	0	2
Wai Lun Leung [HK]	FABIEN Pujol [FR]	L	0	3
Wai Lun Leung [HK]	広明 磯野 [JP]	L	0	4
Henry Brand [AU]	Matthew Burris [AU]	L	0	1
Henry Brand [AU]	HANSEAM PARK [KR]	L	0	2
Henry Brand [AU]	俊介 曽羽 [JP]	L	0	3
Akari Yamamoto [JP]	heddi Brahmi [FR]	L	0	1
Akari Yamamoto [JP]	Masataka Hirano [JP]	L	0	2
Akari Yamamoto [JP]	Connor Finton [US]	L	0	3
