Andrew Hedrick [US]	Santiago Pachón Moreno [CO]	W	3	1
Andrew Hedrick [US]	Martin Ricardo Carmona Romero [MX]	W	6	2
Andrew Hedrick [US]	Vaughn O’brien [US]	W	9	3
Andrew Hedrick [US]	Andrew Estrada [CA]	T	10	4
Andrew Hedrick [US]	Carlos Medina Astete [PE]	W	13	5
Andrew Hedrick [US]	Salvador Torres [SV]	W	16	6
Andrew Hedrick [US]	Eder Jarillo [MX]	T	17	7
Andrew Hedrick [US]	Johnnatan Castillo [CO]	W	20	8
Andrew Hedrick [US]	Gabriel Smart [US]	W	23	9
Andrew Hedrick [US]	Eder Jarillo [MX]	W	26	10
Eder Jarillo [MX]	Juan Pablo Gaitan Torrente [CO]	W	3	1
Eder Jarillo [MX]	Felipe Giovanny Gonzalez [CO]	T	4	2
Eder Jarillo [MX]	Erick Henriquez [SV]	W	7	3
Eder Jarillo [MX]	Michael Perez [US]	W	10	4
Eder Jarillo [MX]	Jonathan Torres [CO]	W	13	5
Eder Jarillo [MX]	Alexander Monroy [PE]	W	16	6
Eder Jarillo [MX]	Andrew Hedrick [US]	T	17	7
Eder Jarillo [MX]	Carlos Medina Astete [PE]	W	20	8
Eder Jarillo [MX]	Jonathan Torres [CO]	W	23	9
Eder Jarillo [MX]	Andrew Hedrick [US]	L	23	10
Jonathan Torres [CO]	Erik Butron [MX]	T	1	1
Jonathan Torres [CO]	Andrew Dombroski [AE]	W	4	2
Jonathan Torres [CO]	Miguel Ruiz [CO]	W	7	3
Jonathan Torres [CO]	Alfredo J Prada Diaz [CO]	W	10	4
Jonathan Torres [CO]	Eder Jarillo [MX]	L	10	5
Jonathan Torres [CO]	Eric Ridgeway [US]	W	13	6
Jonathan Torres [CO]	Franco Takahashi [US]	W	16	7
Jonathan Torres [CO]	Connor Finton [US]	W	19	8
Jonathan Torres [CO]	Eder Jarillo [MX]	L	19	9
Gabriel Smart [US]	Jose Luis Bernal Quimbay [CO]	W	3	1
Gabriel Smart [US]	Nixon Cedillos [US]	L	3	2
Gabriel Smart [US]	Hanzell Caballero [MX]	W	6	3
Gabriel Smart [US]	Franco Takahashi [US]	L	6	4
Gabriel Smart [US]	Andrés Castillo [MX]	W	9	5
Gabriel Smart [US]	Michael Garcia [US]	W	12	6
Gabriel Smart [US]	Andrew Estrada [CA]	W	15	7
Gabriel Smart [US]	Alexander Monroy [PE]	W	18	8
Gabriel Smart [US]	Andrew Hedrick [US]	L	18	9
Alexander Monroy [PE]	Mario Lopez [GT]	W	3	1
Alexander Monroy [PE]	Franco Takahashi [US]	W	6	2
Alexander Monroy [PE]	Diego Varea [PE]	W	9	3
Alexander Monroy [PE]	Eduardo Serrano [SV]	W	12	4
Alexander Monroy [PE]	Connor Finton [US]	W	15	5
Alexander Monroy [PE]	Eder Jarillo [MX]	L	15	6
Alexander Monroy [PE]	Erick Henriquez [SV]	T	16	7
Alexander Monroy [PE]	Gabriel Smart [US]	L	16	8
Connor Finton [US]	Juan Carlos Barrios [GT]	W	3	1
Connor Finton [US]	Miguel Angel Tovar A [CO]	W	6	2
Connor Finton [US]	Miguel Ángel López Bernal [MX]	W	9	3
Connor Finton [US]	Nixon Cedillos [US]	W	12	4
Connor Finton [US]	Alexander Monroy [PE]	L	12	5
Connor Finton [US]	Alberto Bonsanto [MX]	T	13	6
Connor Finton [US]	Diego Omar Campos Velazquez [MX]	W	16	7
Connor Finton [US]	Jonathan Torres [CO]	L	16	8
Johnnatan Castillo [CO]	Gester Sanjur [PA]	W	3	1
Johnnatan Castillo [CO]	Jose Felix Monroy Hidalgo [PE]	W	6	2
Johnnatan Castillo [CO]	Eduardo Serrano [SV]	L	6	3
Johnnatan Castillo [CO]	Vincent Gillette [US]	L	6	4
Johnnatan Castillo [CO]	Sergio Andres Celis Pineda [CO]	W	9	5
Johnnatan Castillo [CO]	Michael Perez [US]	W	12	6
Johnnatan Castillo [CO]	Salvador Torres [SV]	W	15	7
Johnnatan Castillo [CO]	Andrew Hedrick [US]	L	15	8
Carlos Medina Astete [PE]	Adam Knowles [US]	W	3	1
Carlos Medina Astete [PE]	Jhon Cristancho [CO]	T	4	2
Carlos Medina Astete [PE]	Francisco Vargas [CO]	W	7	3
Carlos Medina Astete [PE]	Erik Butron [MX]	W	10	4
Carlos Medina Astete [PE]	Andrew Hedrick [US]	L	10	5
Carlos Medina Astete [PE]	Juan Adrián Espinola Ortega [MX]	W	13	6
Carlos Medina Astete [PE]	Alberto Bonsanto [MX]	T	14	7
Carlos Medina Astete [PE]	Eder Jarillo [MX]	L	14	8
Erick Henriquez [SV]	Aaron Latham [US]	W	3	1
Erick Henriquez [SV]	Francisco Vargas [CO]	T	4	2
Erick Henriquez [SV]	Eder Jarillo [MX]	L	4	3
Erick Henriquez [SV]	Andres De Jesus Luchado Ventura [SV]	W	7	4
Erick Henriquez [SV]	Sergio Ortiz [MX]	W	10	5
Erick Henriquez [SV]	Vaughn O’brien [US]	W	13	6
Erick Henriquez [SV]	Alexander Monroy [PE]	T	14	7
Alberto Bonsanto [MX]	Vincent Gillette [US]	L	0	1
Alberto Bonsanto [MX]	Duvan Tapia [CO]	W	3	2
Alberto Bonsanto [MX]	Jonathan Sosa [SV]	W	6	3
Alberto Bonsanto [MX]	Christian Zafra [CO]	W	9	4
Alberto Bonsanto [MX]	Nixon Cedillos [US]	W	12	5
Alberto Bonsanto [MX]	Connor Finton [US]	T	13	6
Alberto Bonsanto [MX]	Carlos Medina Astete [PE]	T	14	7
Juan Carlos Bernal [CO]	Diego Castañeda [SV]	T	1	1
Juan Carlos Bernal [CO]	Miguel Ruiz [CO]	L	1	2
Juan Carlos Bernal [CO]	Juan Carlos Barrios [GT]	W	4	3
Juan Carlos Bernal [CO]	Jhon Cristancho [CO]	W	7	4
Juan Carlos Bernal [CO]	Miguel Angel Tovar A [CO]	W	10	5
Juan Carlos Bernal [CO]	Eduardo Serrano [SV]	T	11	6
Juan Carlos Bernal [CO]	Adam Knowles [US]	W	14	7
Franco Takahashi [US]	Juan Adrián Espinola Ortega [MX]	W	3	1
Franco Takahashi [US]	Alexander Monroy [PE]	L	3	2
Franco Takahashi [US]	Elias Eskaff [CO]	W	6	3
Franco Takahashi [US]	Gabriel Smart [US]	W	9	4
Franco Takahashi [US]	Diego Varea [PE]	W	12	5
Franco Takahashi [US]	Andrew Estrada [CA]	T	13	6
Franco Takahashi [US]	Jonathan Torres [CO]	L	13	7
Vincent Gillette [US]	Alberto Bonsanto [MX]	W	3	1
Vincent Gillette [US]	Eric Ridgeway [US]	W	6	2
Vincent Gillette [US]	Nixon Cedillos [US]	L	6	3
Vincent Gillette [US]	Johnnatan Castillo [CO]	W	9	4
Vincent Gillette [US]	Salvador Torres [SV]	L	9	5
Vincent Gillette [US]	Jose Luis Bernal Quimbay [CO]	T	10	6
Vincent Gillette [US]	Juan Adrián Espinola Ortega [MX]	W	13	7
Vaughn O’brien [US]	Sergio Ortiz [MX]	W	3	1
Vaughn O’brien [US]	Hanzell Caballero [MX]	W	6	2
Vaughn O’brien [US]	Andrew Hedrick [US]	L	6	3
Vaughn O’brien [US]	Camilo Morales Reyes [CO]	W	9	4
Vaughn O’brien [US]	Michael Garcia [US]	T	10	5
Vaughn O’brien [US]	Erick Henriquez [SV]	L	10	6
Vaughn O’brien [US]	Eric Ridgeway [US]	W	13	7
Jose Luis Bernal Quimbay [CO]	Gabriel Smart [US]	L	0	1
Jose Luis Bernal Quimbay [CO]	Adam Knowles [US]	W	3	2
Jose Luis Bernal Quimbay [CO]	Juan Adrián Espinola Ortega [MX]	L	3	3
Jose Luis Bernal Quimbay [CO]	Elias Eskaff [CO]	W	6	4
Jose Luis Bernal Quimbay [CO]	Maddox Corcoran [US]	W	9	5
Jose Luis Bernal Quimbay [CO]	Vincent Gillette [US]	T	10	6
Jose Luis Bernal Quimbay [CO]	Jhonatan Arciniegas [CO]	W	13	7
Diego Omar Campos Velazquez [MX]	Michael Perez [US]	L	0	1
Diego Omar Campos Velazquez [MX]	Sergio Ortiz [MX]	T	1	2
Diego Omar Campos Velazquez [MX]	Gester Sanjur [PA]	W	4	3
Diego Omar Campos Velazquez [MX]	Miguel Ruiz [CO]	W	7	4
Diego Omar Campos Velazquez [MX]	Alfredo J Prada Diaz [CO]	W	10	5
Diego Omar Campos Velazquez [MX]	David Fernandez [MX]	W	13	6
Diego Omar Campos Velazquez [MX]	Connor Finton [US]	L	13	7
Felipe Giovanny Gonzalez [CO]	Juan Silva [CO]	W	3	1
Felipe Giovanny Gonzalez [CO]	Eder Jarillo [MX]	T	4	2
Felipe Giovanny Gonzalez [CO]	Michael Perez [US]	L	4	3
Felipe Giovanny Gonzalez [CO]	Manuel Pinzón [CO]	W	7	4
Felipe Giovanny Gonzalez [CO]	Eric Ridgeway [US]	L	7	5
Felipe Giovanny Gonzalez [CO]	Carlos Silva [CO]	W	10	6
Felipe Giovanny Gonzalez [CO]	Diego Varea [PE]	W	13	7
Fredy Vanegas [CO]	Michael Garcia [US]	L	0	1
Fredy Vanegas [CO]	Santiago Pachón Moreno [CO]	L	0	2
Fredy Vanegas [CO]	Aaron Latham [US]	W	3	3
Fredy Vanegas [CO]	Hanzell Caballero [MX]	W	6	4
Fredy Vanegas [CO]	Christian Zafra [CO]	W	9	5
Fredy Vanegas [CO]	Diego Varea [PE]	T	10	6
Fredy Vanegas [CO]	Sergio Ortiz [MX]	W	13	7
Andrew Estrada [CA]	Andrés Guzmán [MX]	W	3	1
Andrew Estrada [CA]	Jonathan Quintero [CO]	T	4	2
Andrew Estrada [CA]	Jhon Cristancho [CO]	W	7	3
Andrew Estrada [CA]	Andrew Hedrick [US]	T	8	4
Andrew Estrada [CA]	Erik Butron [MX]	W	11	5
Andrew Estrada [CA]	Franco Takahashi [US]	T	12	6
Andrew Estrada [CA]	Gabriel Smart [US]	L	12	7
Eduardo Serrano [SV]	Gustavo Toledo [CO]	W	3	1
Eduardo Serrano [SV]	Elias Eskaff [CO]	W	6	2
Eduardo Serrano [SV]	Johnnatan Castillo [CO]	W	9	3
Eduardo Serrano [SV]	Alexander Monroy [PE]	L	9	4
Eduardo Serrano [SV]	Juan Adrián Espinola Ortega [MX]	T	10	5
Eduardo Serrano [SV]	Juan Carlos Bernal [CO]	T	11	6
Eduardo Serrano [SV]	Miguel Ángel López Bernal [MX]	T	12	7
Salvador Torres [SV]	Christian Zafra [CO]	W	3	1
Salvador Torres [SV]	Diego Varea [PE]	L	3	2
Salvador Torres [SV]	Paulo Arias Valencia [CO]	W	6	3
Salvador Torres [SV]	Melissa Flores [SV]	W	9	4
Salvador Torres [SV]	Vincent Gillette [US]	W	12	5
Salvador Torres [SV]	Andrew Hedrick [US]	L	12	6
Salvador Torres [SV]	Johnnatan Castillo [CO]	L	12	7
Martin Ricardo Carmona Romero [MX]	Carlos Silva [CO]	W	3	1
Martin Ricardo Carmona Romero [MX]	Andrew Hedrick [US]	L	3	2
Martin Ricardo Carmona Romero [MX]	Greg Kerien [US]	W	6	3
Martin Ricardo Carmona Romero [MX]	Diego Varea [PE]	L	6	4
Martin Ricardo Carmona Romero [MX]	Adam Knowles [US]	L	6	5
Martin Ricardo Carmona Romero [MX]	Hanzell Caballero [MX]	W	9	6
Martin Ricardo Carmona Romero [MX]	Michael Perez [US]	W	12	7
Michael Garcia [US]	Fredy Vanegas [CO]	W	3	1
Michael Garcia [US]	Michael Perez [US]	T	4	2
Michael Garcia [US]	Maddox Corcoran [US]	T	5	3
Michael Garcia [US]	Jhonatan Arciniegas [CO]	W	8	4
Michael Garcia [US]	Vaughn O’brien [US]	T	9	5
Michael Garcia [US]	Gabriel Smart [US]	L	9	6
Michael Garcia [US]	Nixon Cedillos [US]	W	12	7
Adam Knowles [US]	Carlos Medina Astete [PE]	L	0	1
Adam Knowles [US]	Jose Luis Bernal Quimbay [CO]	L	0	2
Adam Knowles [US]	Mario Lopez [GT]	W	3	3
Adam Knowles [US]	Jose Felix Monroy Hidalgo [PE]	W	6	4
Adam Knowles [US]	Martin Ricardo Carmona Romero [MX]	W	9	5
Adam Knowles [US]	Nixon Cedillos [US]	W	12	6
Adam Knowles [US]	Juan Carlos Bernal [CO]	L	12	7
Miguel Ángel López Bernal [MX]	Juan Diego Diaz Tovar [CO]	W	3	1
Miguel Ángel López Bernal [MX]	Sergio Andres Celis Pineda [CO]	W	6	2
Miguel Ángel López Bernal [MX]	Connor Finton [US]	L	6	3
Miguel Ángel López Bernal [MX]	Miguel Angel Tovar A [CO]	T	7	4
Miguel Ángel López Bernal [MX]	Michael Perez [US]	T	8	5
Miguel Ángel López Bernal [MX]	Juan Silva [CO]	W	11	6
Miguel Ángel López Bernal [MX]	Eduardo Serrano [SV]	T	12	7
Andrés Guzmán [MX]	Andrew Estrada [CA]	L	0	1
Andrés Guzmán [MX]	Francis McDonald [US]	L	0	2
Andrés Guzmán [MX]	Alfonso Herrera [PE]	W	3	3
Andrés Guzmán [MX]	Raúl Soriano [SV]	L	3	4
Andrés Guzmán [MX]	Jose Felix Monroy Hidalgo [PE]	W	6	5
Andrés Guzmán [MX]	Sergio Andres Celis Pineda [CO]	W	9	6
Andrés Guzmán [MX]	Andrés Castillo [MX]	W	12	7
Erik Butron [MX]	Jonathan Torres [CO]	T	1	1
Erik Butron [MX]	Jhonatan Arciniegas [CO]	W	4	2
Erik Butron [MX]	Jonathan Quintero [CO]	W	7	3
Erik Butron [MX]	Carlos Medina Astete [PE]	L	7	4
Erik Butron [MX]	Andrew Estrada [CA]	L	7	5
Erik Butron [MX]	Francis McDonald [US]	W	10	6
Erik Butron [MX]	Alfredo J Prada Diaz [CO]	T	11	7
Alfredo J Prada Diaz [CO]	Camilo Perez [CO]	W	3	1
Alfredo J Prada Diaz [CO]	Andrés Castillo [MX]	T	4	2
Alfredo J Prada Diaz [CO]	Jose Felix Monroy Hidalgo [PE]	W	7	3
Alfredo J Prada Diaz [CO]	Jonathan Torres [CO]	L	7	4
Alfredo J Prada Diaz [CO]	Diego Omar Campos Velazquez [MX]	L	7	5
Alfredo J Prada Diaz [CO]	Miguel Angel Tovar A [CO]	W	10	6
Alfredo J Prada Diaz [CO]	Erik Butron [MX]	T	11	7
Gester Sanjur [PA]	Johnnatan Castillo [CO]	L	0	1
Gester Sanjur [PA]	Juan Diego Diaz Tovar [CO]	T	1	2
Gester Sanjur [PA]	Diego Omar Campos Velazquez [MX]	L	1	3
Gester Sanjur [PA]	Gustavo Toledo [CO]	W	4	4
Gester Sanjur [PA]	Santiago Pachón Moreno [CO]	W	7	5
Gester Sanjur [PA]	Sergio Orozco [CO]	T	8	6
Gester Sanjur [PA]	Jonathan Sosa [SV]	W	11	7
Melissa Flores [SV]	Andrew Dombroski [AE]	T	1	1
Melissa Flores [SV]	Diego Castañeda [SV]	W	4	2
Melissa Flores [SV]	Andrés Castillo [MX]	T	5	3
Melissa Flores [SV]	Salvador Torres [SV]	L	5	4
Melissa Flores [SV]	Carlos Silva [CO]	L	5	5
Melissa Flores [SV]	Jhon Cristancho [CO]	W	8	6
Melissa Flores [SV]	Camilo Morales Reyes [CO]	W	11	7
Manuel Escobar [CO]	Hanzell Caballero [MX]	L	0	1
Manuel Escobar [CO]	Juan Carlos Barrios [GT]	T	1	2
Manuel Escobar [CO]	Andrew Dombroski [AE]	L	1	3
Manuel Escobar [CO]	Camilo Perez [CO]	T	2	4
Manuel Escobar [CO]	Greg Kerien [US]	W	5	5
Manuel Escobar [CO]	Maddox Corcoran [US]	W	8	6
Manuel Escobar [CO]	Juan Pablo Gaitan Torrente [CO]	W	11	7
Diego Varea [PE]	Francis McDonald [US]	W	3	1
Diego Varea [PE]	Salvador Torres [SV]	W	6	2
Diego Varea [PE]	Alexander Monroy [PE]	L	6	3
Diego Varea [PE]	Martin Ricardo Carmona Romero [MX]	W	9	4
Diego Varea [PE]	Franco Takahashi [US]	L	9	5
Diego Varea [PE]	Fredy Vanegas [CO]	T	10	6
Diego Varea [PE]	Felipe Giovanny Gonzalez [CO]	L	10	7
Sergio Ortiz [MX]	Vaughn O’brien [US]	L	0	1
Sergio Ortiz [MX]	Diego Omar Campos Velazquez [MX]	T	1	2
Sergio Ortiz [MX]	Diego Castañeda [SV]	W	4	3
Sergio Ortiz [MX]	Andrew Dombroski [AE]	W	7	4
Sergio Ortiz [MX]	Erick Henriquez [SV]	L	7	5
Sergio Ortiz [MX]	Juan Carlos Barrios [GT]	W	10	6
Sergio Ortiz [MX]	Fredy Vanegas [CO]	L	10	7
Juan Adrián Espinola Ortega [MX]	Franco Takahashi [US]	L	0	1
Juan Adrián Espinola Ortega [MX]	Alejandra Obando [CO]	W	3	2
Juan Adrián Espinola Ortega [MX]	Jose Luis Bernal Quimbay [CO]	W	6	3
Juan Adrián Espinola Ortega [MX]	Sergio Andres Celis Pineda [CO]	W	9	4
Juan Adrián Espinola Ortega [MX]	Eduardo Serrano [SV]	T	10	5
Juan Adrián Espinola Ortega [MX]	Carlos Medina Astete [PE]	L	10	6
Juan Adrián Espinola Ortega [MX]	Vincent Gillette [US]	L	10	7
Eric Ridgeway [US]	Sergio Orozco [CO]	W	3	1
Eric Ridgeway [US]	Vincent Gillette [US]	L	3	2
Eric Ridgeway [US]	Andres De Jesus Luchado Ventura [SV]	T	4	3
Eric Ridgeway [US]	Francisco Vargas [CO]	W	7	4
Eric Ridgeway [US]	Felipe Giovanny Gonzalez [CO]	W	10	5
Eric Ridgeway [US]	Jonathan Torres [CO]	L	10	6
Eric Ridgeway [US]	Vaughn O’brien [US]	L	10	7
Juan Carlos Barrios [GT]	Connor Finton [US]	L	0	1
Juan Carlos Barrios [GT]	Manuel Escobar [CO]	T	1	2
Juan Carlos Barrios [GT]	Juan Carlos Bernal [CO]	L	1	3
Juan Carlos Barrios [GT]	Mario Lopez [GT]	W	4	4
Juan Carlos Barrios [GT]	Manuel Pinzón [CO]	W	7	5
Juan Carlos Barrios [GT]	Sergio Ortiz [MX]	L	7	6
Juan Carlos Barrios [GT]	Juan Silva [CO]	W	10	7
Elias Eskaff [CO]	Jonathan Sosa [SV]	W	3	1
Elias Eskaff [CO]	Eduardo Serrano [SV]	L	3	2
Elias Eskaff [CO]	Franco Takahashi [US]	L	3	3
Elias Eskaff [CO]	Jose Luis Bernal Quimbay [CO]	L	3	4
Elias Eskaff [CO]	Paulo Arias Valencia [CO]	W	6	5
Elias Eskaff [CO]	Raúl Soriano [SV]	W	9	6
Elias Eskaff [CO]	David Fernandez [MX]	T	10	7
Santiago Pachón Moreno [CO]	Andrew Hedrick [US]	L	0	1
Santiago Pachón Moreno [CO]	Fredy Vanegas [CO]	W	3	2
Santiago Pachón Moreno [CO]	Sergio Andres Celis Pineda [CO]	L	3	3
Santiago Pachón Moreno [CO]	Jonathan Sosa [SV]	T	4	4
Santiago Pachón Moreno [CO]	Gester Sanjur [PA]	L	4	5
Santiago Pachón Moreno [CO]	Jose Felix Monroy Hidalgo [PE]	W	7	6
Santiago Pachón Moreno [CO]	Sergio Orozco [CO]	W	10	7
Andrew Dombroski [AE]	Melissa Flores [SV]	T	1	1
Andrew Dombroski [AE]	Jonathan Torres [CO]	L	1	2
Andrew Dombroski [AE]	Manuel Escobar [CO]	W	4	3
Andrew Dombroski [AE]	Sergio Ortiz [MX]	L	4	4
Andrew Dombroski [AE]	Juan Silva [CO]	L	4	5
Andrew Dombroski [AE]	Miguel Ruiz [CO]	W	7	6
Andrew Dombroski [AE]	Miguel Angel Tovar A [CO]	W	10	7
David Fernandez [MX]	Manuel Pinzón [CO]	T	1	1
David Fernandez [MX]	Paulo Arias Valencia [CO]	T	2	2
David Fernandez [MX]	Juan Pablo Gaitan Torrente [CO]	T	3	3
David Fernandez [MX]	Greg Kerien [US]	W	6	4
David Fernandez [MX]	Raúl Soriano [SV]	W	9	5
David Fernandez [MX]	Diego Omar Campos Velazquez [MX]	L	9	6
David Fernandez [MX]	Elias Eskaff [CO]	T	10	7
Carlos Silva [CO]	Martin Ricardo Carmona Romero [MX]	L	0	1
Carlos Silva [CO]	Luis Cabrera [MX]	W	3	2
Carlos Silva [CO]	Camilo Morales Reyes [CO]	L	3	3
Carlos Silva [CO]	Duvan Tapia [CO]	T	4	4
Carlos Silva [CO]	Melissa Flores [SV]	W	7	5
Carlos Silva [CO]	Felipe Giovanny Gonzalez [CO]	L	7	6
Carlos Silva [CO]	Francis McDonald [US]	W	10	7
Manuel Pinzón [CO]	David Fernandez [MX]	T	1	1
Manuel Pinzón [CO]	Maddox Corcoran [US]	L	1	2
Manuel Pinzón [CO]	Juan Silva [CO]	W	4	3
Manuel Pinzón [CO]	Felipe Giovanny Gonzalez [CO]	L	4	4
Manuel Pinzón [CO]	Juan Carlos Barrios [GT]	L	4	5
Manuel Pinzón [CO]	Duvan Tapia [CO]	W	7	6
Manuel Pinzón [CO]	Andres De Jesus Luchado Ventura [SV]	W	10	7
Jhonatan Arciniegas [CO]	Paulo Arias Valencia [CO]	T	1	1
Jhonatan Arciniegas [CO]	Erik Butron [MX]	L	1	2
Jhonatan Arciniegas [CO]	Juan Diego Diaz Tovar [CO]	W	4	3
Jhonatan Arciniegas [CO]	Michael Garcia [US]	L	4	4
Jhonatan Arciniegas [CO]	Jhon Cristancho [CO]	W	7	5
Jhonatan Arciniegas [CO]	Andres De Jesus Luchado Ventura [SV]	W	10	6
Jhonatan Arciniegas [CO]	Jose Luis Bernal Quimbay [CO]	L	10	7
Nixon Cedillos [US]	Andres De Jesus Luchado Ventura [SV]	W	3	1
Nixon Cedillos [US]	Gabriel Smart [US]	W	6	2
Nixon Cedillos [US]	Vincent Gillette [US]	W	9	3
Nixon Cedillos [US]	Connor Finton [US]	L	9	4
Nixon Cedillos [US]	Alberto Bonsanto [MX]	L	9	5
Nixon Cedillos [US]	Adam Knowles [US]	L	9	6
Nixon Cedillos [US]	Michael Garcia [US]	L	9	7
Hanzell Caballero [MX]	Manuel Escobar [CO]	W	3	1
Hanzell Caballero [MX]	Vaughn O’brien [US]	L	3	2
Hanzell Caballero [MX]	Gabriel Smart [US]	L	3	3
Hanzell Caballero [MX]	Fredy Vanegas [CO]	L	3	4
Hanzell Caballero [MX]	Alejandra Obando [CO]	W	6	5
Hanzell Caballero [MX]	Martin Ricardo Carmona Romero [MX]	L	6	6
Hanzell Caballero [MX]	Maddox Corcoran [US]	W	9	7
Andrés Castillo [MX]	Alfonso Herrera [PE]	W	3	1
Andrés Castillo [MX]	Alfredo J Prada Diaz [CO]	T	4	2
Andrés Castillo [MX]	Melissa Flores [SV]	T	5	3
Andrés Castillo [MX]	Maddox Corcoran [US]	T	6	4
Andrés Castillo [MX]	Gabriel Smart [US]	L	6	5
Andrés Castillo [MX]	Christian Zafra [CO]	W	9	6
Andrés Castillo [MX]	Andrés Guzmán [MX]	L	9	7
Mario Lopez [GT]	Alexander Monroy [PE]	L	0	1
Mario Lopez [GT]	Camilo Morales Reyes [CO]	L	0	2
Mario Lopez [GT]	Adam Knowles [US]	L	0	3
Mario Lopez [GT]	Juan Carlos Barrios [GT]	L	0	4
Mario Lopez [GT]	BYE	W	3	5
Mario Lopez [GT]	Alejandra Obando [CO]	W	6	6
Mario Lopez [GT]	Juan Diego Diaz Tovar [CO]	W	9	7
Greg Kerien [US]	Sergio Andres Celis Pineda [CO]	L	0	1
Greg Kerien [US]	Sergio Orozco [CO]	W	3	2
Greg Kerien [US]	Martin Ricardo Carmona Romero [MX]	L	3	3
Greg Kerien [US]	David Fernandez [MX]	L	3	4
Greg Kerien [US]	Manuel Escobar [CO]	L	3	5
Greg Kerien [US]	Paulo Arias Valencia [CO]	W	6	6
Greg Kerien [US]	Christian Zafra [CO]	W	9	7
Michael Perez [US]	Diego Omar Campos Velazquez [MX]	W	3	1
Michael Perez [US]	Michael Garcia [US]	T	4	2
Michael Perez [US]	Felipe Giovanny Gonzalez [CO]	W	7	3
Michael Perez [US]	Eder Jarillo [MX]	L	7	4
Michael Perez [US]	Miguel Ángel López Bernal [MX]	T	8	5
Michael Perez [US]	Johnnatan Castillo [CO]	L	8	6
Michael Perez [US]	Martin Ricardo Carmona Romero [MX]	L	8	7
Camilo Morales Reyes [CO]	Jonathan Quintero [CO]	L	0	1
Camilo Morales Reyes [CO]	Mario Lopez [GT]	W	3	2
Camilo Morales Reyes [CO]	Carlos Silva [CO]	W	6	3
Camilo Morales Reyes [CO]	Vaughn O’brien [US]	L	6	4
Camilo Morales Reyes [CO]	Francis McDonald [US]	T	7	5
Camilo Morales Reyes [CO]	Jonathan Sosa [SV]	T	8	6
Camilo Morales Reyes [CO]	Melissa Flores [SV]	L	8	7
Juan Pablo Gaitan Torrente [CO]	Eder Jarillo [MX]	L	0	1
Juan Pablo Gaitan Torrente [CO]	Juan Silva [CO]	T	1	2
Juan Pablo Gaitan Torrente [CO]	David Fernandez [MX]	T	2	3
Juan Pablo Gaitan Torrente [CO]	Francis McDonald [US]	L	2	4
Juan Pablo Gaitan Torrente [CO]	Luis Cabrera [MX]	W	5	5
Juan Pablo Gaitan Torrente [CO]	Juan Diego Diaz Tovar [CO]	W	8	6
Juan Pablo Gaitan Torrente [CO]	Manuel Escobar [CO]	L	8	7
Jonathan Sosa [SV]	Elias Eskaff [CO]	L	0	1
Jonathan Sosa [SV]	Alfonso Herrera [PE]	W	3	2
Jonathan Sosa [SV]	Alberto Bonsanto [MX]	L	3	3
Jonathan Sosa [SV]	Santiago Pachón Moreno [CO]	T	4	4
Jonathan Sosa [SV]	Miguel Ruiz [CO]	W	7	5
Jonathan Sosa [SV]	Camilo Morales Reyes [CO]	T	8	6
Jonathan Sosa [SV]	Gester Sanjur [PA]	L	8	7
Sergio Orozco [CO]	Eric Ridgeway [US]	L	0	1
Sergio Orozco [CO]	Greg Kerien [US]	L	0	2
Sergio Orozco [CO]	Camilo Perez [CO]	T	1	3
Sergio Orozco [CO]	Luis Cabrera [MX]	W	4	4
Sergio Orozco [CO]	Francisco Vargas [CO]	W	7	5
Sergio Orozco [CO]	Gester Sanjur [PA]	T	8	6
Sergio Orozco [CO]	Santiago Pachón Moreno [CO]	L	8	7
Miguel Angel Tovar A [CO]	Alejandra Obando [CO]	W	3	1
Miguel Angel Tovar A [CO]	Connor Finton [US]	L	3	2
Miguel Angel Tovar A [CO]	Francis McDonald [US]	W	6	3
Miguel Angel Tovar A [CO]	Miguel Ángel López Bernal [MX]	T	7	4
Miguel Angel Tovar A [CO]	Juan Carlos Bernal [CO]	L	7	5
Miguel Angel Tovar A [CO]	Alfredo J Prada Diaz [CO]	L	7	6
Miguel Angel Tovar A [CO]	Andrew Dombroski [AE]	L	7	7
Juan Silva [CO]	Felipe Giovanny Gonzalez [CO]	L	0	1
Juan Silva [CO]	Juan Pablo Gaitan Torrente [CO]	T	1	2
Juan Silva [CO]	Manuel Pinzón [CO]	L	1	3
Juan Silva [CO]	Diego Castañeda [SV]	W	4	4
Juan Silva [CO]	Andrew Dombroski [AE]	W	7	5
Juan Silva [CO]	Miguel Ángel López Bernal [MX]	L	7	6
Juan Silva [CO]	Juan Carlos Barrios [GT]	L	7	7
Francis McDonald [US]	Diego Varea [PE]	L	0	1
Francis McDonald [US]	Andrés Guzmán [MX]	W	3	2
Francis McDonald [US]	Miguel Angel Tovar A [CO]	L	3	3
Francis McDonald [US]	Juan Pablo Gaitan Torrente [CO]	W	6	4
Francis McDonald [US]	Camilo Morales Reyes [CO]	T	7	5
Francis McDonald [US]	Erik Butron [MX]	L	7	6
Francis McDonald [US]	Carlos Silva [CO]	L	7	7
Andres De Jesus Luchado Ventura [SV]	Nixon Cedillos [US]	L	0	1
Andres De Jesus Luchado Ventura [SV]	Camilo Perez [CO]	W	3	2
Andres De Jesus Luchado Ventura [SV]	Eric Ridgeway [US]	T	4	3
Andres De Jesus Luchado Ventura [SV]	Erick Henriquez [SV]	L	4	4
Andres De Jesus Luchado Ventura [SV]	Duvan Tapia [CO]	W	7	5
Andres De Jesus Luchado Ventura [SV]	Jhonatan Arciniegas [CO]	L	7	6
Andres De Jesus Luchado Ventura [SV]	Manuel Pinzón [CO]	L	7	7
Duvan Tapia [CO]	Jose Felix Monroy Hidalgo [PE]	L	0	1
Duvan Tapia [CO]	Alberto Bonsanto [MX]	L	0	2
Duvan Tapia [CO]	Alejandra Obando [CO]	W	3	3
Duvan Tapia [CO]	Carlos Silva [CO]	T	4	4
Duvan Tapia [CO]	Andres De Jesus Luchado Ventura [SV]	L	4	5
Duvan Tapia [CO]	Manuel Pinzón [CO]	L	4	6
Duvan Tapia [CO]	Miguel Ruiz [CO]	W	7	7
Maddox Corcoran [US]	Miguel Ruiz [CO]	T	1	1
Maddox Corcoran [US]	Manuel Pinzón [CO]	W	4	2
Maddox Corcoran [US]	Michael Garcia [US]	T	5	3
Maddox Corcoran [US]	Andrés Castillo [MX]	T	6	4
Maddox Corcoran [US]	Jose Luis Bernal Quimbay [CO]	L	6	5
Maddox Corcoran [US]	Manuel Escobar [CO]	L	6	6
Maddox Corcoran [US]	Hanzell Caballero [MX]	L	6	7
Christian Zafra [CO]	Salvador Torres [SV]	L	0	1
Christian Zafra [CO]	Gustavo Toledo [CO]	W	3	2
Christian Zafra [CO]	Raúl Soriano [SV]	W	6	3
Christian Zafra [CO]	Alberto Bonsanto [MX]	L	6	4
Christian Zafra [CO]	Fredy Vanegas [CO]	L	6	5
Christian Zafra [CO]	Andrés Castillo [MX]	L	6	6
Christian Zafra [CO]	Greg Kerien [US]	L	6	7
Paulo Arias Valencia [CO]	Jhonatan Arciniegas [CO]	T	1	1
Paulo Arias Valencia [CO]	David Fernandez [MX]	T	2	2
Paulo Arias Valencia [CO]	Salvador Torres [SV]	L	2	3
Paulo Arias Valencia [CO]	Juan Diego Diaz Tovar [CO]	T	3	4
Paulo Arias Valencia [CO]	Elias Eskaff [CO]	L	3	5
Paulo Arias Valencia [CO]	Greg Kerien [US]	L	3	6
Paulo Arias Valencia [CO]	Alejandra Obando [CO]	W	6	7
Diego Castañeda [SV]	Juan Carlos Bernal [CO]	T	1	1
Diego Castañeda [SV]	Melissa Flores [SV]	L	1	2
Diego Castañeda [SV]	Sergio Ortiz [MX]	L	1	3
Diego Castañeda [SV]	Juan Silva [CO]	L	1	4
Diego Castañeda [SV]	Gustavo Toledo [CO]	T	2	5
Diego Castañeda [SV]	Luis Cabrera [MX]	W	5	6
Diego Castañeda [SV]	Camilo Perez [CO]	T	6	7
Camilo Perez [CO]	Alfredo J Prada Diaz [CO]	L	0	1
Camilo Perez [CO]	Andres De Jesus Luchado Ventura [SV]	L	0	2
Camilo Perez [CO]	Sergio Orozco [CO]	T	1	3
Camilo Perez [CO]	Manuel Escobar [CO]	T	2	4
Camilo Perez [CO]	Juan Diego Diaz Tovar [CO]	L	2	5
Camilo Perez [CO]	Gustavo Toledo [CO]	W	5	6
Camilo Perez [CO]	Diego Castañeda [SV]	T	6	7
Sergio Andres Celis Pineda [CO]	Greg Kerien [US]	W	3	1
Sergio Andres Celis Pineda [CO]	Miguel Ángel López Bernal [MX]	L	3	2
Sergio Andres Celis Pineda [CO]	Santiago Pachón Moreno [CO]	W	6	3
Sergio Andres Celis Pineda [CO]	Juan Adrián Espinola Ortega [MX]	L	6	4
Sergio Andres Celis Pineda [CO]	Johnnatan Castillo [CO]	L	6	5
Sergio Andres Celis Pineda [CO]	Andrés Guzmán [MX]	L	6	6
Raúl Soriano [SV]	Francisco Vargas [CO]	L	0	1
Raúl Soriano [SV]	Aaron Latham [US]	W	3	2
Raúl Soriano [SV]	Christian Zafra [CO]	L	3	3
Raúl Soriano [SV]	Andrés Guzmán [MX]	W	6	4
Raúl Soriano [SV]	David Fernandez [MX]	L	6	5
Raúl Soriano [SV]	Elias Eskaff [CO]	L	6	6
Juan Diego Diaz Tovar [CO]	Miguel Ángel López Bernal [MX]	L	0	1
Juan Diego Diaz Tovar [CO]	Gester Sanjur [PA]	T	1	2
Juan Diego Diaz Tovar [CO]	Jhonatan Arciniegas [CO]	L	1	3
Juan Diego Diaz Tovar [CO]	Paulo Arias Valencia [CO]	T	2	4
Juan Diego Diaz Tovar [CO]	Camilo Perez [CO]	W	5	5
Juan Diego Diaz Tovar [CO]	Juan Pablo Gaitan Torrente [CO]	L	5	6
Juan Diego Diaz Tovar [CO]	Mario Lopez [GT]	L	5	7
Miguel Ruiz [CO]	Maddox Corcoran [US]	T	1	1
Miguel Ruiz [CO]	Juan Carlos Bernal [CO]	W	4	2
Miguel Ruiz [CO]	Jonathan Torres [CO]	L	4	3
Miguel Ruiz [CO]	Diego Omar Campos Velazquez [MX]	L	4	4
Miguel Ruiz [CO]	Jonathan Sosa [SV]	L	4	5
Miguel Ruiz [CO]	Andrew Dombroski [AE]	L	4	6
Miguel Ruiz [CO]	Duvan Tapia [CO]	L	4	7
Luis Cabrera [MX]	Jhon Cristancho [CO]	L	0	1
Luis Cabrera [MX]	Carlos Silva [CO]	L	0	2
Luis Cabrera [MX]	Gustavo Toledo [CO]	T	1	3
Luis Cabrera [MX]	Sergio Orozco [CO]	L	1	4
Luis Cabrera [MX]	Juan Pablo Gaitan Torrente [CO]	L	1	5
Luis Cabrera [MX]	Diego Castañeda [SV]	L	1	6
Luis Cabrera [MX]	BYE	W	4	7
Jhon Cristancho [CO]	Luis Cabrera [MX]	W	3	1
Jhon Cristancho [CO]	Carlos Medina Astete [PE]	T	4	2
Jhon Cristancho [CO]	Andrew Estrada [CA]	L	4	3
Jhon Cristancho [CO]	Juan Carlos Bernal [CO]	L	4	4
Jhon Cristancho [CO]	Jhonatan Arciniegas [CO]	L	4	5
Jhon Cristancho [CO]	Melissa Flores [SV]	L	4	6
Francisco Vargas [CO]	Raúl Soriano [SV]	W	3	1
Francisco Vargas [CO]	Erick Henriquez [SV]	T	4	2
Francisco Vargas [CO]	Carlos Medina Astete [PE]	L	4	3
Francisco Vargas [CO]	Eric Ridgeway [US]	L	4	4
Francisco Vargas [CO]	Sergio Orozco [CO]	L	4	5
Jonathan Quintero [CO]	Camilo Morales Reyes [CO]	W	3	1
Jonathan Quintero [CO]	Andrew Estrada [CA]	T	4	2
Jonathan Quintero [CO]	Erik Butron [MX]	L	4	3
Alejandra Obando [CO]	Miguel Angel Tovar A [CO]	L	0	1
Alejandra Obando [CO]	Juan Adrián Espinola Ortega [MX]	L	0	2
Alejandra Obando [CO]	Duvan Tapia [CO]	L	0	3
Alejandra Obando [CO]	Alfonso Herrera [PE]	W	3	4
Alejandra Obando [CO]	Hanzell Caballero [MX]	L	3	5
Alejandra Obando [CO]	Mario Lopez [GT]	L	3	6
Alejandra Obando [CO]	Paulo Arias Valencia [CO]	L	3	7
Jose Felix Monroy Hidalgo [PE]	Duvan Tapia [CO]	W	3	1
Jose Felix Monroy Hidalgo [PE]	Johnnatan Castillo [CO]	L	3	2
Jose Felix Monroy Hidalgo [PE]	Alfredo J Prada Diaz [CO]	L	3	3
Jose Felix Monroy Hidalgo [PE]	Adam Knowles [US]	L	3	4
Jose Felix Monroy Hidalgo [PE]	Andrés Guzmán [MX]	L	3	5
Jose Felix Monroy Hidalgo [PE]	Santiago Pachón Moreno [CO]	L	3	6
Gustavo Toledo [CO]	Eduardo Serrano [SV]	L	0	1
Gustavo Toledo [CO]	Christian Zafra [CO]	L	0	2
Gustavo Toledo [CO]	Luis Cabrera [MX]	T	1	3
Gustavo Toledo [CO]	Gester Sanjur [PA]	L	1	4
Gustavo Toledo [CO]	Diego Castañeda [SV]	T	2	5
Gustavo Toledo [CO]	Camilo Perez [CO]	L	2	6
Alfonso Herrera [PE]	Andrés Castillo [MX]	L	0	1
Alfonso Herrera [PE]	Jonathan Sosa [SV]	L	0	2
Alfonso Herrera [PE]	Andrés Guzmán [MX]	L	0	3
Alfonso Herrera [PE]	Alejandra Obando [CO]	L	0	4
Aaron Latham [US]	Erick Henriquez [SV]	L	0	1
Aaron Latham [US]	Raúl Soriano [SV]	L	0	2
Aaron Latham [US]	Fredy Vanegas [CO]	L	0	3
