Tim Franklin [AU]	Alec Goznik [AU]	W	3	1
Tim Franklin [AU]	Nicholas Van Emmerik [AU]	L	3	2
Tim Franklin [AU]	Fareez Sanif [AU]	W	6	3
Tim Franklin [AU]	Mitchell Demnar [AU]	W	9	4
Tim Franklin [AU]	Mitch Knuckey [AU]	W	12	5
Tim Franklin [AU]	Natalie Millar [AU]	W	15	6
Tim Franklin [AU]	Cezar Brandao [AU]	W	18	7
Tim Franklin [AU]	Shaun Murphy [AU]	T	19	8
Tim Franklin [AU]	Brent Tonisson [AU]	W	22	9
Tim Franklin [AU]	Anthony Furney [AU]	W	25	10
Tim Franklin [AU]	Joel Suryadi [AU]	W	28	11
Joel Suryadi [AU]	Ethan Stoeckert [AU]	W	3	1
Joel Suryadi [AU]	Nathan Canty-Seghers [AU]	W	6	2
Joel Suryadi [AU]	Jusitn Cutajar [AU]	W	9	3
Joel Suryadi [AU]	Joshua Sparks [AU]	L	9	4
Joel Suryadi [AU]	Kurt Luck [AU]	W	12	5
Joel Suryadi [AU]	Angus Johnson [AU]	W	15	6
Joel Suryadi [AU]	Jesse Owers [AU]	W	18	7
Joel Suryadi [AU]	Brent Tonisson [AU]	W	21	8
Joel Suryadi [AU]	Aaron Stringfellow [AU]	W	24	9
Joel Suryadi [AU]	Lewis Stevens [AU]	W	27	10
Joel Suryadi [AU]	Tim Franklin [AU]	L	27	11
Anthony Furney [AU]	Angela Lewis [AU]	W	3	1
Anthony Furney [AU]	Ryan Maullin [AU]	W	6	2
Anthony Furney [AU]	Ethan Cooper [AU]	T	7	3
Anthony Furney [AU]	Jacob McSpadden [AU]	W	10	4
Anthony Furney [AU]	James Williams [AU]	W	13	5
Anthony Furney [AU]	Stephen Todorovic [AU]	W	16	6
Anthony Furney [AU]	Robbie Caldwell [AU]	T	17	7
Anthony Furney [AU]	Max Prescott [AU]	W	20	8
Anthony Furney [AU]	Shaun Murphy [AU]	W	23	9
Anthony Furney [AU]	Tim Franklin [AU]	L	23	10
Lewis Stevens [AU]	Montana Drew [AU]	L	0	1
Lewis Stevens [AU]	Brock Costello [AU]	W	3	2
Lewis Stevens [AU]	Jesse Becker [AU]	W	6	3
Lewis Stevens [AU]	Louis Pozzacchio [AU]	W	9	4
Lewis Stevens [AU]	Aaron Stringfellow [AU]	T	10	5
Lewis Stevens [AU]	Han Yang [TW]	W	13	6
Lewis Stevens [AU]	Jonathan Cheong [AU]	W	16	7
Lewis Stevens [AU]	Joshua Sparks [AU]	W	19	8
Lewis Stevens [AU]	Akira Hara [AU]	W	22	9
Lewis Stevens [AU]	Joel Suryadi [AU]	L	22	10
Brent Tonisson [AU]	Tasman Johnstone [AU]	T	1	1
Brent Tonisson [AU]	Hayden Matthews [AU]	W	4	2
Brent Tonisson [AU]	Shane Quinn [AU]	W	7	3
Brent Tonisson [AU]	josh davey [AU]	W	10	4
Brent Tonisson [AU]	Ethan Cooper [AU]	W	13	5
Brent Tonisson [AU]	Joshua Sparks [AU]	W	16	6
Brent Tonisson [AU]	Keegan Burt [AU]	W	19	7
Brent Tonisson [AU]	Joel Suryadi [AU]	L	19	8
Brent Tonisson [AU]	Tim Franklin [AU]	L	19	9
Akira Hara [AU]	Sean Takemoto [AU]	W	3	1
Akira Hara [AU]	Ehren Roebuck [AU]	T	4	2
Akira Hara [AU]	Jacob O’Grady [AU]	L	4	3
Akira Hara [AU]	Hayden Matthews [AU]	W	7	4
Akira Hara [AU]	Montana Drew [AU]	W	10	5
Akira Hara [AU]	Ethan Cooper [AU]	W	13	6
Akira Hara [AU]	Jacob McSpadden [AU]	W	16	7
Akira Hara [AU]	Cezar Brandao [AU]	W	19	8
Akira Hara [AU]	Lewis Stevens [AU]	L	19	9
Shaun Murphy [AU]	David Han [AU]	L	0	1
Shaun Murphy [AU]	Tan Loc Thuan Nguyen [AU]	W	3	2
Shaun Murphy [AU]	Liam Thomas [AU]	W	6	3
Shaun Murphy [AU]	Ida Nero [AU]	W	9	4
Shaun Murphy [AU]	Jacob O’Grady [AU]	W	12	5
Shaun Murphy [AU]	Keely Shaw [NZ]	W	15	6
Shaun Murphy [AU]	Ying Hao Tou [AU]	W	18	7
Shaun Murphy [AU]	Tim Franklin [AU]	T	19	8
Shaun Murphy [AU]	Anthony Furney [AU]	L	19	9
Aaron Stringfellow [AU]	Matthew Wohlsen [AU]	W	3	1
Aaron Stringfellow [AU]	Alex King [AU]	W	6	2
Aaron Stringfellow [AU]	Tommy Le [AU]	L	6	3
Aaron Stringfellow [AU]	Jake Lazzari [AU]	W	9	4
Aaron Stringfellow [AU]	Lewis Stevens [AU]	T	10	5
Aaron Stringfellow [AU]	Lachlan Russell [AU]	W	13	6
Aaron Stringfellow [AU]	Jeremy Lim [AU]	W	16	7
Aaron Stringfellow [AU]	Tibor Baranyay [AU]	W	19	8
Aaron Stringfellow [AU]	Joel Suryadi [AU]	L	19	9
Natalie Millar [AU]	Darcy Ryan [AU]	W	3	1
Natalie Millar [AU]	James Williams [AU]	W	6	2
Natalie Millar [AU]	Stephen Todorovic [AU]	W	9	3
Natalie Millar [AU]	Peter Lo [AU]	L	9	4
Natalie Millar [AU]	Andrew Ng [AU]	W	12	5
Natalie Millar [AU]	Tim Franklin [AU]	L	12	6
Natalie Millar [AU]	Keely Shaw [NZ]	W	15	7
Natalie Millar [AU]	Christian Delloiaco [AU]	W	18	8
Robbie Caldwell [AU]	Nicholas Versic [AU]	W	3	1
Robbie Caldwell [AU]	Benjamin Hall [AU]	W	6	2
Robbie Caldwell [AU]	Nicholas Van Emmerik [AU]	W	9	3
Robbie Caldwell [AU]	Jesse Owers [AU]	W	12	4
Robbie Caldwell [AU]	Peter Lo [AU]	W	15	5
Robbie Caldwell [AU]	Max Prescott [AU]	T	16	6
Robbie Caldwell [AU]	Anthony Furney [AU]	T	17	7
Robbie Caldwell [AU]	Robin Sangwan [AU]	T	18	8
Jesse Owers [AU]	Ida Nero [AU]	W	3	1
Jesse Owers [AU]	Connor Murphy [AU]	W	6	2
Jesse Owers [AU]	Klaus Brinsmead [AU]	W	9	3
Jesse Owers [AU]	Robbie Caldwell [AU]	L	9	4
Jesse Owers [AU]	David Burness [AU]	W	12	5
Jesse Owers [AU]	Peter Lo [AU]	W	15	6
Jesse Owers [AU]	Joel Suryadi [AU]	L	15	7
Jesse Owers [AU]	Blake Lobina [AU]	W	18	8
Robin Sangwan [AU]	Ty Farry [AU]	T	1	1
Robin Sangwan [AU]	Craig McLachlan [AU]	W	4	2
Robin Sangwan [AU]	Jonathan Cheong [AU]	W	7	3
Robin Sangwan [AU]	Jake Cruwys [AU]	W	10	4
Robin Sangwan [AU]	Han Yang [TW]	W	13	5
Robin Sangwan [AU]	Cezar Brandao [AU]	W	16	6
Robin Sangwan [AU]	Max Prescott [AU]	T	17	7
Robin Sangwan [AU]	Robbie Caldwell [AU]	T	18	8
James Williams [AU]	Benjamin Kouzas [AU]	W	3	1
James Williams [AU]	Natalie Millar [AU]	L	3	2
James Williams [AU]	Darcy Ryan [AU]	W	6	3
James Williams [AU]	Klaus Brinsmead [AU]	W	9	4
James Williams [AU]	Anthony Furney [AU]	L	9	5
James Williams [AU]	Kurt Luck [AU]	W	12	6
James Williams [AU]	Stephen Todorovic [AU]	W	15	7
James Williams [AU]	Ehren Roebuck [AU]	W	18	8
Max Prescott [AU]	Tyler Bishop [AU]	W	3	1
Max Prescott [AU]	Jake Lazzari [AU]	W	6	2
Max Prescott [AU]	Zach Quince [AU]	W	9	3
Max Prescott [AU]	Tommy Le [AU]	W	12	4
Max Prescott [AU]	Angus Johnson [AU]	W	15	5
Max Prescott [AU]	Robbie Caldwell [AU]	T	16	6
Max Prescott [AU]	Robin Sangwan [AU]	T	17	7
Max Prescott [AU]	Anthony Furney [AU]	L	17	8
Jeremy Evans [AU]	Darcy Miller [AU]	L	0	1
Jeremy Evans [AU]	Darcy Church [AU]	W	3	2
Jeremy Evans [AU]	Max McInnis [AU]	T	4	3
Jeremy Evans [AU]	Jordan LaBrooy-Thierry [AU]	W	7	4
Jeremy Evans [AU]	Jake Herden [AU]	T	8	5
Jeremy Evans [AU]	Corey Munro [AU]	W	11	6
Jeremy Evans [AU]	Jusitn Cutajar [AU]	W	14	7
Jeremy Evans [AU]	Ying Hao Tou [AU]	W	17	8
Joshua Sparks [AU]	Robert Baum [AU]	W	3	1
Joshua Sparks [AU]	Jamie Harris [AU]	W	6	2
Joshua Sparks [AU]	Jeremy Lim [AU]	W	9	3
Joshua Sparks [AU]	Joel Suryadi [AU]	W	12	4
Joshua Sparks [AU]	Ehren Roebuck [AU]	T	13	5
Joshua Sparks [AU]	Brent Tonisson [AU]	L	13	6
Joshua Sparks [AU]	Henry Brand [AU]	W	16	7
Joshua Sparks [AU]	Lewis Stevens [AU]	L	16	8
Ethan Cooper [AU]	jacques rosseau [AU]	W	3	1
Ethan Cooper [AU]	Louis Pozzacchio [AU]	W	6	2
Ethan Cooper [AU]	Anthony Furney [AU]	T	7	3
Ethan Cooper [AU]	Montana Drew [AU]	W	10	4
Ethan Cooper [AU]	Brent Tonisson [AU]	L	10	5
Ethan Cooper [AU]	Akira Hara [AU]	L	10	6
Ethan Cooper [AU]	Cohen Grimshaw [AU]	W	13	7
Ethan Cooper [AU]	Jacob McSpadden [AU]	W	16	8
Peter Lo [AU]	Paul Coletta [AU]	W	3	1
Peter Lo [AU]	Kurt Luck [AU]	W	6	2
Peter Lo [AU]	Andrew Ng [AU]	W	9	3
Peter Lo [AU]	Natalie Millar [AU]	W	12	4
Peter Lo [AU]	Robbie Caldwell [AU]	L	12	5
Peter Lo [AU]	Jesse Owers [AU]	L	12	6
Peter Lo [AU]	Ciaran Bradley [NZ]	T	13	7
Peter Lo [AU]	Lucas Hamilton-Foster [AU]	W	16	8
Louis Pozzacchio [AU]	Mitch Knuckey [AU]	W	3	1
Louis Pozzacchio [AU]	Ethan Cooper [AU]	L	3	2
Louis Pozzacchio [AU]	Nick Murtagh [AU]	W	6	3
Louis Pozzacchio [AU]	Lewis Stevens [AU]	L	6	4
Louis Pozzacchio [AU]	Ida Nero [AU]	T	7	5
Louis Pozzacchio [AU]	Hakim Moussaoui [AU]	W	10	6
Louis Pozzacchio [AU]	Kye Edmondston [AU]	W	13	7
Louis Pozzacchio [AU]	Lawrence Luo [AU]	W	16	8
Angus Johnson [AU]	Darcy Church [AU]	W	3	1
Angus Johnson [AU]	David Han [AU]	W	6	2
Angus Johnson [AU]	Chris Johnstone [AU]	W	9	3
Angus Johnson [AU]	Ciaran Bradley [NZ]	W	12	4
Angus Johnson [AU]	Max Prescott [AU]	L	12	5
Angus Johnson [AU]	Joel Suryadi [AU]	L	12	6
Angus Johnson [AU]	Zach Quince [AU]	W	15	7
Angus Johnson [AU]	Mitch Knuckey [AU]	T	16	8
Jonathan Cheong [AU]	Christopher Darwen [AU]	W	3	1
Jonathan Cheong [AU]	Han Yang [TW]	T	4	2
Jonathan Cheong [AU]	Robin Sangwan [AU]	L	4	3
Jonathan Cheong [AU]	Chris Johnstone [AU]	W	7	4
Jonathan Cheong [AU]	Joseph Hawes [AU]	W	10	5
Jonathan Cheong [AU]	Tyler Bishop [AU]	W	13	6
Jonathan Cheong [AU]	Lewis Stevens [AU]	L	13	7
Jonathan Cheong [AU]	Pearl Grimshaw [AU]	W	16	8
Mitch Knuckey [AU]	Louis Pozzacchio [AU]	L	0	1
Mitch Knuckey [AU]	Angela Lewis [AU]	W	3	2
Mitch Knuckey [AU]	Ryan Burt [AU]	W	6	3
Mitch Knuckey [AU]	Hoong Yoong Ngiam [AU]	W	9	4
Mitch Knuckey [AU]	Tim Franklin [AU]	L	9	5
Mitch Knuckey [AU]	Mitchell Demnar [AU]	W	12	6
Mitch Knuckey [AU]	Joshua Martin [AU]	W	15	7
Mitch Knuckey [AU]	Angus Johnson [AU]	T	16	8
Keegan Burt [AU]	Jake Blackney [AU]	W	3	1
Keegan Burt [AU]	Thomas Wohlsen [AU]	W	6	2
Keegan Burt [AU]	Daniel Gauld [AU]	W	9	3
Keegan Burt [AU]	Harrison Hodges [AU]	W	12	4
Keegan Burt [AU]	Cezar Brandao [AU]	L	12	5
Keegan Burt [AU]	Ciaran Bradley [NZ]	W	15	6
Keegan Burt [AU]	Brent Tonisson [AU]	L	15	7
Keegan Burt [AU]	Andrew Ng [AU]	T	16	8
Jeremy Lim [AU]	Jershon Yong [AU]	W	3	1
Jeremy Lim [AU]	Duy Le [AU]	W	6	2
Jeremy Lim [AU]	Joshua Sparks [AU]	L	6	3
Jeremy Lim [AU]	Zachary Vella [AU]	W	9	4
Jeremy Lim [AU]	Anton Piccio [AU]	T	10	5
Jeremy Lim [AU]	Kye Edmondston [AU]	W	13	6
Jeremy Lim [AU]	Aaron Stringfellow [AU]	L	13	7
Jeremy Lim [AU]	Ciaran Bradley [NZ]	W	16	8
Hayden Matthews [AU]	Yasuyuki Handa [AU]	T	1	1
Hayden Matthews [AU]	Brent Tonisson [AU]	L	1	2
Hayden Matthews [AU]	Jack Vellacott [AU]	W	4	3
Hayden Matthews [AU]	Akira Hara [AU]	L	4	4
Hayden Matthews [AU]	Naomi Lindh [AU]	W	7	5
Hayden Matthews [AU]	Taj McIntosh [AU]	W	10	6
Hayden Matthews [AU]	Klaus Brinsmead [AU]	W	13	7
Hayden Matthews [AU]	Harrison Hodges [AU]	W	16	8
Andrew Ng [AU]	Lachlan Gibson [AU]	W	3	1
Andrew Ng [AU]	Keely Shaw [NZ]	W	6	2
Andrew Ng [AU]	Peter Lo [AU]	L	6	3
Andrew Ng [AU]	Ryan Maullin [AU]	W	9	4
Andrew Ng [AU]	Natalie Millar [AU]	L	9	5
Andrew Ng [AU]	Dominic Tay [NZ]	W	12	6
Andrew Ng [AU]	Benjamin Hall [AU]	W	15	7
Andrew Ng [AU]	Keegan Burt [AU]	T	16	8
Tibor Baranyay [AU]	Alexander Jemison [AU]	W	3	1
Tibor Baranyay [AU]	Shane Quinn [AU]	T	4	2
Tibor Baranyay [AU]	Jose de la garma [AU]	L	4	3
Tibor Baranyay [AU]	Jessica Karim [AU]	W	7	4
Tibor Baranyay [AU]	Taj McIntosh [AU]	W	10	5
Tibor Baranyay [AU]	Kelvin Duong [AU]	W	13	6
Tibor Baranyay [AU]	Harrison Hodges [AU]	W	16	7
Tibor Baranyay [AU]	Aaron Stringfellow [AU]	L	16	8
Kelvin Duong [AU]	Ciaran Bradley [NZ]	L	0	1
Kelvin Duong [AU]	ryan sayers [AU]	W	3	2
Kelvin Duong [AU]	Thomas Wohlsen [AU]	T	4	3
Kelvin Duong [AU]	Jershon Yong [AU]	W	7	4
Kelvin Duong [AU]	josh davey [AU]	W	10	5
Kelvin Duong [AU]	Tibor Baranyay [AU]	L	10	6
Kelvin Duong [AU]	Han Yang [TW]	W	13	7
Kelvin Duong [AU]	David Burness [AU]	W	16	8
Henry Brand [AU]	Rhys Dalli [AU]	W	3	1
Henry Brand [AU]	Ciaran Bradley [NZ]	L	3	2
Henry Brand [AU]	Timothy Uyeda [AU]	W	6	3
Henry Brand [AU]	Matthew Anderson [AU]	W	9	4
Henry Brand [AU]	Cohen Grimshaw [AU]	W	12	5
Henry Brand [AU]	Christian Delloiaco [AU]	T	13	6
Henry Brand [AU]	Joshua Sparks [AU]	L	13	7
Henry Brand [AU]	Jake Cruwys [AU]	W	16	8
Nick Murtagh [AU]	Ehren Roebuck [AU]	L	0	1
Nick Murtagh [AU]	Brenden Baker [AU]	W	3	2
Nick Murtagh [AU]	Louis Pozzacchio [AU]	L	3	3
Nick Murtagh [AU]	Madoka Tanigaki [JP]	T	4	4
Nick Murtagh [AU]	Jershon Yong [AU]	W	7	5
Nick Murtagh [AU]	Jacob Smyth [AU]	W	10	6
Nick Murtagh [AU]	Ida Nero [AU]	W	13	7
Nick Murtagh [AU]	Tasman Johnstone [AU]	W	16	8
Kirryn Hatch [AU]	Hoong Yoong Ngiam [AU]	L	0	1
Kirryn Hatch [AU]	Ryan Burt [AU]	L	0	2
Kirryn Hatch [AU]	Peter Fay [AU]	T	1	3
Kirryn Hatch [AU]	Lachlan Gibson [AU]	W	4	4
Kirryn Hatch [AU]	Jessica Karim [AU]	W	7	5
Kirryn Hatch [AU]	Michael Hammond [AU]	W	10	6
Kirryn Hatch [AU]	Liam Thomas [AU]	W	13	7
Kirryn Hatch [AU]	josh davey [AU]	W	16	8
Cezar Brandao [AU]	Brynn Achilles [AU]	W	3	1
Cezar Brandao [AU]	Jacob O’Grady [AU]	W	6	2
Cezar Brandao [AU]	Jeb Collins [AU]	W	9	3
Cezar Brandao [AU]	Blake Lobina [AU]	W	12	4
Cezar Brandao [AU]	Keegan Burt [AU]	W	15	5
Cezar Brandao [AU]	Robin Sangwan [AU]	L	15	6
Cezar Brandao [AU]	Tim Franklin [AU]	L	15	7
Cezar Brandao [AU]	Akira Hara [AU]	L	15	8
Christian Delloiaco [AU]	Joel Wotton [AU]	W	3	1
Christian Delloiaco [AU]	josh davey [AU]	T	4	2
Christian Delloiaco [AU]	Anton Piccio [AU]	T	5	3
Christian Delloiaco [AU]	Aiden Harrison [AU]	W	8	4
Christian Delloiaco [AU]	Darcy Miller [AU]	W	11	5
Christian Delloiaco [AU]	Henry Brand [AU]	T	12	6
Christian Delloiaco [AU]	Mervin Chiang [AU]	W	15	7
Christian Delloiaco [AU]	Natalie Millar [AU]	L	15	8
Stephen Todorovic [AU]	Pippin Greening [AU]	W	3	1
Stephen Todorovic [AU]	Jesse Becker [AU]	W	6	2
Stephen Todorovic [AU]	Natalie Millar [AU]	L	6	3
Stephen Todorovic [AU]	Liam Pomfret [AU]	W	9	4
Stephen Todorovic [AU]	Tommy Le [AU]	W	12	5
Stephen Todorovic [AU]	Anthony Furney [AU]	L	12	6
Stephen Todorovic [AU]	James Williams [AU]	L	12	7
Stephen Todorovic [AU]	Max McInnis [AU]	W	15	8
Shane Quinn [AU]	Carmela Nucifora [AU]	W	3	1
Shane Quinn [AU]	Tibor Baranyay [AU]	T	4	2
Shane Quinn [AU]	Brent Tonisson [AU]	L	4	3
Shane Quinn [AU]	Jake Blackney [AU]	W	7	4
Shane Quinn [AU]	Craig McLachlan [AU]	T	8	5
Shane Quinn [AU]	Jake Herden [AU]	T	9	6
Shane Quinn [AU]	Joshua Jevremov [AU]	W	12	7
Shane Quinn [AU]	Nick Bell [AU]	W	15	8
Blake Lobina [AU]	Damon Murdoch [AU]	W	3	1
Blake Lobina [AU]	Madoka Tanigaki [JP]	W	6	2
Blake Lobina [AU]	Joshua Martin [AU]	W	9	3
Blake Lobina [AU]	Cezar Brandao [AU]	L	9	4
Blake Lobina [AU]	Ciaran Bradley [NZ]	L	9	5
Blake Lobina [AU]	Anton Piccio [AU]	W	12	6
Blake Lobina [AU]	Michael Wilson [AU]	W	15	7
Blake Lobina [AU]	Jesse Owers [AU]	L	15	8
Craig McLachlan [AU]	Jacob Smyth [AU]	T	1	1
Craig McLachlan [AU]	Robin Sangwan [AU]	L	1	2
Craig McLachlan [AU]	Joshua Glen [AU]	W	4	3
Craig McLachlan [AU]	Brynn Achilles [AU]	W	7	4
Craig McLachlan [AU]	Shane Quinn [AU]	T	8	5
Craig McLachlan [AU]	Tasman Johnstone [AU]	T	9	6
Craig McLachlan [AU]	Jake Lazzari [AU]	W	12	7
Craig McLachlan [AU]	Mervin Chiang [AU]	W	15	8
Jake Herden [AU]	Frank Brown [AU]	T	1	1
Jake Herden [AU]	Josephine Nucifora [AU]	W	4	2
Jake Herden [AU]	Jamison Bulloch [AU]	W	7	3
Jake Herden [AU]	Han Yang [TW]	L	7	4
Jake Herden [AU]	Jeremy Evans [AU]	T	8	5
Jake Herden [AU]	Shane Quinn [AU]	T	9	6
Jake Herden [AU]	Matthew Anderson [AU]	W	12	7
Jake Herden [AU]	Benjamin Hall [AU]	W	15	8
Michael Wilson [AU]	Robert Spence [AU]	W	3	1
Michael Wilson [AU]	Hoong Yoong Ngiam [AU]	L	3	2
Michael Wilson [AU]	Benjamin Hall [AU]	L	3	3
Michael Wilson [AU]	Joshua Grob [AU]	W	6	4
Michael Wilson [AU]	Jesse Becker [AU]	W	9	5
Michael Wilson [AU]	Darcy Ryan [AU]	W	12	6
Michael Wilson [AU]	Blake Lobina [AU]	L	12	7
Michael Wilson [AU]	Keely Shaw [NZ]	W	15	8
Llewellyn Roydhouse [AU]	Han Yang [TW]	L	0	1
Llewellyn Roydhouse [AU]	Cherakee Evans [AU]	W	3	2
Llewellyn Roydhouse [AU]	Duy Le [AU]	L	3	3
Llewellyn Roydhouse [AU]	Joel Wotton [AU]	W	6	4
Llewellyn Roydhouse [AU]	Nick Bell [AU]	L	6	5
Llewellyn Roydhouse [AU]	Sebastian McFadden [AU]	W	9	6
Llewellyn Roydhouse [AU]	Anton Piccio [AU]	W	12	7
Llewellyn Roydhouse [AU]	Connor Murphy [AU]	W	15	8
Aiden Harrison [AU]	Jake Lazzari [AU]	L	0	1
Aiden Harrison [AU]	Rhys Dalli [AU]	W	3	2
Aiden Harrison [AU]	Nathan Canty-Seghers [AU]	W	6	3
Aiden Harrison [AU]	Christian Delloiaco [AU]	L	6	4
Aiden Harrison [AU]	Brock Costello [AU]	W	9	5
Aiden Harrison [AU]	Benjamin Hall [AU]	L	9	6
Aiden Harrison [AU]	Robert Baum [AU]	W	12	7
Aiden Harrison [AU]	Julian Luvara [AU]	W	15	8
Ehren Roebuck [AU]	Nick Murtagh [AU]	W	3	1
Ehren Roebuck [AU]	Akira Hara [AU]	T	4	2
Ehren Roebuck [AU]	Jessica Karim [AU]	W	7	3
Ehren Roebuck [AU]	Joseph Hawes [AU]	W	10	4
Ehren Roebuck [AU]	Joshua Sparks [AU]	T	11	5
Ehren Roebuck [AU]	Ying Hao Tou [AU]	L	11	6
Ehren Roebuck [AU]	Darcy Miller [AU]	W	14	7
Ehren Roebuck [AU]	James Williams [AU]	L	14	8
Ying Hao Tou [AU]	Anthony Tsang [AU]	T	1	1
Ying Hao Tou [AU]	Yasuyuki Handa [AU]	W	4	2
Ying Hao Tou [AU]	Taylor Thomas [AU]	W	7	3
Ying Hao Tou [AU]	Jose de la garma [AU]	T	8	4
Ying Hao Tou [AU]	Julian Luvara [AU]	W	11	5
Ying Hao Tou [AU]	Ehren Roebuck [AU]	W	14	6
Ying Hao Tou [AU]	Shaun Murphy [AU]	L	14	7
Ying Hao Tou [AU]	Jeremy Evans [AU]	L	14	8
Corey Grimshaw [AU]	Peter Fay [AU]	W	3	1
Corey Grimshaw [AU]	Montana Drew [AU]	L	3	2
Corey Grimshaw [AU]	Christopher Darwen [AU]	W	6	3
Corey Grimshaw [AU]	Jusitn Cutajar [AU]	L	6	4
Corey Grimshaw [AU]	Zachary Vella [AU]	W	9	5
Corey Grimshaw [AU]	David Burness [AU]	T	10	6
Corey Grimshaw [AU]	Yasuyuki Handa [AU]	T	11	7
Corey Grimshaw [AU]	Zach Quince [AU]	W	14	8
Corey Munro [AU]	Anton Piccio [AU]	T	1	1
Corey Munro [AU]	Jessica Karim [AU]	L	1	2
Corey Munro [AU]	Yasuyuki Handa [AU]	W	4	3
Corey Munro [AU]	Thomas Wohlsen [AU]	T	5	4
Corey Munro [AU]	Taylor Thomas [AU]	W	8	5
Corey Munro [AU]	Jeremy Evans [AU]	L	8	6
Corey Munro [AU]	Nicholas Versic [AU]	W	11	7
Corey Munro [AU]	Peter Fay [AU]	W	14	8
Ciaran Bradley [NZ]	Kelvin Duong [AU]	W	3	1
Ciaran Bradley [NZ]	Henry Brand [AU]	W	6	2
Ciaran Bradley [NZ]	Hoong Yoong Ngiam [AU]	W	9	3
Ciaran Bradley [NZ]	Angus Johnson [AU]	L	9	4
Ciaran Bradley [NZ]	Blake Lobina [AU]	W	12	5
Ciaran Bradley [NZ]	Keegan Burt [AU]	L	12	6
Ciaran Bradley [NZ]	Peter Lo [AU]	T	13	7
Ciaran Bradley [NZ]	Jeremy Lim [AU]	L	13	8
Han Yang [TW]	Llewellyn Roydhouse [AU]	W	3	1
Han Yang [TW]	Jonathan Cheong [AU]	T	4	2
Han Yang [TW]	Damion Palmer [AU]	W	7	3
Han Yang [TW]	Jake Herden [AU]	W	10	4
Han Yang [TW]	Robin Sangwan [AU]	L	10	5
Han Yang [TW]	Lewis Stevens [AU]	L	10	6
Han Yang [TW]	Kelvin Duong [AU]	L	10	7
Han Yang [TW]	Anthony Smith [AU]	W	13	8
Jacob McSpadden [AU]	Mitchell Demnar [AU]	W	3	1
Jacob McSpadden [AU]	Darcy Miller [AU]	T	4	2
Jacob McSpadden [AU]	Jordan LaBrooy-Thierry [AU]	W	7	3
Jacob McSpadden [AU]	Anthony Furney [AU]	L	7	4
Jacob McSpadden [AU]	Hakim Moussaoui [AU]	W	10	5
Jacob McSpadden [AU]	Nick Bell [AU]	W	13	6
Jacob McSpadden [AU]	Akira Hara [AU]	L	13	7
Jacob McSpadden [AU]	Ethan Cooper [AU]	L	13	8
Harrison Hodges [AU]	Timothy Uyeda [AU]	W	3	1
Harrison Hodges [AU]	Cohen Grimshaw [AU]	W	6	2
Harrison Hodges [AU]	Lucas Hamilton-Foster [AU]	W	9	3
Harrison Hodges [AU]	Keegan Burt [AU]	L	9	4
Harrison Hodges [AU]	Jusitn Cutajar [AU]	T	10	5
Harrison Hodges [AU]	Andrew Mossetter [AU]	W	13	6
Harrison Hodges [AU]	Tibor Baranyay [AU]	L	13	7
Harrison Hodges [AU]	Hayden Matthews [AU]	L	13	8
josh davey [AU]	Bayley Moore [AU]	W	3	1
josh davey [AU]	Christian Delloiaco [AU]	T	4	2
josh davey [AU]	Jacob Smyth [AU]	W	7	3
josh davey [AU]	Brent Tonisson [AU]	L	7	4
josh davey [AU]	Kelvin Duong [AU]	L	7	5
josh davey [AU]	Joseph Hawes [AU]	W	10	6
josh davey [AU]	Hoong Yoong Ngiam [AU]	W	13	7
josh davey [AU]	Kirryn Hatch [AU]	L	13	8
Hoong Yoong Ngiam [AU]	Kirryn Hatch [AU]	W	3	1
Hoong Yoong Ngiam [AU]	Michael Wilson [AU]	W	6	2
Hoong Yoong Ngiam [AU]	Ciaran Bradley [NZ]	L	6	3
Hoong Yoong Ngiam [AU]	Mitch Knuckey [AU]	L	6	4
Hoong Yoong Ngiam [AU]	Nicholas Van Emmerik [AU]	W	9	5
Hoong Yoong Ngiam [AU]	Cohen Grimshaw [AU]	T	10	6
Hoong Yoong Ngiam [AU]	josh davey [AU]	L	10	7
Hoong Yoong Ngiam [AU]	Kurt Luck [AU]	W	13	8
Kye Edmondston [AU]	Mervin Chiang [AU]	L	0	1
Kye Edmondston [AU]	DONGXU LI [AU]	T	1	2
Kye Edmondston [AU]	Sarah Hogan [AU]	W	4	3
Kye Edmondston [AU]	Jacob Smyth [AU]	W	7	4
Kye Edmondston [AU]	Anthony Smith [AU]	W	10	5
Kye Edmondston [AU]	Jeremy Lim [AU]	L	10	6
Kye Edmondston [AU]	Louis Pozzacchio [AU]	L	10	7
Kye Edmondston [AU]	Tan Loc Thuan Nguyen [AU]	W	13	8
David Burness [AU]	Tom McKenzie [AU]	L	0	1
David Burness [AU]	Lawrence Luo [AU]	W	3	2
David Burness [AU]	Mervin Chiang [AU]	W	6	3
David Burness [AU]	Duy Le [AU]	W	9	4
David Burness [AU]	Jesse Owers [AU]	L	9	5
David Burness [AU]	Corey Grimshaw [AU]	T	10	6
David Burness [AU]	Lachlan Russell [AU]	W	13	7
David Burness [AU]	Kelvin Duong [AU]	L	13	8
Cohen Grimshaw [AU]	Brock Costello [AU]	W	3	1
Cohen Grimshaw [AU]	Harrison Hodges [AU]	L	3	2
Cohen Grimshaw [AU]	Sebastian McFadden [AU]	W	6	3
Cohen Grimshaw [AU]	Joshua Martin [AU]	W	9	4
Cohen Grimshaw [AU]	Henry Brand [AU]	L	9	5
Cohen Grimshaw [AU]	Hoong Yoong Ngiam [AU]	T	10	6
Cohen Grimshaw [AU]	Ethan Cooper [AU]	L	10	7
Cohen Grimshaw [AU]	Jershon Yong [AU]	W	13	8
Lucas Hamilton-Foster [AU]	Andrew Mossetter [AU]	W	3	1
Lucas Hamilton-Foster [AU]	Taj McIntosh [AU]	W	6	2
Lucas Hamilton-Foster [AU]	Harrison Hodges [AU]	L	6	3
Lucas Hamilton-Foster [AU]	Hakim Moussaoui [AU]	T	7	4
Lucas Hamilton-Foster [AU]	Zach Quince [AU]	L	7	5
Lucas Hamilton-Foster [AU]	Tan Loc Thuan Nguyen [AU]	W	10	6
Lucas Hamilton-Foster [AU]	Jacob O’Grady [AU]	W	13	7
Lucas Hamilton-Foster [AU]	Peter Lo [AU]	L	13	8
Jacob Smyth [AU]	Craig McLachlan [AU]	T	1	1
Jacob Smyth [AU]	Lachlan Russell [AU]	W	4	2
Jacob Smyth [AU]	josh davey [AU]	L	4	3
Jacob Smyth [AU]	Kye Edmondston [AU]	L	4	4
Jacob Smyth [AU]	Melinda McFadden [AU]	W	7	5
Jacob Smyth [AU]	Nick Murtagh [AU]	L	7	6
Jacob Smyth [AU]	Montana Drew [AU]	W	10	7
Jacob Smyth [AU]	Jeb Collins [AU]	W	13	8
Joshua Martin [AU]	Anas Somtua [AU]	W	3	1
Joshua Martin [AU]	Josh Rummell [AU]	W	6	2
Joshua Martin [AU]	Blake Lobina [AU]	L	6	3
Joshua Martin [AU]	Cohen Grimshaw [AU]	L	6	4
Joshua Martin [AU]	Jacob Sparks [AU]	W	9	5
Joshua Martin [AU]	Tommy Le [AU]	W	12	6
Joshua Martin [AU]	Mitch Knuckey [AU]	L	12	7
Joshua Martin [AU]	Joel Wotton [AU]	T	13	8
Jake Cruwys [AU]	Bradley Sachse [AU]	T	1	1
Jake Cruwys [AU]	brad williams [AU]	W	4	2
Jake Cruwys [AU]	Naomi Lindh [AU]	W	7	3
Jake Cruwys [AU]	Robin Sangwan [AU]	L	7	4
Jake Cruwys [AU]	Andrew Mossetter [AU]	L	7	5
Jake Cruwys [AU]	Montana Drew [AU]	W	10	6
Jake Cruwys [AU]	Thomas Wohlsen [AU]	W	13	7
Jake Cruwys [AU]	Henry Brand [AU]	L	13	8
Pearl Grimshaw [AU]	Nathan Reed-Jensen [AU]	W	3	1
Pearl Grimshaw [AU]	Klaus Brinsmead [AU]	L	3	2
Pearl Grimshaw [AU]	Kurt Luck [AU]	L	3	3
Pearl Grimshaw [AU]	Raymond Chan [AU]	T	4	4
Pearl Grimshaw [AU]	Chris Johnstone [AU]	W	7	5
Pearl Grimshaw [AU]	Frank Brown [AU]	W	10	6
Pearl Grimshaw [AU]	Tyler Bishop [AU]	W	13	7
Pearl Grimshaw [AU]	Jonathan Cheong [AU]	L	13	8
Ryan Burt [AU]	Taj McIntosh [AU]	L	0	1
Ryan Burt [AU]	Kirryn Hatch [AU]	W	3	2
Ryan Burt [AU]	Mitch Knuckey [AU]	L	3	3
Ryan Burt [AU]	Pippin Greening [AU]	W	6	4
Ryan Burt [AU]	Brandon Deem [AU]	T	7	5
Ryan Burt [AU]	Ida Nero [AU]	L	7	6
Ryan Burt [AU]	Joseph Hawes [AU]	W	10	7
Ryan Burt [AU]	Matthew Wohlsen [AU]	W	13	8
Liam Thomas [AU]	Kurt Luck [AU]	L	0	1
Liam Thomas [AU]	Katie Clavarino [AU]	W	3	2
Liam Thomas [AU]	Shaun Murphy [AU]	L	3	3
Liam Thomas [AU]	Ethan Stoeckert [AU]	W	6	4
Liam Thomas [AU]	Liam Pomfret [AU]	W	9	5
Liam Thomas [AU]	Jeb Collins [AU]	T	10	6
Liam Thomas [AU]	Kirryn Hatch [AU]	L	10	7
Liam Thomas [AU]	Lachlan Russell [AU]	W	13	8
Chris Johnstone [AU]	Jordan LaBrooy-Thierry [AU]	T	1	1
Chris Johnstone [AU]	Brett Jobling [AU]	W	4	2
Chris Johnstone [AU]	Angus Johnson [AU]	L	4	3
Chris Johnstone [AU]	Jonathan Cheong [AU]	L	4	4
Chris Johnstone [AU]	Pearl Grimshaw [AU]	L	4	5
Chris Johnstone [AU]	Alexander Jemison [AU]	W	7	6
Chris Johnstone [AU]	Ethan Stoeckert [AU]	W	10	7
Chris Johnstone [AU]	Ida Nero [AU]	W	13	8
Joel Wotton [AU]	Christian Delloiaco [AU]	L	0	1
Joel Wotton [AU]	Anthony Smith [AU]	L	0	2
Joel Wotton [AU]	Angela Lewis [AU]	W	3	3
Joel Wotton [AU]	Llewellyn Roydhouse [AU]	L	3	4
Joel Wotton [AU]	Alex King [AU]	W	6	5
Joel Wotton [AU]	Daniel Gauld [AU]	W	9	6
Joel Wotton [AU]	Dominic Tay [NZ]	W	12	7
Joel Wotton [AU]	Joshua Martin [AU]	T	13	8
Lawrence Luo [AU]	Joseph Hawes [AU]	L	0	1
Lawrence Luo [AU]	David Burness [AU]	L	0	2
Lawrence Luo [AU]	Nicholas Versic [AU]	T	1	3
Lawrence Luo [AU]	Jack Vellacott [AU]	W	4	4
Lawrence Luo [AU]	Ty Farry [AU]	W	7	5
Lawrence Luo [AU]	Anthony Smith [AU]	W	10	6
Lawrence Luo [AU]	Jeb Collins [AU]	W	13	7
Lawrence Luo [AU]	Louis Pozzacchio [AU]	L	13	8
DONGXU LI [AU]	Jamie Harris [AU]	L	0	1
DONGXU LI [AU]	Kye Edmondston [AU]	T	1	2
DONGXU LI [AU]	Alec Goznik [AU]	T	2	3
DONGXU LI [AU]	Josephine Nucifora [AU]	W	5	4
DONGXU LI [AU]	Brett Jobling [AU]	T	6	5
DONGXU LI [AU]	Jacob Sparks [AU]	W	9	6
DONGXU LI [AU]	Kurt Luck [AU]	T	10	7
DONGXU LI [AU]	Jordan LaBrooy-Thierry [AU]	W	13	8
Jusitn Cutajar [AU]	Anthony Smith [AU]	W	3	1
Jusitn Cutajar [AU]	Matthew Anderson [AU]	W	6	2
Jusitn Cutajar [AU]	Joel Suryadi [AU]	L	6	3
Jusitn Cutajar [AU]	Corey Grimshaw [AU]	W	9	4
Jusitn Cutajar [AU]	Harrison Hodges [AU]	T	10	5
Jusitn Cutajar [AU]	Zach Quince [AU]	T	11	6
Jusitn Cutajar [AU]	Jeremy Evans [AU]	L	11	7
Jusitn Cutajar [AU]	Yasuyuki Handa [AU]	T	12	8
Benjamin Hall [AU]	Nick Bell [AU]	W	3	1
Benjamin Hall [AU]	Robbie Caldwell [AU]	L	3	2
Benjamin Hall [AU]	Michael Wilson [AU]	W	6	3
Benjamin Hall [AU]	Jeb Collins [AU]	L	6	4
Benjamin Hall [AU]	Nathan Canty-Seghers [AU]	W	9	5
Benjamin Hall [AU]	Aiden Harrison [AU]	W	12	6
Benjamin Hall [AU]	Andrew Ng [AU]	L	12	7
Benjamin Hall [AU]	Jake Herden [AU]	L	12	8
Jesse Becker [AU]	Liam Pomfret [AU]	W	3	1
Jesse Becker [AU]	Stephen Todorovic [AU]	L	3	2
Jesse Becker [AU]	Lewis Stevens [AU]	L	3	3
Jesse Becker [AU]	Connor Murphy [AU]	W	6	4
Jesse Becker [AU]	Michael Wilson [AU]	L	6	5
Jesse Becker [AU]	Brock Costello [AU]	W	9	6
Jesse Becker [AU]	Tasman Johnstone [AU]	L	9	7
Jesse Becker [AU]	Brynn Achilles [AU]	W	12	8
Keely Shaw [NZ]	Joan Manuel Carbonell Acuña [ES]	W	3	1
Keely Shaw [NZ]	Andrew Ng [AU]	L	3	2
Keely Shaw [NZ]	Josh Rummell [AU]	W	6	3
Keely Shaw [NZ]	Jacob Sparks [AU]	W	9	4
Keely Shaw [NZ]	Jeb Collins [AU]	W	12	5
Keely Shaw [NZ]	Shaun Murphy [AU]	L	12	6
Keely Shaw [NZ]	Natalie Millar [AU]	L	12	7
Keely Shaw [NZ]	Michael Wilson [AU]	L	12	8
Mervin Chiang [AU]	Kye Edmondston [AU]	W	3	1
Mervin Chiang [AU]	Zach Quince [AU]	L	3	2
Mervin Chiang [AU]	David Burness [AU]	L	3	3
Mervin Chiang [AU]	Jamie Harris [AU]	W	6	4
Mervin Chiang [AU]	Jake Lazzari [AU]	W	9	5
Mervin Chiang [AU]	Robert Baum [AU]	W	12	6
Mervin Chiang [AU]	Christian Delloiaco [AU]	L	12	7
Mervin Chiang [AU]	Craig McLachlan [AU]	L	12	8
Tasman Johnstone [AU]	Brent Tonisson [AU]	T	1	1
Tasman Johnstone [AU]	Joshua Jevremov [AU]	T	2	2
Tasman Johnstone [AU]	Jacob Sparks [AU]	L	2	3
Tasman Johnstone [AU]	Petra Cooper [AU]	W	5	4
Tasman Johnstone [AU]	Alec Goznik [AU]	W	8	5
Tasman Johnstone [AU]	Craig McLachlan [AU]	T	9	6
Tasman Johnstone [AU]	Jesse Becker [AU]	W	12	7
Tasman Johnstone [AU]	Nick Murtagh [AU]	L	12	8
Yasuyuki Handa [AU]	Hayden Matthews [AU]	T	1	1
Yasuyuki Handa [AU]	Ying Hao Tou [AU]	L	1	2
Yasuyuki Handa [AU]	Corey Munro [AU]	L	1	3
Yasuyuki Handa [AU]	Rhys Dalli [AU]	W	4	4
Yasuyuki Handa [AU]	Paul Coletta [AU]	W	7	5
Yasuyuki Handa [AU]	David Han [AU]	W	10	6
Yasuyuki Handa [AU]	Corey Grimshaw [AU]	T	11	7
Yasuyuki Handa [AU]	Jusitn Cutajar [AU]	T	12	8
Jacob Sparks [AU]	Damion Palmer [AU]	L	0	1
Jacob Sparks [AU]	BYE	W	3	2
Jacob Sparks [AU]	Tasman Johnstone [AU]	W	6	3
Jacob Sparks [AU]	Keely Shaw [NZ]	L	6	4
Jacob Sparks [AU]	Joshua Martin [AU]	L	6	5
Jacob Sparks [AU]	DONGXU LI [AU]	L	6	6
Jacob Sparks [AU]	Michael Hammond [AU]	W	9	7
Jacob Sparks [AU]	Alec Goznik [AU]	W	12	8
Julian Luvara [AU]	Tan Loc Thuan Nguyen [AU]	W	3	1
Julian Luvara [AU]	Damion Palmer [AU]	T	4	2
Julian Luvara [AU]	Tom McKenzie [AU]	W	7	3
Julian Luvara [AU]	Darcy Miller [AU]	T	8	4
Julian Luvara [AU]	Ying Hao Tou [AU]	L	8	5
Julian Luvara [AU]	Thomas Wohlsen [AU]	T	9	6
Julian Luvara [AU]	Darcy Ryan [AU]	W	12	7
Julian Luvara [AU]	Aiden Harrison [AU]	L	12	8
Ryan Maullin [AU]	Dominic Tay [NZ]	W	3	1
Ryan Maullin [AU]	Anthony Furney [AU]	L	3	2
Ryan Maullin [AU]	Robert Baum [AU]	W	6	3
Ryan Maullin [AU]	Andrew Ng [AU]	L	6	4
Ryan Maullin [AU]	Darcy Ryan [AU]	L	6	5
Ryan Maullin [AU]	Jake Lazzari [AU]	L	6	6
Ryan Maullin [AU]	Daniel Gauld [AU]	W	9	7
Ryan Maullin [AU]	Joshua Jevremov [AU]	W	12	8
Max McInnis [AU]	Hakim Moussaoui [AU]	L	0	1
Max McInnis [AU]	Ethan Stoeckert [AU]	W	3	2
Max McInnis [AU]	Jeremy Evans [AU]	T	4	3
Max McInnis [AU]	Taylor Thomas [AU]	T	5	4
Max McInnis [AU]	Joshua Jevremov [AU]	T	6	5
Max McInnis [AU]	Zachary Vella [AU]	W	9	6
Max McInnis [AU]	Christopher Darwen [AU]	W	12	7
Max McInnis [AU]	Stephen Todorovic [AU]	L	12	8
Christopher Darwen [AU]	Jonathan Cheong [AU]	L	0	1
Christopher Darwen [AU]	Joshua Grob [AU]	W	3	2
Christopher Darwen [AU]	Corey Grimshaw [AU]	L	3	3
Christopher Darwen [AU]	Timothy Uyeda [AU]	W	6	4
Christopher Darwen [AU]	Klaus Brinsmead [AU]	L	6	5
Christopher Darwen [AU]	Jamie Harris [AU]	W	9	6
Christopher Darwen [AU]	Max McInnis [AU]	L	9	7
Christopher Darwen [AU]	Jose de la garma [AU]	W	12	8
Matthew Anderson [AU]	Brenden Baker [AU]	W	3	1
Matthew Anderson [AU]	Jusitn Cutajar [AU]	L	3	2
Matthew Anderson [AU]	Raymond Chan [AU]	W	6	3
Matthew Anderson [AU]	Henry Brand [AU]	L	6	4
Matthew Anderson [AU]	Dominic Tay [NZ]	L	6	5
Matthew Anderson [AU]	Brandon Deem [AU]	W	9	6
Matthew Anderson [AU]	Jake Herden [AU]	L	9	7
Matthew Anderson [AU]	Pippin Greening [AU]	W	12	8
Nick Bell [AU]	Benjamin Hall [AU]	L	0	1
Nick Bell [AU]	Sebastian McFadden [AU]	L	0	2
Nick Bell [AU]	Nathan Reed-Jensen [AU]	W	3	3
Nick Bell [AU]	Josh Rummell [AU]	W	6	4
Nick Bell [AU]	Llewellyn Roydhouse [AU]	W	9	5
Nick Bell [AU]	Jacob McSpadden [AU]	L	9	6
Nick Bell [AU]	Nathan Canty-Seghers [AU]	W	12	7
Nick Bell [AU]	Shane Quinn [AU]	L	12	8
Connor Murphy [AU]	Katie Clavarino [AU]	W	3	1
Connor Murphy [AU]	Jesse Owers [AU]	L	3	2
Connor Murphy [AU]	Taj McIntosh [AU]	L	3	3
Connor Murphy [AU]	Jesse Becker [AU]	L	3	4
Connor Murphy [AU]	Anas Somtua [AU]	W	6	5
Connor Murphy [AU]	Duy Le [AU]	W	9	6
Connor Murphy [AU]	Tommy Le [AU]	W	12	7
Connor Murphy [AU]	Llewellyn Roydhouse [AU]	L	12	8
Zachary Vella [AU]	Michael Hammond [AU]	W	3	1
Zachary Vella [AU]	Joseph Hawes [AU]	L	3	2
Zachary Vella [AU]	Alex King [AU]	W	6	3
Zachary Vella [AU]	Jeremy Lim [AU]	L	6	4
Zachary Vella [AU]	Corey Grimshaw [AU]	L	6	5
Zachary Vella [AU]	Max McInnis [AU]	L	6	6
Zachary Vella [AU]	Brock Costello [AU]	W	9	7
Zachary Vella [AU]	Dominic Tay [NZ]	W	12	8
Anthony Tsang [AU]	Ying Hao Tou [AU]	T	1	1
Anthony Tsang [AU]	Anton Piccio [AU]	L	1	2
Anthony Tsang [AU]	Benjamin Small [AU]	T	2	3
Anthony Tsang [AU]	Alec Goznik [AU]	L	2	4
Anthony Tsang [AU]	Alex Bey [AU]	W	5	5
Anthony Tsang [AU]	Yuanxu Li [AU]	W	8	6
Anthony Tsang [AU]	Jose de la garma [AU]	T	9	7
Anthony Tsang [AU]	Anas Somtua [AU]	W	12	8
Darcy Miller [AU]	Jeremy Evans [AU]	W	3	1
Darcy Miller [AU]	Jacob McSpadden [AU]	T	4	2
Darcy Miller [AU]	Yuanxu Li [AU]	W	7	3
Darcy Miller [AU]	Julian Luvara [AU]	T	8	4
Darcy Miller [AU]	Christian Delloiaco [AU]	L	8	5
Darcy Miller [AU]	Jose de la garma [AU]	W	11	6
Darcy Miller [AU]	Ehren Roebuck [AU]	L	11	7
Klaus Brinsmead [AU]	Cherakee Evans [AU]	W	3	1
Klaus Brinsmead [AU]	Pearl Grimshaw [AU]	W	6	2
Klaus Brinsmead [AU]	Jesse Owers [AU]	L	6	3
Klaus Brinsmead [AU]	James Williams [AU]	L	6	4
Klaus Brinsmead [AU]	Christopher Darwen [AU]	W	9	5
Klaus Brinsmead [AU]	Jacob O’Grady [AU]	T	10	6
Klaus Brinsmead [AU]	Hayden Matthews [AU]	L	10	7
Klaus Brinsmead [AU]	Tyler Bishop [AU]	T	11	8
Zach Quince [AU]	Jack Vellacott [AU]	W	3	1
Zach Quince [AU]	Mervin Chiang [AU]	W	6	2
Zach Quince [AU]	Max Prescott [AU]	L	6	3
Zach Quince [AU]	Taj McIntosh [AU]	T	7	4
Zach Quince [AU]	Lucas Hamilton-Foster [AU]	W	10	5
Zach Quince [AU]	Jusitn Cutajar [AU]	T	11	6
Zach Quince [AU]	Angus Johnson [AU]	L	11	7
Zach Quince [AU]	Corey Grimshaw [AU]	L	11	8
Taj McIntosh [AU]	Ryan Burt [AU]	W	3	1
Taj McIntosh [AU]	Lucas Hamilton-Foster [AU]	L	3	2
Taj McIntosh [AU]	Connor Murphy [AU]	W	6	3
Taj McIntosh [AU]	Zach Quince [AU]	T	7	4
Taj McIntosh [AU]	Tibor Baranyay [AU]	L	7	5
Taj McIntosh [AU]	Hayden Matthews [AU]	L	7	6
Taj McIntosh [AU]	Josh Rummell [AU]	W	10	7
Taj McIntosh [AU]	Damion Palmer [AU]	T	11	8
Tyler Bishop [AU]	Max Prescott [AU]	L	0	1
Tyler Bishop [AU]	Jessica McKay [AU]	W	3	2
Tyler Bishop [AU]	Anthony Smith [AU]	T	4	3
Tyler Bishop [AU]	Melinda McFadden [AU]	W	7	4
Tyler Bishop [AU]	Frank Brown [AU]	W	10	5
Tyler Bishop [AU]	Jonathan Cheong [AU]	L	10	6
Tyler Bishop [AU]	Pearl Grimshaw [AU]	L	10	7
Tyler Bishop [AU]	Klaus Brinsmead [AU]	T	11	8
Peter Fay [AU]	Corey Grimshaw [AU]	L	0	1
Peter Fay [AU]	Robert Baum [AU]	L	0	2
Peter Fay [AU]	Kirryn Hatch [AU]	T	1	3
Peter Fay [AU]	Alex Bey [AU]	T	2	4
Peter Fay [AU]	Sarah Hogan [AU]	W	5	5
Peter Fay [AU]	Jamison Bulloch [AU]	W	8	6
Peter Fay [AU]	Raymond Chan [AU]	W	11	7
Peter Fay [AU]	Corey Munro [AU]	L	11	8
Damion Palmer [AU]	Jacob Sparks [AU]	W	3	1
Damion Palmer [AU]	Julian Luvara [AU]	T	4	2
Damion Palmer [AU]	Han Yang [TW]	L	4	3
Damion Palmer [AU]	Frank Brown [AU]	L	4	4
Damion Palmer [AU]	Nicholas Versic [AU]	L	4	5
Damion Palmer [AU]	Piper Ingram [AU]	W	7	6
Damion Palmer [AU]	Liam Pomfret [AU]	W	10	7
Damion Palmer [AU]	Taj McIntosh [AU]	T	11	8
Yuanxu Li [AU]	Jamison Bulloch [AU]	T	1	1
Yuanxu Li [AU]	Bradley Sachse [AU]	W	4	2
Yuanxu Li [AU]	Darcy Miller [AU]	L	4	3
Yuanxu Li [AU]	Anthony Smith [AU]	L	4	4
Yuanxu Li [AU]	Cherakee Evans [AU]	T	5	5
Yuanxu Li [AU]	Anthony Tsang [AU]	L	5	6
Yuanxu Li [AU]	Robert Spence [AU]	W	8	7
Yuanxu Li [AU]	Robert Baum [AU]	W	11	8
Raymond Chan [AU]	Alanah Swan [AU]	W	3	1
Raymond Chan [AU]	Tommy Le [AU]	L	3	2
Raymond Chan [AU]	Matthew Anderson [AU]	L	3	3
Raymond Chan [AU]	Pearl Grimshaw [AU]	T	4	4
Raymond Chan [AU]	Tom McKenzie [AU]	T	5	5
Raymond Chan [AU]	Taylor Thomas [AU]	W	8	6
Raymond Chan [AU]	Peter Fay [AU]	L	8	7
Raymond Chan [AU]	Nicholas Versic [AU]	W	11	8
Kurt Luck [AU]	Liam Thomas [AU]	W	3	1
Kurt Luck [AU]	Peter Lo [AU]	L	3	2
Kurt Luck [AU]	Pearl Grimshaw [AU]	W	6	3
Kurt Luck [AU]	Daniel Gauld [AU]	W	9	4
Kurt Luck [AU]	Joel Suryadi [AU]	L	9	5
Kurt Luck [AU]	James Williams [AU]	L	9	6
Kurt Luck [AU]	DONGXU LI [AU]	T	10	7
Kurt Luck [AU]	Hoong Yoong Ngiam [AU]	L	10	8
Ida Nero [AU]	Jesse Owers [AU]	L	0	1
Ida Nero [AU]	Alexander Jemison [AU]	W	3	2
Ida Nero [AU]	Anas Somtua [AU]	W	6	3
Ida Nero [AU]	Shaun Murphy [AU]	L	6	4
Ida Nero [AU]	Louis Pozzacchio [AU]	T	7	5
Ida Nero [AU]	Ryan Burt [AU]	W	10	6
Ida Nero [AU]	Nick Murtagh [AU]	L	10	7
Ida Nero [AU]	Chris Johnstone [AU]	L	10	8
Anton Piccio [AU]	Corey Munro [AU]	T	1	1
Anton Piccio [AU]	Anthony Tsang [AU]	W	4	2
Anton Piccio [AU]	Christian Delloiaco [AU]	T	5	3
Anton Piccio [AU]	Joshua Jevremov [AU]	W	8	4
Anton Piccio [AU]	Jeremy Lim [AU]	T	9	5
Anton Piccio [AU]	Blake Lobina [AU]	L	9	6
Anton Piccio [AU]	Llewellyn Roydhouse [AU]	L	9	7
Anton Piccio [AU]	Thomas Wohlsen [AU]	T	10	8
Jacob O’Grady [AU]	Sebastian McFadden [AU]	W	3	1
Jacob O’Grady [AU]	Cezar Brandao [AU]	L	3	2
Jacob O’Grady [AU]	Akira Hara [AU]	W	6	3
Jacob O’Grady [AU]	Nicholas Van Emmerik [AU]	W	9	4
Jacob O’Grady [AU]	Shaun Murphy [AU]	L	9	5
Jacob O’Grady [AU]	Klaus Brinsmead [AU]	T	10	6
Jacob O’Grady [AU]	Lucas Hamilton-Foster [AU]	L	10	7
Montana Drew [AU]	Lewis Stevens [AU]	W	3	1
Montana Drew [AU]	Corey Grimshaw [AU]	W	6	2
Montana Drew [AU]	Joseph Hawes [AU]	T	7	3
Montana Drew [AU]	Ethan Cooper [AU]	L	7	4
Montana Drew [AU]	Akira Hara [AU]	L	7	5
Montana Drew [AU]	Jake Cruwys [AU]	L	7	6
Montana Drew [AU]	Jacob Smyth [AU]	L	7	7
Montana Drew [AU]	Bayley Moore [AU]	W	10	8
Thomas Wohlsen [AU]	Chris Blong [NZ]	W	3	1
Thomas Wohlsen [AU]	Keegan Burt [AU]	L	3	2
Thomas Wohlsen [AU]	Kelvin Duong [AU]	T	4	3
Thomas Wohlsen [AU]	Corey Munro [AU]	T	5	4
Thomas Wohlsen [AU]	Jamison Bulloch [AU]	W	8	5
Thomas Wohlsen [AU]	Julian Luvara [AU]	T	9	6
Thomas Wohlsen [AU]	Jake Cruwys [AU]	L	9	7
Thomas Wohlsen [AU]	Anton Piccio [AU]	T	10	8
Anthony Smith [AU]	Jusitn Cutajar [AU]	L	0	1
Anthony Smith [AU]	Joel Wotton [AU]	W	3	2
Anthony Smith [AU]	Tyler Bishop [AU]	T	4	3
Anthony Smith [AU]	Yuanxu Li [AU]	W	7	4
Anthony Smith [AU]	Kye Edmondston [AU]	L	7	5
Anthony Smith [AU]	Lawrence Luo [AU]	L	7	6
Anthony Smith [AU]	Bradley Sachse [AU]	W	10	7
Anthony Smith [AU]	Han Yang [TW]	L	10	8
Jershon Yong [AU]	Jeremy Lim [AU]	L	0	1
Jershon Yong [AU]	Benjamin Small [AU]	T	1	2
Jershon Yong [AU]	Benjamin Kouzas [AU]	W	4	3
Jershon Yong [AU]	Kelvin Duong [AU]	L	4	4
Jershon Yong [AU]	Nick Murtagh [AU]	L	4	5
Jershon Yong [AU]	Madoka Tanigaki [JP]	W	7	6
Jershon Yong [AU]	David Han [AU]	W	10	7
Jershon Yong [AU]	Cohen Grimshaw [AU]	L	10	8
Jeb Collins [AU]	Alex Bey [AU]	W	3	1
Jeb Collins [AU]	Hakim Moussaoui [AU]	W	6	2
Jeb Collins [AU]	Cezar Brandao [AU]	L	6	3
Jeb Collins [AU]	Benjamin Hall [AU]	W	9	4
Jeb Collins [AU]	Keely Shaw [NZ]	L	9	5
Jeb Collins [AU]	Liam Thomas [AU]	T	10	6
Jeb Collins [AU]	Lawrence Luo [AU]	L	10	7
Jeb Collins [AU]	Jacob Smyth [AU]	L	10	8
Andrew Mossetter [AU]	Lucas Hamilton-Foster [AU]	L	0	1
Andrew Mossetter [AU]	Sean Takemoto [AU]	T	1	2
Andrew Mossetter [AU]	brad williams [AU]	W	4	3
Andrew Mossetter [AU]	Naomi Lindh [AU]	W	7	4
Andrew Mossetter [AU]	Jake Cruwys [AU]	W	10	5
Andrew Mossetter [AU]	Harrison Hodges [AU]	L	10	6
David Han [AU]	Shaun Murphy [AU]	W	3	1
David Han [AU]	Angus Johnson [AU]	L	3	2
David Han [AU]	Liam Pomfret [AU]	L	3	3
David Han [AU]	Cherakee Evans [AU]	T	4	4
David Han [AU]	brad williams [AU]	W	7	5
David Han [AU]	Yasuyuki Handa [AU]	L	7	6
David Han [AU]	Jershon Yong [AU]	L	7	7
David Han [AU]	Darcy Church [AU]	W	10	8
Lachlan Russell [AU]	Joshua Glen [AU]	T	1	1
Lachlan Russell [AU]	Jacob Smyth [AU]	L	1	2
Lachlan Russell [AU]	Paul Coletta [AU]	W	4	3
Lachlan Russell [AU]	Tom McKenzie [AU]	W	7	4
Lachlan Russell [AU]	Jose de la garma [AU]	W	10	5
Lachlan Russell [AU]	Aaron Stringfellow [AU]	L	10	6
Lachlan Russell [AU]	David Burness [AU]	L	10	7
Lachlan Russell [AU]	Liam Thomas [AU]	L	10	8
Tan Loc Thuan Nguyen [AU]	Julian Luvara [AU]	L	0	1
Tan Loc Thuan Nguyen [AU]	Shaun Murphy [AU]	L	0	2
Tan Loc Thuan Nguyen [AU]	Alexander Jemison [AU]	T	1	3
Tan Loc Thuan Nguyen [AU]	Joshua Glen [AU]	W	4	4
Tan Loc Thuan Nguyen [AU]	Pippin Greening [AU]	W	7	5
Tan Loc Thuan Nguyen [AU]	Lucas Hamilton-Foster [AU]	L	7	6
Tan Loc Thuan Nguyen [AU]	Joshua Grob [AU]	W	10	7
Tan Loc Thuan Nguyen [AU]	Kye Edmondston [AU]	L	10	8
Jamie Harris [AU]	DONGXU LI [AU]	W	3	1
Jamie Harris [AU]	Joshua Sparks [AU]	L	3	2
Jamie Harris [AU]	Mitchell Demnar [AU]	L	3	3
Jamie Harris [AU]	Mervin Chiang [AU]	L	3	4
Jamie Harris [AU]	Benjamin Small [AU]	W	6	5
Jamie Harris [AU]	Christopher Darwen [AU]	L	6	6
Jamie Harris [AU]	Darcy Church [AU]	T	7	7
Jamie Harris [AU]	Ethan Stoeckert [AU]	W	10	8
Jordan LaBrooy-Thierry [AU]	Chris Johnstone [AU]	T	1	1
Jordan LaBrooy-Thierry [AU]	Joshua Glen [AU]	W	4	2
Jordan LaBrooy-Thierry [AU]	Jacob McSpadden [AU]	L	4	3
Jordan LaBrooy-Thierry [AU]	Jeremy Evans [AU]	L	4	4
Jordan LaBrooy-Thierry [AU]	Brynn Achilles [AU]	L	4	5
Jordan LaBrooy-Thierry [AU]	Angela Lewis [AU]	W	7	6
Jordan LaBrooy-Thierry [AU]	Bayley Moore [AU]	W	10	7
Jordan LaBrooy-Thierry [AU]	DONGXU LI [AU]	L	10	8
Liam Pomfret [AU]	Jesse Becker [AU]	L	0	1
Liam Pomfret [AU]	Lachlan Gibson [AU]	W	3	2
Liam Pomfret [AU]	David Han [AU]	W	6	3
Liam Pomfret [AU]	Stephen Todorovic [AU]	L	6	4
Liam Pomfret [AU]	Liam Thomas [AU]	L	6	5
Liam Pomfret [AU]	Sean Takemoto [AU]	T	7	6
Liam Pomfret [AU]	Damion Palmer [AU]	L	7	7
Liam Pomfret [AU]	Alexander Jemison [AU]	W	10	8
Matthew Wohlsen [AU]	Aaron Stringfellow [AU]	L	0	1
Matthew Wohlsen [AU]	Paul Coletta [AU]	T	1	2
Matthew Wohlsen [AU]	Brett Jobling [AU]	T	2	3
Matthew Wohlsen [AU]	Benjamin Small [AU]	T	3	4
Matthew Wohlsen [AU]	Darcy Church [AU]	W	6	5
Matthew Wohlsen [AU]	Josh Rummell [AU]	T	7	6
Matthew Wohlsen [AU]	Melinda McFadden [AU]	W	10	7
Matthew Wohlsen [AU]	Ryan Burt [AU]	L	10	8
Benjamin Kouzas [AU]	James Williams [AU]	L	0	1
Benjamin Kouzas [AU]	Alec Goznik [AU]	T	1	2
Benjamin Kouzas [AU]	Jershon Yong [AU]	L	1	3
Benjamin Kouzas [AU]	Nicholas Versic [AU]	L	1	4
Benjamin Kouzas [AU]	Alexander Jemison [AU]	L	1	5
Benjamin Kouzas [AU]	Jessica McKay [AU]	W	4	6
Benjamin Kouzas [AU]	Angela Lewis [AU]	W	7	7
Benjamin Kouzas [AU]	Joseph Hawes [AU]	W	10	8
Bradley Sachse [AU]	Jake Cruwys [AU]	T	1	1
Bradley Sachse [AU]	Yuanxu Li [AU]	L	1	2
Bradley Sachse [AU]	Melinda McFadden [AU]	L	1	3
Bradley Sachse [AU]	Ty Farry [AU]	L	1	4
Bradley Sachse [AU]	Lachlan Gibson [AU]	W	4	5
Bradley Sachse [AU]	Cherakee Evans [AU]	W	7	6
Bradley Sachse [AU]	Anthony Smith [AU]	L	7	7
Bradley Sachse [AU]	Joshua Grob [AU]	W	10	8
Jake Lazzari [AU]	Aiden Harrison [AU]	W	3	1
Jake Lazzari [AU]	Max Prescott [AU]	L	3	2
Jake Lazzari [AU]	Pippin Greening [AU]	W	6	3
Jake Lazzari [AU]	Aaron Stringfellow [AU]	L	6	4
Jake Lazzari [AU]	Mervin Chiang [AU]	L	6	5
Jake Lazzari [AU]	Ryan Maullin [AU]	W	9	6
Jake Lazzari [AU]	Craig McLachlan [AU]	L	9	7
Tommy Le [AU]	Piper Ingram [AU]	W	3	1
Tommy Le [AU]	Raymond Chan [AU]	W	6	2
Tommy Le [AU]	Aaron Stringfellow [AU]	W	9	3
Tommy Le [AU]	Max Prescott [AU]	L	9	4
Tommy Le [AU]	Stephen Todorovic [AU]	L	9	5
Tommy Le [AU]	Joshua Martin [AU]	L	9	6
Tommy Le [AU]	Connor Murphy [AU]	L	9	7
Mitchell Demnar [AU]	Jacob McSpadden [AU]	L	0	1
Mitchell Demnar [AU]	Nathan Reed-Jensen [AU]	W	3	2
Mitchell Demnar [AU]	Jamie Harris [AU]	W	6	3
Mitchell Demnar [AU]	Tim Franklin [AU]	L	6	4
Mitchell Demnar [AU]	Daniel Gauld [AU]	W	9	5
Mitchell Demnar [AU]	Mitch Knuckey [AU]	L	9	6
Alec Goznik [AU]	Tim Franklin [AU]	L	0	1
Alec Goznik [AU]	Benjamin Kouzas [AU]	T	1	2
Alec Goznik [AU]	DONGXU LI [AU]	T	2	3
Alec Goznik [AU]	Anthony Tsang [AU]	W	5	4
Alec Goznik [AU]	Tasman Johnstone [AU]	L	5	5
Alec Goznik [AU]	Tom McKenzie [AU]	W	8	6
Alec Goznik [AU]	Brynn Achilles [AU]	T	9	7
Alec Goznik [AU]	Jacob Sparks [AU]	L	9	8
Jose de la garma [AU]	Joshua Jevremov [AU]	T	1	1
Jose de la garma [AU]	Sarah Hogan [AU]	W	4	2
Jose de la garma [AU]	Tibor Baranyay [AU]	W	7	3
Jose de la garma [AU]	Ying Hao Tou [AU]	T	8	4
Jose de la garma [AU]	Lachlan Russell [AU]	L	8	5
Jose de la garma [AU]	Darcy Miller [AU]	L	8	6
Jose de la garma [AU]	Anthony Tsang [AU]	T	9	7
Jose de la garma [AU]	Christopher Darwen [AU]	L	9	8
Darcy Ryan [AU]	Natalie Millar [AU]	L	0	1
Darcy Ryan [AU]	Alex Bey [AU]	W	3	2
Darcy Ryan [AU]	James Williams [AU]	L	3	3
Darcy Ryan [AU]	Bayley Moore [AU]	W	6	4
Darcy Ryan [AU]	Ryan Maullin [AU]	W	9	5
Darcy Ryan [AU]	Michael Wilson [AU]	L	9	6
Darcy Ryan [AU]	Julian Luvara [AU]	L	9	7
Robert Baum [AU]	Joshua Sparks [AU]	L	0	1
Robert Baum [AU]	Peter Fay [AU]	W	3	2
Robert Baum [AU]	Ryan Maullin [AU]	L	3	3
Robert Baum [AU]	Sebastian McFadden [AU]	W	6	4
Robert Baum [AU]	Duy Le [AU]	W	9	5
Robert Baum [AU]	Mervin Chiang [AU]	L	9	6
Robert Baum [AU]	Aiden Harrison [AU]	L	9	7
Robert Baum [AU]	Yuanxu Li [AU]	L	9	8
Joshua Jevremov [AU]	Jose de la garma [AU]	T	1	1
Joshua Jevremov [AU]	Tasman Johnstone [AU]	T	2	2
Joshua Jevremov [AU]	Madoka Tanigaki [JP]	W	5	3
Joshua Jevremov [AU]	Anton Piccio [AU]	L	5	4
Joshua Jevremov [AU]	Max McInnis [AU]	T	6	5
Joshua Jevremov [AU]	Brett Jobling [AU]	W	9	6
Joshua Jevremov [AU]	Shane Quinn [AU]	L	9	7
Joshua Jevremov [AU]	Ryan Maullin [AU]	L	9	8
Brock Costello [AU]	Cohen Grimshaw [AU]	L	0	1
Brock Costello [AU]	Lewis Stevens [AU]	L	0	2
Brock Costello [AU]	Darcy Church [AU]	W	3	3
Brock Costello [AU]	Piper Ingram [AU]	W	6	4
Brock Costello [AU]	Aiden Harrison [AU]	L	6	5
Brock Costello [AU]	Jesse Becker [AU]	L	6	6
Brock Costello [AU]	Zachary Vella [AU]	L	6	7
Brock Costello [AU]	Brett Jobling [AU]	W	9	8
Dominic Tay [NZ]	Ryan Maullin [AU]	L	0	1
Dominic Tay [NZ]	Michael Hammond [AU]	W	3	2
Dominic Tay [NZ]	Hakim Moussaoui [AU]	L	3	3
Dominic Tay [NZ]	Anas Somtua [AU]	W	6	4
Dominic Tay [NZ]	Matthew Anderson [AU]	W	9	5
Dominic Tay [NZ]	Andrew Ng [AU]	L	9	6
Dominic Tay [NZ]	Joel Wotton [AU]	L	9	7
Dominic Tay [NZ]	Zachary Vella [AU]	L	9	8
Nathan Canty-Seghers [AU]	Petra Cooper [AU]	W	3	1
Nathan Canty-Seghers [AU]	Joel Suryadi [AU]	L	3	2
Nathan Canty-Seghers [AU]	Aiden Harrison [AU]	L	3	3
Nathan Canty-Seghers [AU]	Alex King [AU]	W	6	4
Nathan Canty-Seghers [AU]	Benjamin Hall [AU]	L	6	5
Nathan Canty-Seghers [AU]	Nicholas Van Emmerik [AU]	W	9	6
Nathan Canty-Seghers [AU]	Nick Bell [AU]	L	9	7
Brynn Achilles [AU]	Cezar Brandao [AU]	L	0	1
Brynn Achilles [AU]	Bayley Moore [AU]	W	3	2
Brynn Achilles [AU]	Brandon Deem [AU]	T	4	3
Brynn Achilles [AU]	Craig McLachlan [AU]	L	4	4
Brynn Achilles [AU]	Jordan LaBrooy-Thierry [AU]	W	7	5
Brynn Achilles [AU]	Nicholas Versic [AU]	T	8	6
Brynn Achilles [AU]	Alec Goznik [AU]	T	9	7
Brynn Achilles [AU]	Jesse Becker [AU]	L	9	8
Jamison Bulloch [AU]	Yuanxu Li [AU]	T	1	1
Jamison Bulloch [AU]	Ty Farry [AU]	W	4	2
Jamison Bulloch [AU]	Jake Herden [AU]	L	4	3
Jamison Bulloch [AU]	Brandon Deem [AU]	T	5	4
Jamison Bulloch [AU]	Thomas Wohlsen [AU]	L	5	5
Jamison Bulloch [AU]	Peter Fay [AU]	L	5	6
Jamison Bulloch [AU]	Sarah Hogan [AU]	T	6	7
Jamison Bulloch [AU]	Fareez Sanif [AU]	W	9	8
Pippin Greening [AU]	Stephen Todorovic [AU]	L	0	1
Pippin Greening [AU]	jacques rosseau [AU]	W	3	2
Pippin Greening [AU]	Jake Lazzari [AU]	L	3	3
Pippin Greening [AU]	Ryan Burt [AU]	L	3	4
Pippin Greening [AU]	Tan Loc Thuan Nguyen [AU]	L	3	5
Pippin Greening [AU]	Nathan Reed-Jensen [AU]	W	6	6
Pippin Greening [AU]	Nicholas Van Emmerik [AU]	W	9	7
Pippin Greening [AU]	Matthew Anderson [AU]	L	9	8
Anas Somtua [AU]	Joshua Martin [AU]	L	0	1
Anas Somtua [AU]	Piper Ingram [AU]	W	3	2
Anas Somtua [AU]	Ida Nero [AU]	L	3	3
Anas Somtua [AU]	Dominic Tay [NZ]	L	3	4
Anas Somtua [AU]	Connor Murphy [AU]	L	3	5
Anas Somtua [AU]	Timothy Uyeda [AU]	W	6	6
Anas Somtua [AU]	Brett Jobling [AU]	W	9	7
Anas Somtua [AU]	Anthony Tsang [AU]	L	9	8
Nicholas Versic [AU]	Robbie Caldwell [AU]	L	0	1
Nicholas Versic [AU]	Timothy Uyeda [AU]	L	0	2
Nicholas Versic [AU]	Lawrence Luo [AU]	T	1	3
Nicholas Versic [AU]	Benjamin Kouzas [AU]	W	4	4
Nicholas Versic [AU]	Damion Palmer [AU]	W	7	5
Nicholas Versic [AU]	Brynn Achilles [AU]	T	8	6
Nicholas Versic [AU]	Corey Munro [AU]	L	8	7
Nicholas Versic [AU]	Raymond Chan [AU]	L	8	8
Madoka Tanigaki [JP]	Benjamin Small [AU]	W	3	1
Madoka Tanigaki [JP]	Blake Lobina [AU]	L	3	2
Madoka Tanigaki [JP]	Joshua Jevremov [AU]	L	3	3
Madoka Tanigaki [JP]	Nick Murtagh [AU]	T	4	4
Madoka Tanigaki [JP]	Michael Hammond [AU]	L	4	5
Madoka Tanigaki [JP]	Jershon Yong [AU]	L	4	6
Madoka Tanigaki [JP]	Piper Ingram [AU]	W	7	7
Madoka Tanigaki [JP]	Josh Rummell [AU]	T	8	8
Josh Rummell [AU]	Jessica McKay [AU]	W	3	1
Josh Rummell [AU]	Joshua Martin [AU]	L	3	2
Josh Rummell [AU]	Keely Shaw [NZ]	L	3	3
Josh Rummell [AU]	Nick Bell [AU]	L	3	4
Josh Rummell [AU]	Nathan Reed-Jensen [AU]	W	6	5
Josh Rummell [AU]	Matthew Wohlsen [AU]	T	7	6
Josh Rummell [AU]	Taj McIntosh [AU]	L	7	7
Josh Rummell [AU]	Madoka Tanigaki [JP]	T	8	8
Michael Hammond [AU]	Zachary Vella [AU]	L	0	1
Michael Hammond [AU]	Dominic Tay [NZ]	L	0	2
Michael Hammond [AU]	Katie Clavarino [AU]	T	1	3
Michael Hammond [AU]	Alexander Jemison [AU]	W	4	4
Michael Hammond [AU]	Madoka Tanigaki [JP]	W	7	5
Michael Hammond [AU]	Kirryn Hatch [AU]	L	7	6
Michael Hammond [AU]	Jacob Sparks [AU]	L	7	7
Michael Hammond [AU]	Sarah Hogan [AU]	T	8	8
Hakim Moussaoui [AU]	Max McInnis [AU]	W	3	1
Hakim Moussaoui [AU]	Jeb Collins [AU]	L	3	2
Hakim Moussaoui [AU]	Dominic Tay [NZ]	W	6	3
Hakim Moussaoui [AU]	Lucas Hamilton-Foster [AU]	T	7	4
Hakim Moussaoui [AU]	Jacob McSpadden [AU]	L	7	5
Hakim Moussaoui [AU]	Louis Pozzacchio [AU]	L	7	6
Joseph Hawes [AU]	Lawrence Luo [AU]	W	3	1
Joseph Hawes [AU]	Zachary Vella [AU]	W	6	2
Joseph Hawes [AU]	Montana Drew [AU]	T	7	3
Joseph Hawes [AU]	Ehren Roebuck [AU]	L	7	4
Joseph Hawes [AU]	Jonathan Cheong [AU]	L	7	5
Joseph Hawes [AU]	josh davey [AU]	L	7	6
Joseph Hawes [AU]	Ryan Burt [AU]	L	7	7
Joseph Hawes [AU]	Benjamin Kouzas [AU]	L	7	8
Ethan Stoeckert [AU]	Joel Suryadi [AU]	L	0	1
Ethan Stoeckert [AU]	Max McInnis [AU]	L	0	2
Ethan Stoeckert [AU]	Brenden Baker [AU]	W	3	3
Ethan Stoeckert [AU]	Liam Thomas [AU]	L	3	4
Ethan Stoeckert [AU]	Piper Ingram [AU]	T	4	5
Ethan Stoeckert [AU]	Jessica Karim [AU]	W	7	6
Ethan Stoeckert [AU]	Chris Johnstone [AU]	L	7	7
Ethan Stoeckert [AU]	Jamie Harris [AU]	L	7	8
Frank Brown [AU]	Jake Herden [AU]	T	1	1
Frank Brown [AU]	Taylor Thomas [AU]	L	1	2
Frank Brown [AU]	Ty Farry [AU]	W	4	3
Frank Brown [AU]	Damion Palmer [AU]	W	7	4
Frank Brown [AU]	Tyler Bishop [AU]	L	7	5
Frank Brown [AU]	Pearl Grimshaw [AU]	L	7	6
Darcy Church [AU]	Angus Johnson [AU]	L	0	1
Darcy Church [AU]	Jeremy Evans [AU]	L	0	2
Darcy Church [AU]	Brock Costello [AU]	L	0	3
Darcy Church [AU]	jacques rosseau [AU]	W	3	4
Darcy Church [AU]	Matthew Wohlsen [AU]	L	3	5
Darcy Church [AU]	Alex King [AU]	W	6	6
Darcy Church [AU]	Jamie Harris [AU]	T	7	7
Darcy Church [AU]	David Han [AU]	L	7	8
Alexander Jemison [AU]	Tibor Baranyay [AU]	L	0	1
Alexander Jemison [AU]	Ida Nero [AU]	L	0	2
Alexander Jemison [AU]	Tan Loc Thuan Nguyen [AU]	T	1	3
Alexander Jemison [AU]	Michael Hammond [AU]	L	1	4
Alexander Jemison [AU]	Benjamin Kouzas [AU]	W	4	5
Alexander Jemison [AU]	Chris Johnstone [AU]	L	4	6
Alexander Jemison [AU]	Lachlan Gibson [AU]	W	7	7
Alexander Jemison [AU]	Liam Pomfret [AU]	L	7	8
Timothy Uyeda [AU]	Harrison Hodges [AU]	L	0	1
Timothy Uyeda [AU]	Nicholas Versic [AU]	W	3	2
Timothy Uyeda [AU]	Henry Brand [AU]	L	3	3
Timothy Uyeda [AU]	Christopher Darwen [AU]	L	3	4
Timothy Uyeda [AU]	Sebastian McFadden [AU]	L	3	5
Timothy Uyeda [AU]	Anas Somtua [AU]	L	3	6
Timothy Uyeda [AU]	Jessica McKay [AU]	T	4	7
Timothy Uyeda [AU]	Angela Lewis [AU]	W	7	8
Sarah Hogan [AU]	Taylor Thomas [AU]	T	1	1
Sarah Hogan [AU]	Jose de la garma [AU]	L	1	2
Sarah Hogan [AU]	Kye Edmondston [AU]	L	1	3
Sarah Hogan [AU]	Sean Takemoto [AU]	T	2	4
Sarah Hogan [AU]	Peter Fay [AU]	L	2	5
Sarah Hogan [AU]	Petra Cooper [AU]	W	5	6
Sarah Hogan [AU]	Jamison Bulloch [AU]	T	6	7
Sarah Hogan [AU]	Michael Hammond [AU]	T	7	8
Bayley Moore [AU]	josh davey [AU]	L	0	1
Bayley Moore [AU]	Brynn Achilles [AU]	L	0	2
Bayley Moore [AU]	BYE	W	3	3
Bayley Moore [AU]	Darcy Ryan [AU]	L	3	4
Bayley Moore [AU]	Joshua Grob [AU]	T	4	5
Bayley Moore [AU]	Fareez Sanif [AU]	W	7	6
Bayley Moore [AU]	Jordan LaBrooy-Thierry [AU]	L	7	7
Bayley Moore [AU]	Montana Drew [AU]	L	7	8
Melinda McFadden [AU]	Daniel Gauld [AU]	L	0	1
Melinda McFadden [AU]	Petra Cooper [AU]	T	1	2
Melinda McFadden [AU]	Bradley Sachse [AU]	W	4	3
Melinda McFadden [AU]	Tyler Bishop [AU]	L	4	4
Melinda McFadden [AU]	Jacob Smyth [AU]	L	4	5
Melinda McFadden [AU]	Robert Spence [AU]	W	7	6
Melinda McFadden [AU]	Matthew Wohlsen [AU]	L	7	7
Nathan Reed-Jensen [AU]	Pearl Grimshaw [AU]	L	0	1
Nathan Reed-Jensen [AU]	Mitchell Demnar [AU]	L	0	2
Nathan Reed-Jensen [AU]	Nick Bell [AU]	L	0	3
Nathan Reed-Jensen [AU]	ryan sayers [AU]	W	3	4
Nathan Reed-Jensen [AU]	Josh Rummell [AU]	L	3	5
Nathan Reed-Jensen [AU]	Pippin Greening [AU]	L	3	6
Nathan Reed-Jensen [AU]	Fareez Sanif [AU]	T	4	7
Nathan Reed-Jensen [AU]	Katie Clavarino [AU]	W	7	8
Joshua Grob [AU]	Nicholas Van Emmerik [AU]	L	0	1
Joshua Grob [AU]	Christopher Darwen [AU]	L	0	2
Joshua Grob [AU]	jacques rosseau [AU]	W	3	3
Joshua Grob [AU]	Michael Wilson [AU]	L	3	4
Joshua Grob [AU]	Bayley Moore [AU]	T	4	5
Joshua Grob [AU]	brad williams [AU]	W	7	6
Joshua Grob [AU]	Tan Loc Thuan Nguyen [AU]	L	7	7
Joshua Grob [AU]	Bradley Sachse [AU]	L	7	8
Piper Ingram [AU]	Tommy Le [AU]	L	0	1
Piper Ingram [AU]	Anas Somtua [AU]	L	0	2
Piper Ingram [AU]	ryan sayers [AU]	W	3	3
Piper Ingram [AU]	Brock Costello [AU]	L	3	4
Piper Ingram [AU]	Ethan Stoeckert [AU]	T	4	5
Piper Ingram [AU]	Damion Palmer [AU]	L	4	6
Piper Ingram [AU]	Madoka Tanigaki [JP]	L	4	7
Piper Ingram [AU]	Lachlan Gibson [AU]	W	7	8
Nicholas Van Emmerik [AU]	Joshua Grob [AU]	W	3	1
Nicholas Van Emmerik [AU]	Tim Franklin [AU]	W	6	2
Nicholas Van Emmerik [AU]	Robbie Caldwell [AU]	L	6	3
Nicholas Van Emmerik [AU]	Jacob O’Grady [AU]	L	6	4
Nicholas Van Emmerik [AU]	Hoong Yoong Ngiam [AU]	L	6	5
Nicholas Van Emmerik [AU]	Nathan Canty-Seghers [AU]	L	6	6
Nicholas Van Emmerik [AU]	Pippin Greening [AU]	L	6	7
Duy Le [AU]	ryan sayers [AU]	W	3	1
Duy Le [AU]	Jeremy Lim [AU]	L	3	2
Duy Le [AU]	Llewellyn Roydhouse [AU]	W	6	3
Duy Le [AU]	David Burness [AU]	L	6	4
Duy Le [AU]	Robert Baum [AU]	L	6	5
Duy Le [AU]	Connor Murphy [AU]	L	6	6
Sebastian McFadden [AU]	Jacob O’Grady [AU]	L	0	1
Sebastian McFadden [AU]	Nick Bell [AU]	W	3	2
Sebastian McFadden [AU]	Cohen Grimshaw [AU]	L	3	3
Sebastian McFadden [AU]	Robert Baum [AU]	L	3	4
Sebastian McFadden [AU]	Timothy Uyeda [AU]	W	6	5
Sebastian McFadden [AU]	Llewellyn Roydhouse [AU]	L	6	6
Daniel Gauld [AU]	Melinda McFadden [AU]	W	3	1
Daniel Gauld [AU]	Fareez Sanif [AU]	W	6	2
Daniel Gauld [AU]	Keegan Burt [AU]	L	6	3
Daniel Gauld [AU]	Kurt Luck [AU]	L	6	4
Daniel Gauld [AU]	Mitchell Demnar [AU]	L	6	5
Daniel Gauld [AU]	Joel Wotton [AU]	L	6	6
Daniel Gauld [AU]	Ryan Maullin [AU]	L	6	7
Sean Takemoto [AU]	Akira Hara [AU]	L	0	1
Sean Takemoto [AU]	Andrew Mossetter [AU]	T	1	2
Sean Takemoto [AU]	Jake Blackney [AU]	L	1	3
Sean Takemoto [AU]	Sarah Hogan [AU]	T	2	4
Sean Takemoto [AU]	Petra Cooper [AU]	W	5	5
Sean Takemoto [AU]	Liam Pomfret [AU]	T	6	6
Brett Jobling [AU]	brad williams [AU]	T	1	1
Brett Jobling [AU]	Chris Johnstone [AU]	L	1	2
Brett Jobling [AU]	Matthew Wohlsen [AU]	T	2	3
Brett Jobling [AU]	Fareez Sanif [AU]	W	5	4
Brett Jobling [AU]	DONGXU LI [AU]	T	6	5
Brett Jobling [AU]	Joshua Jevremov [AU]	L	6	6
Brett Jobling [AU]	Anas Somtua [AU]	L	6	7
Brett Jobling [AU]	Brock Costello [AU]	L	6	8
Brandon Deem [AU]	Naomi Lindh [AU]	L	0	1
Brandon Deem [AU]	Robert Spence [AU]	W	3	2
Brandon Deem [AU]	Brynn Achilles [AU]	T	4	3
Brandon Deem [AU]	Jamison Bulloch [AU]	T	5	4
Brandon Deem [AU]	Ryan Burt [AU]	T	6	5
Brandon Deem [AU]	Matthew Anderson [AU]	L	6	6
Taylor Thomas [AU]	Sarah Hogan [AU]	T	1	1
Taylor Thomas [AU]	Frank Brown [AU]	W	4	2
Taylor Thomas [AU]	Ying Hao Tou [AU]	L	4	3
Taylor Thomas [AU]	Max McInnis [AU]	T	5	4
Taylor Thomas [AU]	Corey Munro [AU]	L	5	5
Taylor Thomas [AU]	Raymond Chan [AU]	L	5	6
Tom McKenzie [AU]	David Burness [AU]	W	3	1
Tom McKenzie [AU]	Naomi Lindh [AU]	T	4	2
Tom McKenzie [AU]	Julian Luvara [AU]	L	4	3
Tom McKenzie [AU]	Lachlan Russell [AU]	L	4	4
Tom McKenzie [AU]	Raymond Chan [AU]	T	5	5
Tom McKenzie [AU]	Alec Goznik [AU]	L	5	6
Cherakee Evans [AU]	Klaus Brinsmead [AU]	L	0	1
Cherakee Evans [AU]	Llewellyn Roydhouse [AU]	L	0	2
Cherakee Evans [AU]	Robert Spence [AU]	W	3	3
Cherakee Evans [AU]	David Han [AU]	T	4	4
Cherakee Evans [AU]	Yuanxu Li [AU]	T	5	5
Cherakee Evans [AU]	Bradley Sachse [AU]	L	5	6
Fareez Sanif [AU]	Hwee Lek [AU]	W	3	1
Fareez Sanif [AU]	Daniel Gauld [AU]	L	3	2
Fareez Sanif [AU]	Tim Franklin [AU]	L	3	3
Fareez Sanif [AU]	Brett Jobling [AU]	L	3	4
Fareez Sanif [AU]	Robert Spence [AU]	T	4	5
Fareez Sanif [AU]	Bayley Moore [AU]	L	4	6
Fareez Sanif [AU]	Nathan Reed-Jensen [AU]	T	5	7
Fareez Sanif [AU]	Jamison Bulloch [AU]	L	5	8
Jessica McKay [AU]	Josh Rummell [AU]	L	0	1
Jessica McKay [AU]	Tyler Bishop [AU]	L	0	2
Jessica McKay [AU]	Lachlan Gibson [AU]	T	1	3
Jessica McKay [AU]	brad williams [AU]	L	1	4
Jessica McKay [AU]	Angela Lewis [AU]	L	1	5
Jessica McKay [AU]	Benjamin Kouzas [AU]	L	1	6
Jessica McKay [AU]	Timothy Uyeda [AU]	T	2	7
Jessica McKay [AU]	BYE	W	5	8
Paul Coletta [AU]	Peter Lo [AU]	L	0	1
Paul Coletta [AU]	Matthew Wohlsen [AU]	T	1	2
Paul Coletta [AU]	Lachlan Russell [AU]	L	1	3
Paul Coletta [AU]	Katie Clavarino [AU]	W	4	4
Paul Coletta [AU]	Yasuyuki Handa [AU]	L	4	5
Jake Blackney [AU]	Keegan Burt [AU]	L	0	1
Jake Blackney [AU]	Jack Vellacott [AU]	T	1	2
Jake Blackney [AU]	Sean Takemoto [AU]	W	4	3
Jake Blackney [AU]	Shane Quinn [AU]	L	4	4
Jessica Karim [AU]	Josephine Nucifora [AU]	T	1	1
Jessica Karim [AU]	Corey Munro [AU]	W	4	2
Jessica Karim [AU]	Ehren Roebuck [AU]	L	4	3
Jessica Karim [AU]	Tibor Baranyay [AU]	L	4	4
Jessica Karim [AU]	Kirryn Hatch [AU]	L	4	5
Jessica Karim [AU]	Ethan Stoeckert [AU]	L	4	6
Naomi Lindh [AU]	Brandon Deem [AU]	W	3	1
Naomi Lindh [AU]	Tom McKenzie [AU]	T	4	2
Naomi Lindh [AU]	Jake Cruwys [AU]	L	4	3
Naomi Lindh [AU]	Andrew Mossetter [AU]	L	4	4
Naomi Lindh [AU]	Hayden Matthews [AU]	L	4	5
Ty Farry [AU]	Robin Sangwan [AU]	T	1	1
Ty Farry [AU]	Jamison Bulloch [AU]	L	1	2
Ty Farry [AU]	Frank Brown [AU]	L	1	3
Ty Farry [AU]	Bradley Sachse [AU]	W	4	4
Ty Farry [AU]	Lawrence Luo [AU]	L	4	5
Angela Lewis [AU]	Anthony Furney [AU]	L	0	1
Angela Lewis [AU]	Mitch Knuckey [AU]	L	0	2
Angela Lewis [AU]	Joel Wotton [AU]	L	0	3
Angela Lewis [AU]	Brenden Baker [AU]	T	1	4
Angela Lewis [AU]	Jessica McKay [AU]	W	4	5
Angela Lewis [AU]	Jordan LaBrooy-Thierry [AU]	L	4	6
Angela Lewis [AU]	Benjamin Kouzas [AU]	L	4	7
Angela Lewis [AU]	Timothy Uyeda [AU]	L	4	8
Jack Vellacott [AU]	Zach Quince [AU]	L	0	1
Jack Vellacott [AU]	Jake Blackney [AU]	T	1	2
Jack Vellacott [AU]	Hayden Matthews [AU]	L	1	3
Jack Vellacott [AU]	Lawrence Luo [AU]	L	1	4
Jack Vellacott [AU]	Katie Clavarino [AU]	W	4	5
brad williams [AU]	Brett Jobling [AU]	T	1	1
brad williams [AU]	Jake Cruwys [AU]	L	1	2
brad williams [AU]	Andrew Mossetter [AU]	L	1	3
brad williams [AU]	Jessica McKay [AU]	W	4	4
brad williams [AU]	David Han [AU]	L	4	5
brad williams [AU]	Joshua Grob [AU]	L	4	6
Lachlan Gibson [AU]	Andrew Ng [AU]	L	0	1
Lachlan Gibson [AU]	Liam Pomfret [AU]	L	0	2
Lachlan Gibson [AU]	Jessica McKay [AU]	T	1	3
Lachlan Gibson [AU]	Kirryn Hatch [AU]	L	1	4
Lachlan Gibson [AU]	Bradley Sachse [AU]	L	1	5
Lachlan Gibson [AU]	Katie Clavarino [AU]	W	4	6
Lachlan Gibson [AU]	Alexander Jemison [AU]	L	4	7
Lachlan Gibson [AU]	Piper Ingram [AU]	L	4	8
Robert Spence [AU]	Michael Wilson [AU]	L	0	1
Robert Spence [AU]	Brandon Deem [AU]	L	0	2
Robert Spence [AU]	Cherakee Evans [AU]	L	0	3
Robert Spence [AU]	BYE	W	3	4
Robert Spence [AU]	Fareez Sanif [AU]	T	4	5
Robert Spence [AU]	Melinda McFadden [AU]	L	4	6
Robert Spence [AU]	Yuanxu Li [AU]	L	4	7
Katie Clavarino [AU]	Connor Murphy [AU]	L	0	1
Katie Clavarino [AU]	Liam Thomas [AU]	L	0	2
Katie Clavarino [AU]	Michael Hammond [AU]	T	1	3
Katie Clavarino [AU]	Paul Coletta [AU]	L	1	4
Katie Clavarino [AU]	Jack Vellacott [AU]	L	1	5
Katie Clavarino [AU]	Lachlan Gibson [AU]	L	1	6
Katie Clavarino [AU]	BYE	W	4	7
Katie Clavarino [AU]	Nathan Reed-Jensen [AU]	L	4	8
Alex King [AU]	Jaspar Schultz [AU]	W	3	1
Alex King [AU]	Aaron Stringfellow [AU]	L	3	2
Alex King [AU]	Zachary Vella [AU]	L	3	3
Alex King [AU]	Nathan Canty-Seghers [AU]	L	3	4
Alex King [AU]	Joel Wotton [AU]	L	3	5
Alex King [AU]	Darcy Church [AU]	L	3	6
Benjamin Small [AU]	Madoka Tanigaki [JP]	L	0	1
Benjamin Small [AU]	Jershon Yong [AU]	T	1	2
Benjamin Small [AU]	Anthony Tsang [AU]	T	2	3
Benjamin Small [AU]	Matthew Wohlsen [AU]	T	3	4
Benjamin Small [AU]	Jamie Harris [AU]	L	3	5
Alex Bey [AU]	Jeb Collins [AU]	L	0	1
Alex Bey [AU]	Darcy Ryan [AU]	L	0	2
Alex Bey [AU]	Rhys Dalli [AU]	T	1	3
Alex Bey [AU]	Peter Fay [AU]	T	2	4
Alex Bey [AU]	Anthony Tsang [AU]	L	2	5
Josephine Nucifora [AU]	Jessica Karim [AU]	T	1	1
Josephine Nucifora [AU]	Jake Herden [AU]	L	1	2
Josephine Nucifora [AU]	Petra Cooper [AU]	T	2	3
Josephine Nucifora [AU]	DONGXU LI [AU]	L	2	4
Petra Cooper [AU]	Nathan Canty-Seghers [AU]	L	0	1
Petra Cooper [AU]	Melinda McFadden [AU]	T	1	2
Petra Cooper [AU]	Josephine Nucifora [AU]	T	2	3
Petra Cooper [AU]	Tasman Johnstone [AU]	L	2	4
Petra Cooper [AU]	Sean Takemoto [AU]	L	2	5
Petra Cooper [AU]	Sarah Hogan [AU]	L	2	6
Joshua Glen [AU]	Lachlan Russell [AU]	T	1	1
Joshua Glen [AU]	Jordan LaBrooy-Thierry [AU]	L	1	2
Joshua Glen [AU]	Craig McLachlan [AU]	L	1	3
Joshua Glen [AU]	Tan Loc Thuan Nguyen [AU]	L	1	4
Rhys Dalli [AU]	Henry Brand [AU]	L	0	1
Rhys Dalli [AU]	Aiden Harrison [AU]	L	0	2
Rhys Dalli [AU]	Alex Bey [AU]	T	1	3
Rhys Dalli [AU]	Yasuyuki Handa [AU]	L	1	4
Brenden Baker [AU]	Matthew Anderson [AU]	L	0	1
Brenden Baker [AU]	Nick Murtagh [AU]	L	0	2
Brenden Baker [AU]	Ethan Stoeckert [AU]	L	0	3
Brenden Baker [AU]	Angela Lewis [AU]	T	1	4
Damon Murdoch [AU]	Blake Lobina [AU]	L	0	1
Carmela Nucifora [AU]	Shane Quinn [AU]	L	0	1
Alanah Swan [AU]	Raymond Chan [AU]	L	0	1
Joan Manuel Carbonell Acuña [ES]	Keely Shaw [NZ]	L	0	1
Chris Blong [NZ]	Thomas Wohlsen [AU]	L	0	1
Jaspar Schultz [AU]	Alex King [AU]	L	0	1
Hwee Lek [AU]	Fareez Sanif [AU]	L	0	1
jacques rosseau [AU]	Ethan Cooper [AU]	L	0	1
jacques rosseau [AU]	Pippin Greening [AU]	L	0	2
jacques rosseau [AU]	Joshua Grob [AU]	L	0	3
jacques rosseau [AU]	Darcy Church [AU]	L	0	4
ryan sayers [AU]	Duy Le [AU]	L	0	1
ryan sayers [AU]	Kelvin Duong [AU]	L	0	2
ryan sayers [AU]	Piper Ingram [AU]	L	0	3
ryan sayers [AU]	Nathan Reed-Jensen [AU]	L	0	4
