Matias Matricardi [AR]	Rodrigo Ciulla [BR]	W	3	1
Matias Matricardi [AR]	Facundo Manuel Facio [AR]	T	4	2
Matias Matricardi [AR]	Damian Fernandez Urroz [AR]	W	7	3
Matias Matricardi [AR]	Tomás Leal [AR]	W	10	4
Matias Matricardi [AR]	Esteban Ocompley [CL]	W	13	5
Matias Matricardi [AR]	Dalton Acchetta [BR]	W	16	6
Matias Matricardi [AR]	Manuel Christopher Vergara [CL]	T	17	7
Matias Matricardi [AR]	Nicolás Magliulo [AR]	W	20	8
Matias Matricardi [AR]	Manuel Christopher Vergara [CL]	W	23	9
Matias Matricardi [AR]	Dalton Acchetta [BR]	W	26	10
Dalton Acchetta [BR]	Emanuel Diogo [AR]	W	3	1
Dalton Acchetta [BR]	Juan Martin Bravo [AR]	W	6	2
Dalton Acchetta [BR]	William Azevedo [BR]	T	7	3
Dalton Acchetta [BR]	Lucas Ariel Gonzalo [AR]	W	10	4
Dalton Acchetta [BR]	Leonardo Walbrinch [BR]	W	13	5
Dalton Acchetta [BR]	Matias Matricardi [AR]	L	13	6
Dalton Acchetta [BR]	Leandro Espindola [AR]	W	16	7
Dalton Acchetta [BR]	Federico Nattkemper [AR]	W	19	8
Dalton Acchetta [BR]	Sebastian Lugo [AR]	W	22	9
Dalton Acchetta [BR]	Matias Matricardi [AR]	L	22	10
Sebastian Lugo [AR]	Joaquín Algorta [UY]	W	3	1
Sebastian Lugo [AR]	Damián Gabriel Riquel [AR]	W	6	2
Sebastian Lugo [AR]	Agustín Campo [AR]	W	9	3
Sebastian Lugo [AR]	Victor Muñoz [CL]	W	12	4
Sebastian Lugo [AR]	Patricia Gonzalez Walsh [AR]	W	15	5
Sebastian Lugo [AR]	Manuel Christopher Vergara [CL]	T	16	6
Sebastian Lugo [AR]	Nicolás Magliulo [AR]	T	17	7
Sebastian Lugo [AR]	Lucas Ariel Gonzalo [AR]	W	20	8
Sebastian Lugo [AR]	Dalton Acchetta [BR]	L	20	9
Manuel Christopher Vergara [CL]	Fabrizio Bellucci [AR]	W	3	1
Manuel Christopher Vergara [CL]	Fermin Arrese Igor [AR]	W	6	2
Manuel Christopher Vergara [CL]	Victor Cervelin Leite [BR]	W	9	3
Manuel Christopher Vergara [CL]	Leandro Espindola [AR]	W	12	4
Manuel Christopher Vergara [CL]	Alejo Salvador [AR]	W	15	5
Manuel Christopher Vergara [CL]	Sebastian Lugo [AR]	T	16	6
Manuel Christopher Vergara [CL]	Matias Matricardi [AR]	T	17	7
Manuel Christopher Vergara [CL]	Ajay Sridhar [US]	W	20	8
Manuel Christopher Vergara [CL]	Matias Matricardi [AR]	L	20	9
Federico Nattkemper [AR]	Nicolás Magliulo [AR]	W	3	1
Federico Nattkemper [AR]	Damian Fulco [AR]	W	6	2
Federico Nattkemper [AR]	Leandro Espindola [AR]	L	6	3
Federico Nattkemper [AR]	Fabrizio Bellucci [AR]	W	9	4
Federico Nattkemper [AR]	Giovanni Peragallo Shand [CL]	W	12	5
Federico Nattkemper [AR]	Damián Gabriel Riquel [AR]	T	13	6
Federico Nattkemper [AR]	William Azevedo [BR]	W	16	7
Federico Nattkemper [AR]	Dalton Acchetta [BR]	L	16	8
Nicolás Magliulo [AR]	Federico Nattkemper [AR]	L	0	1
Nicolás Magliulo [AR]	Eric Uriel Patlallan [AR]	W	3	2
Nicolás Magliulo [AR]	Julian Diaz Ferrara [AR]	W	6	3
Nicolás Magliulo [AR]	Andrés Viglioglia [AR]	W	9	4
Nicolás Magliulo [AR]	Santiago Iván Rossi [AR]	W	12	5
Nicolás Magliulo [AR]	Alejo Salvador [AR]	W	15	6
Nicolás Magliulo [AR]	Sebastian Lugo [AR]	T	16	7
Nicolás Magliulo [AR]	Matias Matricardi [AR]	L	16	8
Ajay Sridhar [US]	Victor Cervelin Leite [BR]	L	0	1
Ajay Sridhar [US]	Martin Nakamatsu [AR]	W	3	2
Ajay Sridhar [US]	Agustín Correa Pasini [AR]	W	6	3
Ajay Sridhar [US]	Otavio Gouveia [BR]	W	9	4
Ajay Sridhar [US]	Marvin Andres Varas Carrasco [CL]	W	12	5
Ajay Sridhar [US]	Patricia Gonzalez Walsh [AR]	W	15	6
Ajay Sridhar [US]	Nicolas Buczak [AR]	T	16	7
Ajay Sridhar [US]	Manuel Christopher Vergara [CL]	L	16	8
Lucas Ariel Gonzalo [AR]	Federico Vara [AR]	W	3	1
Lucas Ariel Gonzalo [AR]	Augusto Yaquemet [AR]	T	4	2
Lucas Ariel Gonzalo [AR]	Manuel Fernández [AR]	W	7	3
Lucas Ariel Gonzalo [AR]	Dalton Acchetta [BR]	L	7	4
Lucas Ariel Gonzalo [AR]	Andres Estefano Gajardo Lopehandia [CL]	W	10	5
Lucas Ariel Gonzalo [AR]	Facundo Manuel Facio [AR]	W	13	6
Lucas Ariel Gonzalo [AR]	Leandro Héctor López [AR]	W	16	7
Lucas Ariel Gonzalo [AR]	Sebastian Lugo [AR]	L	16	8
Diego Cassiraga [AR]	Tobias Basin [AR]	W	3	1
Diego Cassiraga [AR]	Diego Pablo González Ortiz [CL]	L	3	2
Diego Cassiraga [AR]	Juan Manuel Cano [AR]	W	6	3
Diego Cassiraga [AR]	Daniel Aris [UY]	W	9	4
Diego Cassiraga [AR]	Facundo Manuel Facio [AR]	W	12	5
Diego Cassiraga [AR]	Leandro Espindola [AR]	T	13	6
Diego Cassiraga [AR]	Leonardo Walbrinch [BR]	W	16	7
Santiago Iván Rossi [AR]	Nataniel Lovagnini [AR]	W	3	1
Santiago Iván Rossi [AR]	Andres Estefano Gajardo Lopehandia [CL]	W	6	2
Santiago Iván Rossi [AR]	Alejo Salvador [AR]	L	6	3
Santiago Iván Rossi [AR]	Leandro Héctor López [AR]	W	9	4
Santiago Iván Rossi [AR]	Nicolás Magliulo [AR]	L	9	5
Santiago Iván Rossi [AR]	Ivan Urrutia [CL]	W	12	6
Santiago Iván Rossi [AR]	Victor Cervelin Leite [BR]	W	15	7
Nicolas Buczak [AR]	Juan Carlos Candisano [AR]	W	3	1
Nicolas Buczak [AR]	Facundo José Minetti [AR]	W	6	2
Nicolas Buczak [AR]	Gaston Kitela [AR]	T	7	3
Nicolas Buczak [AR]	Augusto Yaquemet [AR]	T	8	4
Nicolas Buczak [AR]	Bruno Partala [BR]	W	11	5
Nicolas Buczak [AR]	Damian Fernandez Urroz [AR]	W	14	6
Nicolas Buczak [AR]	Ajay Sridhar [US]	T	15	7
Emanuel Diogo [AR]	Dalton Acchetta [BR]	L	0	1
Emanuel Diogo [AR]	Kevin Tournon [AR]	W	3	2
Emanuel Diogo [AR]	Fabrizio Bellucci [AR]	L	3	3
Emanuel Diogo [AR]	Facundo José Minetti [AR]	W	6	4
Emanuel Diogo [AR]	Paulo Gouveia De Freitas [BR]	W	9	5
Emanuel Diogo [AR]	Augusto Yaquemet [AR]	W	12	6
Emanuel Diogo [AR]	Otavio Gouveia [BR]	W	15	7
Damián Gabriel Riquel [AR]	Francisco Nordfors [AR]	W	3	1
Damián Gabriel Riquel [AR]	Sebastian Lugo [AR]	L	3	2
Damián Gabriel Riquel [AR]	Franco Marcellini [AR]	W	6	3
Damián Gabriel Riquel [AR]	Agustin Vannella [AR]	W	9	4
Damián Gabriel Riquel [AR]	Ivan Urrutia [CL]	W	12	5
Damián Gabriel Riquel [AR]	Federico Nattkemper [AR]	T	13	6
Damián Gabriel Riquel [AR]	Yerco Valencia Galvez [CL]	T	14	7
Esteban Ocompley [CL]	Leonardo Walbrinch [BR]	T	1	1
Esteban Ocompley [CL]	Cristian Gallo Fernández [CL]	W	4	2
Esteban Ocompley [CL]	Julian Azarola [AR]	W	7	3
Esteban Ocompley [CL]	William Azevedo [BR]	W	10	4
Esteban Ocompley [CL]	Matias Matricardi [AR]	L	10	5
Esteban Ocompley [CL]	Victor Cervelin Leite [BR]	T	11	6
Esteban Ocompley [CL]	Bruno Partala [BR]	W	14	7
Yerco Valencia Galvez [CL]	Alberto Araya [CL]	L	0	1
Yerco Valencia Galvez [CL]	Luiza Back [BR]	W	3	2
Yerco Valencia Galvez [CL]	Ricardo Ferrus [AR]	W	6	3
Yerco Valencia Galvez [CL]	Ezequiel Jerez [AR]	W	9	4
Yerco Valencia Galvez [CL]	Augusto Yaquemet [AR]	T	10	5
Yerco Valencia Galvez [CL]	Diego Pablo González Ortiz [CL]	W	13	6
Yerco Valencia Galvez [CL]	Damián Gabriel Riquel [AR]	T	14	7
Leandro Espindola [AR]	Luiza Back [BR]	W	3	1
Leandro Espindola [AR]	Alberto Araya [CL]	W	6	2
Leandro Espindola [AR]	Federico Nattkemper [AR]	W	9	3
Leandro Espindola [AR]	Manuel Christopher Vergara [CL]	L	9	4
Leandro Espindola [AR]	Agustín Campo [AR]	W	12	5
Leandro Espindola [AR]	Diego Cassiraga [AR]	T	13	6
Leandro Espindola [AR]	Dalton Acchetta [BR]	L	13	7
Leonardo Walbrinch [BR]	Esteban Ocompley [CL]	T	1	1
Leonardo Walbrinch [BR]	Marco Dardis [AR]	W	4	2
Leonardo Walbrinch [BR]	Jonatan Schneider [AR]	W	7	3
Leonardo Walbrinch [BR]	Gaston Kitela [AR]	W	10	4
Leonardo Walbrinch [BR]	Dalton Acchetta [BR]	L	10	5
Leonardo Walbrinch [BR]	Christian Badenas [AR]	W	13	6
Leonardo Walbrinch [BR]	Diego Cassiraga [AR]	L	13	7
Patricia Gonzalez Walsh [AR]	Pablo Andres Lippo [AR]	W	3	1
Patricia Gonzalez Walsh [AR]	Jade Rezniotopoulos [UY]	W	6	2
Patricia Gonzalez Walsh [AR]	Leandro Héctor López [AR]	W	9	3
Patricia Gonzalez Walsh [AR]	Jorge Maximiliano Rivero Daca [AR]	W	12	4
Patricia Gonzalez Walsh [AR]	Sebastian Lugo [AR]	L	12	5
Patricia Gonzalez Walsh [AR]	Ajay Sridhar [US]	L	12	6
Patricia Gonzalez Walsh [AR]	Alejo Salvador [AR]	T	13	7
Alejo Salvador [AR]	Leonel Prieto [AR]	W	3	1
Alejo Salvador [AR]	Agustín Correa Pasini [AR]	W	6	2
Alejo Salvador [AR]	Santiago Iván Rossi [AR]	W	9	3
Alejo Salvador [AR]	Marvin Andres Varas Carrasco [CL]	W	12	4
Alejo Salvador [AR]	Manuel Christopher Vergara [CL]	L	12	5
Alejo Salvador [AR]	Nicolás Magliulo [AR]	L	12	6
Alejo Salvador [AR]	Patricia Gonzalez Walsh [AR]	T	13	7
Fabrizio Bellucci [AR]	Manuel Christopher Vergara [CL]	L	0	1
Fabrizio Bellucci [AR]	Nataniel Lovagnini [AR]	W	3	2
Fabrizio Bellucci [AR]	Emanuel Diogo [AR]	W	6	3
Fabrizio Bellucci [AR]	Federico Nattkemper [AR]	L	6	4
Fabrizio Bellucci [AR]	Juan Martin Bravo [AR]	W	9	5
Fabrizio Bellucci [AR]	Marvin Andres Varas Carrasco [CL]	W	12	6
Fabrizio Bellucci [AR]	Agustín Correa Pasini [AR]	T	13	7
William Azevedo [BR]	Martin Nakamatsu [AR]	W	3	1
William Azevedo [BR]	Julian Diaz Ferrara [AR]	W	6	2
William Azevedo [BR]	Dalton Acchetta [BR]	T	7	3
William Azevedo [BR]	Esteban Ocompley [CL]	L	7	4
William Azevedo [BR]	Manuel Fernández [AR]	W	10	5
William Azevedo [BR]	Gaston Kitela [AR]	W	13	6
William Azevedo [BR]	Federico Nattkemper [AR]	L	13	7
Agustín Campo [AR]	Joel Ortiz [AR]	W	3	1
Agustín Campo [AR]	Ivan Urrutia [CL]	W	6	2
Agustín Campo [AR]	Sebastian Lugo [AR]	L	6	3
Agustín Campo [AR]	Alvaro Yaquemet [AR]	W	9	4
Agustín Campo [AR]	Leandro Espindola [AR]	L	9	5
Agustín Campo [AR]	Julian Diaz Ferrara [AR]	W	12	6
Agustín Campo [AR]	Damian Fernandez Urroz [AR]	T	13	7
Damian Fernandez Urroz [AR]	Ignacio Rzeszut [AR]	W	3	1
Damian Fernandez Urroz [AR]	Juan Manuel Cano [AR]	W	6	2
Damian Fernandez Urroz [AR]	Matias Matricardi [AR]	L	6	3
Damian Fernandez Urroz [AR]	Sebastian Arias [CL]	W	9	4
Damian Fernandez Urroz [AR]	Jorge Maximiliano Rivero Daca [AR]	W	12	5
Damian Fernandez Urroz [AR]	Nicolas Buczak [AR]	L	12	6
Damian Fernandez Urroz [AR]	Agustín Campo [AR]	T	13	7
Victor Muñoz [CL]	Gaston Poggi [AR]	T	1	1
Victor Muñoz [CL]	Christian Rezniotopoulos [UY]	W	4	2
Victor Muñoz [CL]	Sebastian Pizarro [CL]	W	7	3
Victor Muñoz [CL]	Sebastian Lugo [AR]	L	7	4
Victor Muñoz [CL]	Victor Cervelin Leite [BR]	L	7	5
Victor Muñoz [CL]	Tobias Basin [AR]	W	10	6
Victor Muñoz [CL]	Diego Pablo González Ortiz [CL]	W	13	7
Agustín Correa Pasini [AR]	Franco Marcellini [AR]	W	3	1
Agustín Correa Pasini [AR]	Alejo Salvador [AR]	L	3	2
Agustín Correa Pasini [AR]	Ajay Sridhar [US]	L	3	3
Agustín Correa Pasini [AR]	Kevin Tournon [AR]	W	6	4
Agustín Correa Pasini [AR]	Quimey Lautaro Ivona Macri [AR]	W	9	5
Agustín Correa Pasini [AR]	Sebastian Pizarro [CL]	W	12	6
Agustín Correa Pasini [AR]	Fabrizio Bellucci [AR]	T	13	7
Andres Estefano Gajardo Lopehandia [CL]	Valentino Peng [AR]	W	3	1
Andres Estefano Gajardo Lopehandia [CL]	Santiago Iván Rossi [AR]	L	3	2
Andres Estefano Gajardo Lopehandia [CL]	Fermin Arrese Igor [AR]	W	6	3
Andres Estefano Gajardo Lopehandia [CL]	Alberto Araya [CL]	T	7	4
Andres Estefano Gajardo Lopehandia [CL]	Lucas Ariel Gonzalo [AR]	L	7	5
Andres Estefano Gajardo Lopehandia [CL]	Matias Casetti [AR]	W	10	6
Andres Estefano Gajardo Lopehandia [CL]	Gaston Kitela [AR]	W	13	7
Christian Badenas [AR]	Tomás Leal [AR]	L	0	1
Christian Badenas [AR]	Ignacio Rzeszut [AR]	T	1	2
Christian Badenas [AR]	Fabian Robledo [AR]	W	4	3
Christian Badenas [AR]	Sebastian Gonzalez [CL]	W	7	4
Christian Badenas [AR]	Christian Federico Vola [AR]	W	10	5
Christian Badenas [AR]	Leonardo Walbrinch [BR]	L	10	6
Christian Badenas [AR]	Facundo Manuel Facio [AR]	W	13	7
Giovanni Peragallo Shand [CL]	Alejandro Aguiar [UY]	W	3	1
Giovanni Peragallo Shand [CL]	Leandro Héctor López [AR]	L	3	2
Giovanni Peragallo Shand [CL]	Tobias Basin [AR]	W	6	3
Giovanni Peragallo Shand [CL]	Joel Ortiz [AR]	W	9	4
Giovanni Peragallo Shand [CL]	Federico Nattkemper [AR]	L	9	5
Giovanni Peragallo Shand [CL]	Daniel Facciabene [AR]	W	12	6
Giovanni Peragallo Shand [CL]	Jade Rezniotopoulos [UY]	T	13	7
Jade Rezniotopoulos [UY]	Daniel Facciabene [AR]	W	3	1
Jade Rezniotopoulos [UY]	Patricia Gonzalez Walsh [AR]	L	3	2
Jade Rezniotopoulos [UY]	Joel Ortiz [AR]	L	3	3
Jade Rezniotopoulos [UY]	Tadeo Liuzzi [AR]	W	6	4
Jade Rezniotopoulos [UY]	Juan Carlos Candisano [AR]	W	9	5
Jade Rezniotopoulos [UY]	Jorge Maximiliano Rivero Daca [AR]	W	12	6
Jade Rezniotopoulos [UY]	Giovanni Peragallo Shand [CL]	T	13	7
Christian Federico Vola [AR]	Eric Uriel Patlallan [AR]	W	3	1
Christian Federico Vola [AR]	Gaston Kitela [AR]	L	3	2
Christian Federico Vola [AR]	Ariel Cotrupi [AR]	T	4	3
Christian Federico Vola [AR]	Ignacio Rzeszut [AR]	W	7	4
Christian Federico Vola [AR]	Christian Badenas [AR]	L	7	5
Christian Federico Vola [AR]	Mariano Antipan [AR]	W	10	6
Christian Federico Vola [AR]	Eduardo Suárez Aliaga [CL]	W	13	7
Leandro Héctor López [AR]	Emiliano Meglio [AR]	W	3	1
Leandro Héctor López [AR]	Giovanni Peragallo Shand [CL]	W	6	2
Leandro Héctor López [AR]	Patricia Gonzalez Walsh [AR]	L	6	3
Leandro Héctor López [AR]	Santiago Iván Rossi [AR]	L	6	4
Leandro Héctor López [AR]	Andrés Viglioglia [AR]	W	9	5
Leandro Héctor López [AR]	Sebastian Arias [CL]	W	12	6
Leandro Héctor López [AR]	Lucas Ariel Gonzalo [AR]	L	12	7
Alberto Araya [CL]	Yerco Valencia Galvez [CL]	W	3	1
Alberto Araya [CL]	Leandro Espindola [AR]	L	3	2
Alberto Araya [CL]	Quimey Lautaro Ivona Macri [AR]	W	6	3
Alberto Araya [CL]	Andres Estefano Gajardo Lopehandia [CL]	T	7	4
Alberto Araya [CL]	Tomás Leal [AR]	T	8	5
Alberto Araya [CL]	Davíd Alejandro Fernandez Abarca [MX]	T	9	6
Alberto Araya [CL]	Fermin Arrese Igor [AR]	W	12	7
Otavio Gouveia [BR]	Matias Casetti [AR]	W	3	1
Otavio Gouveia [BR]	Mariano Antipan [AR]	W	6	2
Otavio Gouveia [BR]	Marvin Andres Varas Carrasco [CL]	L	6	3
Otavio Gouveia [BR]	Ajay Sridhar [US]	L	6	4
Otavio Gouveia [BR]	Franco Marcellini [AR]	W	9	5
Otavio Gouveia [BR]	Nataniel Lovagnini [AR]	W	12	6
Otavio Gouveia [BR]	Emanuel Diogo [AR]	L	12	7
Jorge Maximiliano Rivero Daca [AR]	Ezequiel Jerez [AR]	W	3	1
Jorge Maximiliano Rivero Daca [AR]	Davíd Alejandro Fernandez Abarca [MX]	W	6	2
Jorge Maximiliano Rivero Daca [AR]	Daniel Aris [UY]	W	9	3
Jorge Maximiliano Rivero Daca [AR]	Patricia Gonzalez Walsh [AR]	L	9	4
Jorge Maximiliano Rivero Daca [AR]	Damian Fernandez Urroz [AR]	L	9	5
Jorge Maximiliano Rivero Daca [AR]	Jade Rezniotopoulos [UY]	L	9	6
Jorge Maximiliano Rivero Daca [AR]	Franco Marcellini [AR]	W	12	7
Sebastian Arias [CL]	Dario Gianoglio [AR]	L	0	1
Sebastian Arias [CL]	BYE	W	3	2
Sebastian Arias [CL]	Paulo Gouveia De Freitas [BR]	W	6	3
Sebastian Arias [CL]	Damian Fernandez Urroz [AR]	L	6	4
Sebastian Arias [CL]	Gonzalo Rodriguez [AR]	W	9	5
Sebastian Arias [CL]	Leandro Héctor López [AR]	L	9	6
Sebastian Arias [CL]	Rodrigo Ciulla [BR]	W	12	7
Ivan Urrutia [CL]	Juan Felipe Gastón [AR]	W	3	1
Ivan Urrutia [CL]	Agustín Campo [AR]	L	3	2
Ivan Urrutia [CL]	Facundo José Minetti [AR]	W	6	3
Ivan Urrutia [CL]	Juan Martin Bravo [AR]	W	9	4
Ivan Urrutia [CL]	Damián Gabriel Riquel [AR]	L	9	5
Ivan Urrutia [CL]	Santiago Iván Rossi [AR]	L	9	6
Ivan Urrutia [CL]	Davíd Alejandro Fernandez Abarca [MX]	W	12	7
Nataniel Lovagnini [AR]	Santiago Iván Rossi [AR]	L	0	1
Nataniel Lovagnini [AR]	Fabrizio Bellucci [AR]	L	0	2
Nataniel Lovagnini [AR]	Pablo Andres Lippo [AR]	W	3	3
Nataniel Lovagnini [AR]	Ricardo Ferrus [AR]	W	6	4
Nataniel Lovagnini [AR]	Joel Ortiz [AR]	W	9	5
Nataniel Lovagnini [AR]	Otavio Gouveia [BR]	L	9	6
Nataniel Lovagnini [AR]	Daniel Facciabene [AR]	W	12	7
Marco Dardis [AR]	Lisandro Angelakis [AR]	T	1	1
Marco Dardis [AR]	Leonardo Walbrinch [BR]	L	1	2
Marco Dardis [AR]	Gaston Dhers [AR]	T	2	3
Marco Dardis [AR]	Leonardo Fernandez Da Silva [AR]	W	5	4
Marco Dardis [AR]	Federico Gramajo [AR]	W	8	5
Marco Dardis [AR]	Tomás Leal [AR]	T	9	6
Marco Dardis [AR]	Ezequiel Jerez [AR]	W	12	7
Tomás Blei [AR]	Mariano Antipan [AR]	L	0	1
Tomás Blei [AR]	Leonardo Taibo [AR]	W	3	2
Tomás Blei [AR]	Ezequiel Jerez [AR]	L	3	3
Tomás Blei [AR]	Paulo Gouveia De Freitas [BR]	L	3	4
Tomás Blei [AR]	Walter Schinner [AR]	W	6	5
Tomás Blei [AR]	Kevin Tournon [AR]	W	9	6
Tomás Blei [AR]	Andrés Viglioglia [AR]	W	12	7
Victor Cervelin Leite [BR]	Ajay Sridhar [US]	W	3	1
Victor Cervelin Leite [BR]	Ariel Cotrupi [AR]	W	6	2
Victor Cervelin Leite [BR]	Manuel Christopher Vergara [CL]	L	6	3
Victor Cervelin Leite [BR]	Mariano Antipan [AR]	T	7	4
Victor Cervelin Leite [BR]	Victor Muñoz [CL]	W	10	5
Victor Cervelin Leite [BR]	Esteban Ocompley [CL]	T	11	6
Victor Cervelin Leite [BR]	Santiago Iván Rossi [AR]	L	11	7
Bruno Partala [BR]	Fabian Robledo [AR]	T	1	1
Bruno Partala [BR]	Agustin Vannella [AR]	T	2	2
Bruno Partala [BR]	Gonzalo Rodriguez [AR]	W	5	3
Bruno Partala [BR]	Gaston Poggi [AR]	W	8	4
Bruno Partala [BR]	Nicolas Buczak [AR]	L	8	5
Bruno Partala [BR]	Lisandro Angelakis [AR]	W	11	6
Bruno Partala [BR]	Esteban Ocompley [CL]	L	11	7
Sebastian Pizarro [CL]	Alvaro Yaquemet [AR]	W	3	1
Sebastian Pizarro [CL]	Dario Gianoglio [AR]	T	4	2
Sebastian Pizarro [CL]	Victor Muñoz [CL]	L	4	3
Sebastian Pizarro [CL]	Jonatan Schneider [AR]	W	7	4
Sebastian Pizarro [CL]	Lisandro Angelakis [AR]	T	8	5
Sebastian Pizarro [CL]	Agustín Correa Pasini [AR]	L	8	6
Sebastian Pizarro [CL]	Julian Azarola [AR]	W	11	7
Manuel Fernández [AR]	Agustin Vannella [AR]	T	1	1
Manuel Fernández [AR]	Matias Nicolas Chillemi [AR]	W	4	2
Manuel Fernández [AR]	Lucas Ariel Gonzalo [AR]	L	4	3
Manuel Fernández [AR]	Damián Ezequiel Anile [AR]	W	7	4
Manuel Fernández [AR]	William Azevedo [BR]	L	7	5
Manuel Fernández [AR]	Julian Azarola [AR]	W	10	6
Manuel Fernández [AR]	Gaston Poggi [AR]	T	11	7
Lisandro Angelakis [AR]	Marco Dardis [AR]	T	1	1
Lisandro Angelakis [AR]	Julian Azarola [AR]	L	1	2
Lisandro Angelakis [AR]	Matias Nicolas Chillemi [AR]	W	4	3
Lisandro Angelakis [AR]	Ariel Cotrupi [AR]	W	7	4
Lisandro Angelakis [AR]	Sebastian Pizarro [CL]	T	8	5
Lisandro Angelakis [AR]	Bruno Partala [BR]	L	8	6
Lisandro Angelakis [AR]	Jonatan Schneider [AR]	W	11	7
Fabian Robledo [AR]	Bruno Partala [BR]	T	1	1
Fabian Robledo [AR]	Jonatan Schneider [AR]	L	1	2
Fabian Robledo [AR]	Christian Badenas [AR]	L	1	3
Fabian Robledo [AR]	Alejandro Aguiar [UY]	W	4	4
Fabian Robledo [AR]	Eric Uriel Patlallan [AR]	T	5	5
Fabian Robledo [AR]	Leonardo Fernandez Da Silva [AR]	W	8	6
Fabian Robledo [AR]	Martin Callegari [AR]	W	11	7
Cristian Gallo Fernández [CL]	Christian Rezniotopoulos [UY]	T	1	1
Cristian Gallo Fernández [CL]	Esteban Ocompley [CL]	L	1	2
Cristian Gallo Fernández [CL]	Martin Callegari [AR]	L	1	3
Cristian Gallo Fernández [CL]	Julio Silveira [UY]	W	4	4
Cristian Gallo Fernández [CL]	Jonatan Schneider [AR]	T	5	5
Cristian Gallo Fernández [CL]	Federico Gramajo [AR]	W	8	6
Cristian Gallo Fernández [CL]	Ariel Cotrupi [AR]	W	11	7
Augusto Yaquemet [AR]	Eduardo Suárez Aliaga [CL]	W	3	1
Augusto Yaquemet [AR]	Lucas Ariel Gonzalo [AR]	T	4	2
Augusto Yaquemet [AR]	Damián Ezequiel Anile [AR]	W	7	3
Augusto Yaquemet [AR]	Nicolas Buczak [AR]	T	8	4
Augusto Yaquemet [AR]	Yerco Valencia Galvez [CL]	T	9	5
Augusto Yaquemet [AR]	Emanuel Diogo [AR]	L	9	6
Augusto Yaquemet [AR]	Julian Diaz Ferrara [AR]	T	10	7
Tomás Leal [AR]	Christian Badenas [AR]	W	3	1
Tomás Leal [AR]	Ricardo Ferrus [AR]	W	6	2
Tomás Leal [AR]	Diego Pablo González Ortiz [CL]	T	7	3
Tomás Leal [AR]	Matias Matricardi [AR]	L	7	4
Tomás Leal [AR]	Alberto Araya [CL]	T	8	5
Tomás Leal [AR]	Marco Dardis [AR]	T	9	6
Tomás Leal [AR]	Marvin Andres Varas Carrasco [CL]	T	10	7
Facundo Manuel Facio [AR]	Quimey Lautaro Ivona Macri [AR]	W	3	1
Facundo Manuel Facio [AR]	Matias Matricardi [AR]	T	4	2
Facundo Manuel Facio [AR]	Federico Gramajo [AR]	W	7	3
Facundo Manuel Facio [AR]	Diego Pablo González Ortiz [CL]	W	10	4
Facundo Manuel Facio [AR]	Diego Cassiraga [AR]	L	10	5
Facundo Manuel Facio [AR]	Lucas Ariel Gonzalo [AR]	L	10	6
Facundo Manuel Facio [AR]	Christian Badenas [AR]	L	10	7
Gaston Kitela [AR]	Leonardo Taibo [AR]	W	3	1
Gaston Kitela [AR]	Christian Federico Vola [AR]	W	6	2
Gaston Kitela [AR]	Nicolas Buczak [AR]	T	7	3
Gaston Kitela [AR]	Leonardo Walbrinch [BR]	L	7	4
Gaston Kitela [AR]	Alvaro Yaquemet [AR]	W	10	5
Gaston Kitela [AR]	William Azevedo [BR]	L	10	6
Gaston Kitela [AR]	Andres Estefano Gajardo Lopehandia [CL]	L	10	7
Marvin Andres Varas Carrasco [CL]	Sebastian Gonzalez [CL]	W	3	1
Marvin Andres Varas Carrasco [CL]	Andrés Viglioglia [AR]	W	6	2
Marvin Andres Varas Carrasco [CL]	Otavio Gouveia [BR]	W	9	3
Marvin Andres Varas Carrasco [CL]	Alejo Salvador [AR]	L	9	4
Marvin Andres Varas Carrasco [CL]	Ajay Sridhar [US]	L	9	5
Marvin Andres Varas Carrasco [CL]	Fabrizio Bellucci [AR]	L	9	6
Marvin Andres Varas Carrasco [CL]	Tomás Leal [AR]	T	10	7
Diego Pablo González Ortiz [CL]	Tadeo Liuzzi [AR]	W	3	1
Diego Pablo González Ortiz [CL]	Diego Cassiraga [AR]	W	6	2
Diego Pablo González Ortiz [CL]	Tomás Leal [AR]	T	7	3
Diego Pablo González Ortiz [CL]	Facundo Manuel Facio [AR]	L	7	4
Diego Pablo González Ortiz [CL]	Mariano Antipan [AR]	W	10	5
Diego Pablo González Ortiz [CL]	Yerco Valencia Galvez [CL]	L	10	6
Diego Pablo González Ortiz [CL]	Victor Muñoz [CL]	L	10	7
Tobias Basin [AR]	Diego Cassiraga [AR]	L	0	1
Tobias Basin [AR]	Daniel Facciabene [AR]	W	3	2
Tobias Basin [AR]	Giovanni Peragallo Shand [CL]	L	3	3
Tobias Basin [AR]	Eduardo Suárez Aliaga [CL]	T	4	4
Tobias Basin [AR]	Damián Ezequiel Anile [AR]	W	7	5
Tobias Basin [AR]	Victor Muñoz [CL]	L	7	6
Tobias Basin [AR]	Pablo Andres Lippo [AR]	W	10	7
Julian Diaz Ferrara [AR]	Marcelo Vilar [AR]	W	3	1
Julian Diaz Ferrara [AR]	William Azevedo [BR]	L	3	2
Julian Diaz Ferrara [AR]	Nicolás Magliulo [AR]	L	3	3
Julian Diaz Ferrara [AR]	Walter Schinner [AR]	W	6	4
Julian Diaz Ferrara [AR]	Rodrigo Ciulla [BR]	W	9	5
Julian Diaz Ferrara [AR]	Agustín Campo [AR]	L	9	6
Julian Diaz Ferrara [AR]	Augusto Yaquemet [AR]	T	10	7
Gaston Poggi [AR]	Victor Muñoz [CL]	T	1	1
Gaston Poggi [AR]	Leonardo Fernandez Da Silva [AR]	T	2	2
Gaston Poggi [AR]	Juan Felipe Gastón [AR]	W	5	3
Gaston Poggi [AR]	Bruno Partala [BR]	L	5	4
Gaston Poggi [AR]	Agustin Vannella [AR]	T	6	5
Gaston Poggi [AR]	Juan Carlos Candisano [AR]	W	9	6
Gaston Poggi [AR]	Manuel Fernández [AR]	T	10	7
Alvaro Yaquemet [AR]	Sebastian Pizarro [CL]	L	0	1
Alvaro Yaquemet [AR]	Marcelo Vilar [AR]	W	3	2
Alvaro Yaquemet [AR]	Tadeo Liuzzi [AR]	W	6	3
Alvaro Yaquemet [AR]	Agustín Campo [AR]	L	6	4
Alvaro Yaquemet [AR]	Gaston Kitela [AR]	L	6	5
Alvaro Yaquemet [AR]	Francisco Nordfors [AR]	T	7	6
Alvaro Yaquemet [AR]	Damián Ezequiel Anile [AR]	W	10	7
Ricardo Ferrus [AR]	Gustavo Wada [BR]	W	3	1
Ricardo Ferrus [AR]	Tomás Leal [AR]	L	3	2
Ricardo Ferrus [AR]	Yerco Valencia Galvez [CL]	L	3	3
Ricardo Ferrus [AR]	Nataniel Lovagnini [AR]	L	3	4
Ricardo Ferrus [AR]	Tadeo Liuzzi [AR]	W	6	5
Ricardo Ferrus [AR]	Joel Ortiz [AR]	T	7	6
Ricardo Ferrus [AR]	Matias Casetti [AR]	W	10	7
Eduardo Suárez Aliaga [CL]	Augusto Yaquemet [AR]	L	0	1
Eduardo Suárez Aliaga [CL]	Walter Schinner [AR]	W	3	2
Eduardo Suárez Aliaga [CL]	Mariano Antipan [AR]	L	3	3
Eduardo Suárez Aliaga [CL]	Tobias Basin [AR]	T	4	4
Eduardo Suárez Aliaga [CL]	Sebastian Gonzalez [CL]	W	7	5
Eduardo Suárez Aliaga [CL]	Daniel Aris [UY]	W	10	6
Eduardo Suárez Aliaga [CL]	Christian Federico Vola [AR]	L	10	7
Francisco Nordfors [AR]	Damián Gabriel Riquel [AR]	L	0	1
Francisco Nordfors [AR]	Quimey Lautaro Ivona Macri [AR]	L	0	2
Francisco Nordfors [AR]	Rodrigo Ciulla [BR]	L	0	3
Francisco Nordfors [AR]	Marcelo Vilar [AR]	W	3	4
Francisco Nordfors [AR]	Federico Vara [AR]	W	6	5
Francisco Nordfors [AR]	Alvaro Yaquemet [AR]	T	7	6
Francisco Nordfors [AR]	Mariano Antipan [AR]	W	10	7
Franco Marcellini [AR]	Agustín Correa Pasini [AR]	L	0	1
Franco Marcellini [AR]	Matias Casetti [AR]	W	3	2
Franco Marcellini [AR]	Damián Gabriel Riquel [AR]	L	3	3
Franco Marcellini [AR]	Fermin Arrese Igor [AR]	W	6	4
Franco Marcellini [AR]	Otavio Gouveia [BR]	L	6	5
Franco Marcellini [AR]	Agustin Vannella [AR]	W	9	6
Franco Marcellini [AR]	Jorge Maximiliano Rivero Daca [AR]	L	9	7
Ezequiel Jerez [AR]	Jorge Maximiliano Rivero Daca [AR]	L	0	1
Ezequiel Jerez [AR]	Nahuel Avalos [AR]	W	3	2
Ezequiel Jerez [AR]	Tomás Blei [AR]	W	6	3
Ezequiel Jerez [AR]	Yerco Valencia Galvez [CL]	L	6	4
Ezequiel Jerez [AR]	Daniel Facciabene [AR]	L	6	5
Ezequiel Jerez [AR]	Juan Martin Bravo [AR]	W	9	6
Ezequiel Jerez [AR]	Marco Dardis [AR]	L	9	7
Andrés Viglioglia [AR]	Paulo Gouveia De Freitas [BR]	W	3	1
Andrés Viglioglia [AR]	Marvin Andres Varas Carrasco [CL]	L	3	2
Andrés Viglioglia [AR]	Joaquín Algorta [UY]	W	6	3
Andrés Viglioglia [AR]	Nicolás Magliulo [AR]	L	6	4
Andrés Viglioglia [AR]	Leandro Héctor López [AR]	L	6	5
Andrés Viglioglia [AR]	Facundo José Minetti [AR]	W	9	6
Andrés Viglioglia [AR]	Tomás Blei [AR]	L	9	7
Agustin Vannella [AR]	Manuel Fernández [AR]	T	1	1
Agustin Vannella [AR]	Bruno Partala [BR]	T	2	2
Agustin Vannella [AR]	Leonardo Fernandez Da Silva [AR]	W	5	3
Agustin Vannella [AR]	Damián Gabriel Riquel [AR]	L	5	4
Agustin Vannella [AR]	Gaston Poggi [AR]	T	6	5
Agustin Vannella [AR]	Franco Marcellini [AR]	L	6	6
Agustin Vannella [AR]	Walter Schinner [AR]	W	9	7
Fermin Arrese Igor [AR]	Walter Schinner [AR]	W	3	1
Fermin Arrese Igor [AR]	Manuel Christopher Vergara [CL]	L	3	2
Fermin Arrese Igor [AR]	Andres Estefano Gajardo Lopehandia [CL]	L	3	3
Fermin Arrese Igor [AR]	Franco Marcellini [AR]	L	3	4
Fermin Arrese Igor [AR]	Damian Fulco [AR]	W	6	5
Fermin Arrese Igor [AR]	Bruno Netto [UY]	W	9	6
Fermin Arrese Igor [AR]	Alberto Araya [CL]	L	9	7
Rodrigo Ciulla [BR]	Matias Matricardi [AR]	L	0	1
Rodrigo Ciulla [BR]	Federico Gramajo [AR]	L	0	2
Rodrigo Ciulla [BR]	Francisco Nordfors [AR]	W	3	3
Rodrigo Ciulla [BR]	Juan Manuel Cano [AR]	W	6	4
Rodrigo Ciulla [BR]	Julian Diaz Ferrara [AR]	L	6	5
Rodrigo Ciulla [BR]	Quimey Lautaro Ivona Macri [AR]	W	9	6
Rodrigo Ciulla [BR]	Sebastian Arias [CL]	L	9	7
Daniel Facciabene [AR]	Jade Rezniotopoulos [UY]	L	0	1
Daniel Facciabene [AR]	Tobias Basin [AR]	L	0	2
Daniel Facciabene [AR]	Marcelo Vilar [AR]	W	3	3
Daniel Facciabene [AR]	Gaston Dhers [AR]	W	6	4
Daniel Facciabene [AR]	Ezequiel Jerez [AR]	W	9	5
Daniel Facciabene [AR]	Giovanni Peragallo Shand [CL]	L	9	6
Daniel Facciabene [AR]	Nataniel Lovagnini [AR]	L	9	7
Davíd Alejandro Fernandez Abarca [MX]	Federico Gramajo [AR]	T	1	1
Davíd Alejandro Fernandez Abarca [MX]	Jorge Maximiliano Rivero Daca [AR]	L	1	2
Davíd Alejandro Fernandez Abarca [MX]	Alejandro Aguiar [UY]	W	4	3
Davíd Alejandro Fernandez Abarca [MX]	Julian Azarola [AR]	T	5	4
Davíd Alejandro Fernandez Abarca [MX]	Martin Callegari [AR]	W	8	5
Davíd Alejandro Fernandez Abarca [MX]	Alberto Araya [CL]	T	9	6
Davíd Alejandro Fernandez Abarca [MX]	Ivan Urrutia [CL]	L	9	7
Kevin Tournon [AR]	Facundo José Minetti [AR]	L	0	1
Kevin Tournon [AR]	Emanuel Diogo [AR]	L	0	2
Kevin Tournon [AR]	Leonel Prieto [AR]	W	3	3
Kevin Tournon [AR]	Agustín Correa Pasini [AR]	L	3	4
Kevin Tournon [AR]	Valentino Peng [AR]	W	6	5
Kevin Tournon [AR]	Tomás Blei [AR]	L	6	6
Kevin Tournon [AR]	Joel Ortiz [AR]	W	9	7
Juan Carlos Candisano [AR]	Nicolas Buczak [AR]	L	0	1
Juan Carlos Candisano [AR]	Tadeo Liuzzi [AR]	L	0	2
Juan Carlos Candisano [AR]	Leonardo Taibo [AR]	W	3	3
Juan Carlos Candisano [AR]	Valentino Peng [AR]	W	6	4
Juan Carlos Candisano [AR]	Jade Rezniotopoulos [UY]	L	6	5
Juan Carlos Candisano [AR]	Gaston Poggi [AR]	L	6	6
Juan Carlos Candisano [AR]	Facundo José Minetti [AR]	W	9	7
Joaquín Algorta [UY]	Sebastian Lugo [AR]	L	0	1
Joaquín Algorta [UY]	Valentino Peng [AR]	W	3	2
Joaquín Algorta [UY]	Andrés Viglioglia [AR]	L	3	3
Joaquín Algorta [UY]	Quimey Lautaro Ivona Macri [AR]	L	3	4
Joaquín Algorta [UY]	Bruno Netto [UY]	L	3	5
Joaquín Algorta [UY]	Juan Manuel Cano [AR]	W	6	6
Joaquín Algorta [UY]	Juan Martin Bravo [AR]	W	9	7
Nahuel Avalos [AR]	Daniel Aris [UY]	L	0	1
Nahuel Avalos [AR]	Ezequiel Jerez [AR]	L	0	2
Nahuel Avalos [AR]	Walter Schinner [AR]	L	0	3
Nahuel Avalos [AR]	Eric Uriel Patlallan [AR]	L	0	4
Nahuel Avalos [AR]	Julio Silveira [UY]	W	3	5
Nahuel Avalos [AR]	Federico Vara [AR]	W	6	6
Nahuel Avalos [AR]	Bruno Netto [UY]	W	9	7
Jonatan Schneider [AR]	Damián Ezequiel Anile [AR]	T	1	1
Jonatan Schneider [AR]	Fabian Robledo [AR]	W	4	2
Jonatan Schneider [AR]	Leonardo Walbrinch [BR]	L	4	3
Jonatan Schneider [AR]	Sebastian Pizarro [CL]	L	4	4
Jonatan Schneider [AR]	Cristian Gallo Fernández [CL]	T	5	5
Jonatan Schneider [AR]	Eric Uriel Patlallan [AR]	W	8	6
Jonatan Schneider [AR]	Lisandro Angelakis [AR]	L	8	7
Julian Azarola [AR]	Gaston Dhers [AR]	T	1	1
Julian Azarola [AR]	Lisandro Angelakis [AR]	W	4	2
Julian Azarola [AR]	Esteban Ocompley [CL]	L	4	3
Julian Azarola [AR]	Davíd Alejandro Fernandez Abarca [MX]	T	5	4
Julian Azarola [AR]	Ignacio Rzeszut [AR]	W	8	5
Julian Azarola [AR]	Manuel Fernández [AR]	L	8	6
Julian Azarola [AR]	Sebastian Pizarro [CL]	L	8	7
Ariel Cotrupi [AR]	Diego Fernández []	W	3	1
Ariel Cotrupi [AR]	Victor Cervelin Leite [BR]	L	3	2
Ariel Cotrupi [AR]	Christian Federico Vola [AR]	T	4	3
Ariel Cotrupi [AR]	Lisandro Angelakis [AR]	L	4	4
Ariel Cotrupi [AR]	Matias Nicolas Chillemi [AR]	T	5	5
Ariel Cotrupi [AR]	Paulo Gouveia De Freitas [BR]	W	8	6
Ariel Cotrupi [AR]	Cristian Gallo Fernández [CL]	L	8	7
Martin Callegari [AR]	Damian Fulco [AR]	L	0	1
Martin Callegari [AR]	Sebastian Gonzalez [CL]	T	1	2
Martin Callegari [AR]	Cristian Gallo Fernández [CL]	W	4	3
Martin Callegari [AR]	Federico Gramajo [AR]	T	5	4
Martin Callegari [AR]	Davíd Alejandro Fernandez Abarca [MX]	L	5	5
Martin Callegari [AR]	Juan Felipe Gastón [AR]	W	8	6
Martin Callegari [AR]	Fabian Robledo [AR]	L	8	7
Juan Felipe Gastón [AR]	Ivan Urrutia [CL]	L	0	1
Juan Felipe Gastón [AR]	Pablo Andres Lippo [AR]	T	1	2
Juan Felipe Gastón [AR]	Gaston Poggi [AR]	L	1	3
Juan Felipe Gastón [AR]	Christian Rezniotopoulos [UY]	T	2	4
Juan Felipe Gastón [AR]	Gaston Dhers [AR]	W	5	5
Juan Felipe Gastón [AR]	Martin Callegari [AR]	L	5	6
Juan Felipe Gastón [AR]	Leonardo Fernandez Da Silva [AR]	W	8	7
Mariano Antipan [AR]	Tomás Blei [AR]	W	3	1
Mariano Antipan [AR]	Otavio Gouveia [BR]	L	3	2
Mariano Antipan [AR]	Eduardo Suárez Aliaga [CL]	W	6	3
Mariano Antipan [AR]	Victor Cervelin Leite [BR]	T	7	4
Mariano Antipan [AR]	Diego Pablo González Ortiz [CL]	L	7	5
Mariano Antipan [AR]	Christian Federico Vola [AR]	L	7	6
Mariano Antipan [AR]	Francisco Nordfors [AR]	L	7	7
Joel Ortiz [AR]	Agustín Campo [AR]	L	0	1
Joel Ortiz [AR]	Federico Vara [AR]	W	3	2
Joel Ortiz [AR]	Jade Rezniotopoulos [UY]	W	6	3
Joel Ortiz [AR]	Giovanni Peragallo Shand [CL]	L	6	4
Joel Ortiz [AR]	Nataniel Lovagnini [AR]	L	6	5
Joel Ortiz [AR]	Ricardo Ferrus [AR]	T	7	6
Joel Ortiz [AR]	Kevin Tournon [AR]	L	7	7
Eric Uriel Patlallan [AR]	Christian Federico Vola [AR]	L	0	1
Eric Uriel Patlallan [AR]	Nicolás Magliulo [AR]	L	0	2
Eric Uriel Patlallan [AR]	Valentino Peng [AR]	L	0	3
Eric Uriel Patlallan [AR]	Nahuel Avalos [AR]	W	3	4
Eric Uriel Patlallan [AR]	Fabian Robledo [AR]	T	4	5
Eric Uriel Patlallan [AR]	Jonatan Schneider [AR]	L	4	6
Eric Uriel Patlallan [AR]	Alejandro Aguiar [UY]	W	7	7
Paulo Gouveia De Freitas [BR]	Andrés Viglioglia [AR]	L	0	1
Paulo Gouveia De Freitas [BR]	Bruno Netto [UY]	W	3	2
Paulo Gouveia De Freitas [BR]	Sebastian Arias [CL]	L	3	3
Paulo Gouveia De Freitas [BR]	Tomás Blei [AR]	W	6	4
Paulo Gouveia De Freitas [BR]	Emanuel Diogo [AR]	L	6	5
Paulo Gouveia De Freitas [BR]	Ariel Cotrupi [AR]	L	6	6
Paulo Gouveia De Freitas [BR]	Federico Gramajo [AR]	T	7	7
Ignacio Rzeszut [AR]	Damian Fernandez Urroz [AR]	L	0	1
Ignacio Rzeszut [AR]	Christian Badenas [AR]	T	1	2
Ignacio Rzeszut [AR]	Julio Silveira [UY]	W	4	3
Ignacio Rzeszut [AR]	Christian Federico Vola [AR]	L	4	4
Ignacio Rzeszut [AR]	Julian Azarola [AR]	L	4	5
Ignacio Rzeszut [AR]	Damián Ezequiel Anile [AR]	L	4	6
Ignacio Rzeszut [AR]	Christian Rezniotopoulos [UY]	W	7	7
Damián Ezequiel Anile [AR]	Jonatan Schneider [AR]	T	1	1
Damián Ezequiel Anile [AR]	Gaston Dhers [AR]	W	4	2
Damián Ezequiel Anile [AR]	Augusto Yaquemet [AR]	L	4	3
Damián Ezequiel Anile [AR]	Manuel Fernández [AR]	L	4	4
Damián Ezequiel Anile [AR]	Tobias Basin [AR]	L	4	5
Damián Ezequiel Anile [AR]	Ignacio Rzeszut [AR]	W	7	6
Damián Ezequiel Anile [AR]	Alvaro Yaquemet [AR]	L	7	7
Matias Casetti [AR]	Otavio Gouveia [BR]	L	0	1
Matias Casetti [AR]	Franco Marcellini [AR]	L	0	2
Matias Casetti [AR]	Bruno Netto [UY]	W	3	3
Matias Casetti [AR]	Damian Fulco [AR]	W	6	4
Matias Casetti [AR]	Daniel Aris [UY]	T	7	5
Matias Casetti [AR]	Andres Estefano Gajardo Lopehandia [CL]	L	7	6
Matias Casetti [AR]	Ricardo Ferrus [AR]	L	7	7
Pablo Andres Lippo [AR]	Patricia Gonzalez Walsh [AR]	L	0	1
Pablo Andres Lippo [AR]	Juan Felipe Gastón [AR]	T	1	2
Pablo Andres Lippo [AR]	Nataniel Lovagnini [AR]	L	1	3
Pablo Andres Lippo [AR]	Matias Nicolas Chillemi [AR]	L	1	4
Pablo Andres Lippo [AR]	Alejandro Aguiar [UY]	W	4	5
Pablo Andres Lippo [AR]	Valentino Peng [AR]	W	7	6
Pablo Andres Lippo [AR]	Tobias Basin [AR]	L	7	7
Daniel Aris [UY]	Nahuel Avalos [AR]	W	3	1
Daniel Aris [UY]	Gonzalo Rodriguez [AR]	W	6	2
Daniel Aris [UY]	Jorge Maximiliano Rivero Daca [AR]	L	6	3
Daniel Aris [UY]	Diego Cassiraga [AR]	L	6	4
Daniel Aris [UY]	Matias Casetti [AR]	T	7	5
Daniel Aris [UY]	Eduardo Suárez Aliaga [CL]	L	7	6
Facundo José Minetti [AR]	Kevin Tournon [AR]	W	3	1
Facundo José Minetti [AR]	Nicolas Buczak [AR]	L	3	2
Facundo José Minetti [AR]	Ivan Urrutia [CL]	L	3	3
Facundo José Minetti [AR]	Emanuel Diogo [AR]	L	3	4
Facundo José Minetti [AR]	Juan Manuel Cano [AR]	W	6	5
Facundo José Minetti [AR]	Andrés Viglioglia [AR]	L	6	6
Facundo José Minetti [AR]	Juan Carlos Candisano [AR]	L	6	7
Federico Gramajo [AR]	Davíd Alejandro Fernandez Abarca [MX]	T	1	1
Federico Gramajo [AR]	Rodrigo Ciulla [BR]	W	4	2
Federico Gramajo [AR]	Facundo Manuel Facio [AR]	L	4	3
Federico Gramajo [AR]	Martin Callegari [AR]	T	5	4
Federico Gramajo [AR]	Marco Dardis [AR]	L	5	5
Federico Gramajo [AR]	Cristian Gallo Fernández [CL]	L	5	6
Federico Gramajo [AR]	Paulo Gouveia De Freitas [BR]	T	6	7
Juan Martin Bravo [AR]	Bruno Netto [UY]	W	3	1
Juan Martin Bravo [AR]	Dalton Acchetta [BR]	L	3	2
Juan Martin Bravo [AR]	Damian Fulco [AR]	W	6	3
Juan Martin Bravo [AR]	Ivan Urrutia [CL]	L	6	4
Juan Martin Bravo [AR]	Fabrizio Bellucci [AR]	L	6	5
Juan Martin Bravo [AR]	Ezequiel Jerez [AR]	L	6	6
Juan Martin Bravo [AR]	Joaquín Algorta [UY]	L	6	7
Walter Schinner [AR]	Fermin Arrese Igor [AR]	L	0	1
Walter Schinner [AR]	Eduardo Suárez Aliaga [CL]	L	0	2
Walter Schinner [AR]	Nahuel Avalos [AR]	W	3	3
Walter Schinner [AR]	Julian Diaz Ferrara [AR]	L	3	4
Walter Schinner [AR]	Tomás Blei [AR]	L	3	5
Walter Schinner [AR]	Tadeo Liuzzi [AR]	W	6	6
Walter Schinner [AR]	Agustin Vannella [AR]	L	6	7
Tadeo Liuzzi [AR]	Diego Pablo González Ortiz [CL]	L	0	1
Tadeo Liuzzi [AR]	Juan Carlos Candisano [AR]	W	3	2
Tadeo Liuzzi [AR]	Alvaro Yaquemet [AR]	L	3	3
Tadeo Liuzzi [AR]	Jade Rezniotopoulos [UY]	L	3	4
Tadeo Liuzzi [AR]	Ricardo Ferrus [AR]	L	3	5
Tadeo Liuzzi [AR]	Walter Schinner [AR]	L	3	6
Tadeo Liuzzi [AR]	Federico Vara [AR]	W	6	7
Juan Manuel Cano [AR]	Jesus Alejandro Dominguez []	W	3	1
Juan Manuel Cano [AR]	Damian Fernandez Urroz [AR]	L	3	2
Juan Manuel Cano [AR]	Diego Cassiraga [AR]	L	3	3
Juan Manuel Cano [AR]	Rodrigo Ciulla [BR]	L	3	4
Juan Manuel Cano [AR]	Facundo José Minetti [AR]	L	3	5
Juan Manuel Cano [AR]	Joaquín Algorta [UY]	L	3	6
Juan Manuel Cano [AR]	Valentino Peng [AR]	W	6	7
Bruno Netto [UY]	Juan Martin Bravo [AR]	L	0	1
Bruno Netto [UY]	Paulo Gouveia De Freitas [BR]	L	0	2
Bruno Netto [UY]	Matias Casetti [AR]	L	0	3
Bruno Netto [UY]	Leonardo Taibo [AR]	W	3	4
Bruno Netto [UY]	Joaquín Algorta [UY]	W	6	5
Bruno Netto [UY]	Fermin Arrese Igor [AR]	L	6	6
Bruno Netto [UY]	Nahuel Avalos [AR]	L	6	7
Quimey Lautaro Ivona Macri [AR]	Facundo Manuel Facio [AR]	L	0	1
Quimey Lautaro Ivona Macri [AR]	Francisco Nordfors [AR]	W	3	2
Quimey Lautaro Ivona Macri [AR]	Alberto Araya [CL]	L	3	3
Quimey Lautaro Ivona Macri [AR]	Joaquín Algorta [UY]	W	6	4
Quimey Lautaro Ivona Macri [AR]	Agustín Correa Pasini [AR]	L	6	5
Quimey Lautaro Ivona Macri [AR]	Rodrigo Ciulla [BR]	L	6	6
Gonzalo Rodriguez [AR]	Julio Silveira [UY]	W	3	1
Gonzalo Rodriguez [AR]	Daniel Aris [UY]	L	3	2
Gonzalo Rodriguez [AR]	Bruno Partala [BR]	L	3	3
Gonzalo Rodriguez [AR]	Luiza Back [BR]	W	6	4
Gonzalo Rodriguez [AR]	Sebastian Arias [CL]	L	6	5
Leonardo Fernandez Da Silva [AR]	Matias Nicolas Chillemi [AR]	T	1	1
Leonardo Fernandez Da Silva [AR]	Gaston Poggi [AR]	T	2	2
Leonardo Fernandez Da Silva [AR]	Agustin Vannella [AR]	L	2	3
Leonardo Fernandez Da Silva [AR]	Marco Dardis [AR]	L	2	4
Leonardo Fernandez Da Silva [AR]	Christian Rezniotopoulos [UY]	W	5	5
Leonardo Fernandez Da Silva [AR]	Fabian Robledo [AR]	L	5	6
Leonardo Fernandez Da Silva [AR]	Juan Felipe Gastón [AR]	L	5	7
Gaston Dhers [AR]	Julian Azarola [AR]	T	1	1
Gaston Dhers [AR]	Damián Ezequiel Anile [AR]	L	1	2
Gaston Dhers [AR]	Marco Dardis [AR]	T	2	3
Gaston Dhers [AR]	Daniel Facciabene [AR]	L	2	4
Gaston Dhers [AR]	Juan Felipe Gastón [AR]	L	2	5
Gaston Dhers [AR]	Christian Rezniotopoulos [UY]	L	2	6
Gaston Dhers [AR]	BYE	W	5	7
Christian Rezniotopoulos [UY]	Cristian Gallo Fernández [CL]	T	1	1
Christian Rezniotopoulos [UY]	Victor Muñoz [CL]	L	1	2
Christian Rezniotopoulos [UY]	Sebastian Gonzalez [CL]	L	1	3
Christian Rezniotopoulos [UY]	Juan Felipe Gastón [AR]	T	2	4
Christian Rezniotopoulos [UY]	Leonardo Fernandez Da Silva [AR]	L	2	5
Christian Rezniotopoulos [UY]	Gaston Dhers [AR]	W	5	6
Christian Rezniotopoulos [UY]	Ignacio Rzeszut [AR]	L	5	7
Matias Nicolas Chillemi [AR]	Leonardo Fernandez Da Silva [AR]	T	1	1
Matias Nicolas Chillemi [AR]	Manuel Fernández [AR]	L	1	2
Matias Nicolas Chillemi [AR]	Lisandro Angelakis [AR]	L	1	3
Matias Nicolas Chillemi [AR]	Pablo Andres Lippo [AR]	W	4	4
Matias Nicolas Chillemi [AR]	Ariel Cotrupi [AR]	T	5	5
Alejandro Aguiar [UY]	Giovanni Peragallo Shand [CL]	L	0	1
Alejandro Aguiar [UY]	Julio Silveira [UY]	T	1	2
Alejandro Aguiar [UY]	Davíd Alejandro Fernandez Abarca [MX]	L	1	3
Alejandro Aguiar [UY]	Fabian Robledo [AR]	L	1	4
Alejandro Aguiar [UY]	Pablo Andres Lippo [AR]	L	1	5
Alejandro Aguiar [UY]	BYE	W	4	6
Alejandro Aguiar [UY]	Eric Uriel Patlallan [AR]	L	4	7
Sebastian Gonzalez [CL]	Marvin Andres Varas Carrasco [CL]	L	0	1
Sebastian Gonzalez [CL]	Martin Callegari [AR]	T	1	2
Sebastian Gonzalez [CL]	Christian Rezniotopoulos [UY]	W	4	3
Sebastian Gonzalez [CL]	Christian Badenas [AR]	L	4	4
Sebastian Gonzalez [CL]	Eduardo Suárez Aliaga [CL]	L	4	5
Dario Gianoglio [AR]	Sebastian Arias [CL]	W	3	1
Dario Gianoglio [AR]	Sebastian Pizarro [CL]	T	4	2
Federico Vara [AR]	Lucas Ariel Gonzalo [AR]	L	0	1
Federico Vara [AR]	Joel Ortiz [AR]	L	0	2
Federico Vara [AR]	Luiza Back [BR]	L	0	3
Federico Vara [AR]	BYE	W	3	4
Federico Vara [AR]	Francisco Nordfors [AR]	L	3	5
Federico Vara [AR]	Nahuel Avalos [AR]	L	3	6
Federico Vara [AR]	Tadeo Liuzzi [AR]	L	3	7
Valentino Peng [AR]	Andres Estefano Gajardo Lopehandia [CL]	L	0	1
Valentino Peng [AR]	Joaquín Algorta [UY]	L	0	2
Valentino Peng [AR]	Eric Uriel Patlallan [AR]	W	3	3
Valentino Peng [AR]	Juan Carlos Candisano [AR]	L	3	4
Valentino Peng [AR]	Kevin Tournon [AR]	L	3	5
Valentino Peng [AR]	Pablo Andres Lippo [AR]	L	3	6
Valentino Peng [AR]	Juan Manuel Cano [AR]	L	3	7
Damian Fulco [AR]	Martin Callegari [AR]	W	3	1
Damian Fulco [AR]	Federico Nattkemper [AR]	L	3	2
Damian Fulco [AR]	Juan Martin Bravo [AR]	L	3	3
Damian Fulco [AR]	Matias Casetti [AR]	L	3	4
Damian Fulco [AR]	Fermin Arrese Igor [AR]	L	3	5
Leonardo Taibo [AR]	Gaston Kitela [AR]	L	0	1
Leonardo Taibo [AR]	Tomás Blei [AR]	L	0	2
Leonardo Taibo [AR]	Juan Carlos Candisano [AR]	L	0	3
Leonardo Taibo [AR]	Bruno Netto [UY]	L	0	4
Leonardo Taibo [AR]	BYE	W	3	5
Luiza Back [BR]	Leandro Espindola [AR]	L	0	1
Luiza Back [BR]	Yerco Valencia Galvez [CL]	L	0	2
Luiza Back [BR]	Federico Vara [AR]	W	3	3
Luiza Back [BR]	Gonzalo Rodriguez [AR]	L	3	4
Emiliano Meglio [AR]	Leandro Héctor López [AR]	L	0	1
Emiliano Meglio [AR]	Leonel Prieto [AR]	W	3	2
Julio Silveira [UY]	Gonzalo Rodriguez [AR]	L	0	1
Julio Silveira [UY]	Alejandro Aguiar [UY]	T	1	2
Julio Silveira [UY]	Ignacio Rzeszut [AR]	L	1	3
Julio Silveira [UY]	Cristian Gallo Fernández [CL]	L	1	4
Julio Silveira [UY]	Nahuel Avalos [AR]	L	1	5
Marcelo Vilar [AR]	Julian Diaz Ferrara [AR]	L	0	1
Marcelo Vilar [AR]	Alvaro Yaquemet [AR]	L	0	2
Marcelo Vilar [AR]	Daniel Facciabene [AR]	L	0	3
Marcelo Vilar [AR]	Francisco Nordfors [AR]	L	0	4
Leonel Prieto [AR]	Alejo Salvador [AR]	L	0	1
Leonel Prieto [AR]	Emiliano Meglio [AR]	L	0	2
Leonel Prieto [AR]	Kevin Tournon [AR]	L	0	3
Martin Nakamatsu [AR]	William Azevedo [BR]	L	0	1
Martin Nakamatsu [AR]	Ajay Sridhar [US]	L	0	2
Diego Fernández []	Ariel Cotrupi [AR]	L	0	1
Gustavo Wada [BR]	Ricardo Ferrus [AR]	L	0	1
Jesus Alejandro Dominguez []	Juan Manuel Cano [AR]	L	0	1
