Rodrigo Montoya [PE]	Oscar Taboada Rojas [PE]	W	3	1
Rodrigo Montoya [PE]	Cristopher Gonzalez Diaz [CL]	T	4	2
Rodrigo Montoya [PE]	Jorge Flores [PE]	W	7	3
Rodrigo Montoya [PE]	Diego Omar Campos Velazquez [MX]	W	10	4
Rodrigo Montoya [PE]	Giovanno Ponce [CL]	W	13	5
Rodrigo Montoya [PE]	Ajay Sridhar [US]	W	16	6
Rodrigo Montoya [PE]	Joaquín Orrego [PE]	T	17	7
Rodrigo Montoya [PE]	Andrés Guzmán [MX]	W	20	8
Rodrigo Montoya [PE]	Diego Cassiraga [AR]	W	23	9
Rodrigo Montoya [PE]	Fabrizio Bellucci [AR]	W	26	10
Fabrizio Bellucci [AR]	Alberto Araya [CL]	W	3	1
Fabrizio Bellucci [AR]	Fernando Ernesto Toratto Bullon [PE]	T	4	2
Fabrizio Bellucci [AR]	Andres Saldarriaga [PE]	W	7	3
Fabrizio Bellucci [AR]	Orlando Manque [CL]	T	8	4
Fabrizio Bellucci [AR]	Alexander Monroy Hidalgo [PE]	W	11	5
Fabrizio Bellucci [AR]	Carlos Medina Astete [PE]	W	14	6
Fabrizio Bellucci [AR]	Cristopher Gonzalez Diaz [CL]	W	17	7
Fabrizio Bellucci [AR]	Joaquín Orrego [PE]	W	20	8
Fabrizio Bellucci [AR]	Miguel Lopez [MX]	W	23	9
Fabrizio Bellucci [AR]	Rodrigo Montoya [PE]	L	23	10
Diego Cassiraga [AR]	Paulo Gouveia De Freitas [BR]	W	3	1
Diego Cassiraga [AR]	Alberto Bonsanto [MX]	W	6	2
Diego Cassiraga [AR]	Eduardo Paulini Villanueva [PE]	W	9	3
Diego Cassiraga [AR]	Agustin Campo [AR]	W	12	4
Diego Cassiraga [AR]	Hector Almeyda [PE]	T	13	5
Diego Cassiraga [AR]	Fabrizio Inga [PE]	W	16	6
Diego Cassiraga [AR]	Andrés Guzmán [MX]	T	17	7
Diego Cassiraga [AR]	Ajay Sridhar [US]	W	20	8
Diego Cassiraga [AR]	Rodrigo Montoya [PE]	L	20	9
Miguel Lopez [MX]	Gianmarco Antonio Gomez Hilario [PE]	W	3	1
Miguel Lopez [MX]	Angel Aranibar [PE]	W	6	2
Miguel Lopez [MX]	Victor Muñoz [CL]	W	9	3
Miguel Lopez [MX]	Hector Almeyda [PE]	L	9	4
Miguel Lopez [MX]	Agustin Campo [AR]	W	12	5
Miguel Lopez [MX]	Diego Omar Campos Velazquez [MX]	T	13	6
Miguel Lopez [MX]	Sheldon Kuppan [GB]	W	16	7
Miguel Lopez [MX]	Damian Fernandez Urroz [AR]	W	19	8
Miguel Lopez [MX]	Fabrizio Bellucci [AR]	L	19	9
Damian Fernandez Urroz [AR]	Aravena Briones [CL]	W	3	1
Damian Fernandez Urroz [AR]	Omar Fernández [CR]	L	3	2
Damian Fernandez Urroz [AR]	Richard Ruiz Vargas [PE]	W	6	3
Damian Fernandez Urroz [AR]	Eduardo Mendoza [PE]	W	9	4
Damian Fernandez Urroz [AR]	Eric Uriel Patlallan [AR]	W	12	5
Damian Fernandez Urroz [AR]	Pablo Leiva [CL]	W	15	6
Damian Fernandez Urroz [AR]	Fabrizio Inga [PE]	W	18	7
Damian Fernandez Urroz [AR]	Miguel Lopez [MX]	L	18	8
Joaquín Orrego [PE]	Andres Saldarriaga [PE]	T	1	1
Joaquín Orrego [PE]	Christian Badenas [AR]	W	4	2
Joaquín Orrego [PE]	Andre Mauro Vereau Guerra [PE]	W	7	3
Joaquín Orrego [PE]	Marco José Zamudio Choy [PE]	W	10	4
Joaquín Orrego [PE]	Fabricio Valdivia [PE]	W	13	5
Joaquín Orrego [PE]	Hector Almeyda [PE]	W	16	6
Joaquín Orrego [PE]	Rodrigo Montoya [PE]	T	17	7
Joaquín Orrego [PE]	Fabrizio Bellucci [AR]	L	17	8
Andrés Guzmán [MX]	Jessica Mellanie Reyes Maury [PE]	W	3	1
Andrés Guzmán [MX]	Santiago García Arrué [PE]	W	6	2
Andrés Guzmán [MX]	Pablo Leiva [CL]	W	9	3
Andrés Guzmán [MX]	Alexis Elefteriu [PE]	W	12	4
Andrés Guzmán [MX]	Fabrizio Inga [PE]	L	12	5
Andrés Guzmán [MX]	Juan Guillermo Lara [PE]	W	15	6
Andrés Guzmán [MX]	Diego Cassiraga [AR]	T	16	7
Andrés Guzmán [MX]	Rodrigo Montoya [PE]	L	16	8
Ajay Sridhar [US]	Alexiev Castro [PE]	W	3	1
Ajay Sridhar [US]	Jose Francisco Prada Talavera [PE]	W	6	2
Ajay Sridhar [US]	Diego Varea [PE]	W	9	3
Ajay Sridhar [US]	Giovanno Ponce [CL]	T	10	4
Ajay Sridhar [US]	Victor Allan Muñoz Morales [CL]	W	13	5
Ajay Sridhar [US]	Rodrigo Montoya [PE]	L	13	6
Ajay Sridhar [US]	Diego Omar Campos Velazquez [MX]	W	16	7
Ajay Sridhar [US]	Diego Cassiraga [AR]	L	16	8
Victor Allan Muñoz Morales [CL]	Alexis Hormazabal [CL]	W	3	1
Victor Allan Muñoz Morales [CL]	Marco José Zamudio Choy [PE]	T	4	2
Victor Allan Muñoz Morales [CL]	Alvaro Sanchez [CL]	W	7	3
Victor Allan Muñoz Morales [CL]	Javier Chelmes [CL]	W	10	4
Victor Allan Muñoz Morales [CL]	Ajay Sridhar [US]	L	10	5
Victor Allan Muñoz Morales [CL]	Manuel Alcaino [CL]	W	13	6
Victor Allan Muñoz Morales [CL]	Giovanno Ponce [CL]	W	16	7
Eduardo Paulini Villanueva [PE]	John Cartagena [PE]	W	3	1
Eduardo Paulini Villanueva [PE]	Renzo Angulo [PE]	W	6	2
Eduardo Paulini Villanueva [PE]	Diego Cassiraga [AR]	L	6	3
Eduardo Paulini Villanueva [PE]	Victor Muñoz [CL]	W	9	4
Eduardo Paulini Villanueva [PE]	Jorge Manuel Isuhuaylas Chávez [PE]	T	10	5
Eduardo Paulini Villanueva [PE]	Alonso Diaz [PE]	W	13	6
Eduardo Paulini Villanueva [PE]	Javier Chelmes [CL]	W	16	7
Fabrizio Inga [PE]	BYE	W	3	1
Fabrizio Inga [PE]	Matias Matricardi [AR]	W	6	2
Fabrizio Inga [PE]	Carlos Medina Astete [PE]	W	9	3
Fabrizio Inga [PE]	Eric Uriel Patlallan [AR]	W	12	4
Fabrizio Inga [PE]	Andrés Guzmán [MX]	W	15	5
Fabrizio Inga [PE]	Diego Cassiraga [AR]	L	15	6
Fabrizio Inga [PE]	Damian Fernandez Urroz [AR]	L	15	7
Po Hsiung Hsu [CL]	Francisco Contreras Villa [CL]	W	3	1
Po Hsiung Hsu [CL]	Diego Varea [PE]	L	3	2
Po Hsiung Hsu [CL]	Tomas Riquelme [CL]	L	3	3
Po Hsiung Hsu [CL]	Miguel Chozo Machuca [PE]	W	6	4
Po Hsiung Hsu [CL]	Farleib Cuba [PE]	W	9	5
Po Hsiung Hsu [CL]	Renzo Zambrano [PE]	W	12	6
Po Hsiung Hsu [CL]	Carlos Medina Astete [PE]	W	15	7
Hector Almeyda [PE]	Vincent Quiroz [CL]	W	3	1
Hector Almeyda [PE]	Mario Cesar De La Cruz Llanos [PE]	W	6	2
Hector Almeyda [PE]	Manuel Alcaino [CL]	W	9	3
Hector Almeyda [PE]	Miguel Lopez [MX]	W	12	4
Hector Almeyda [PE]	Diego Cassiraga [AR]	T	13	5
Hector Almeyda [PE]	Joaquín Orrego [PE]	L	13	6
Hector Almeyda [PE]	Nicolas Galaz [CL]	T	14	7
Cristopher Gonzalez Diaz [CL]	Jesus Alejandro Dominguez Jimenez [MX]	W	3	1
Cristopher Gonzalez Diaz [CL]	Rodrigo Montoya [PE]	T	4	2
Cristopher Gonzalez Diaz [CL]	Alexander Monroy Hidalgo [PE]	T	5	3
Cristopher Gonzalez Diaz [CL]	Bruno Paredes [PE]	W	8	4
Cristopher Gonzalez Diaz [CL]	Orlando Manque [CL]	W	11	5
Cristopher Gonzalez Diaz [CL]	Jose Felix Monroy Hidalgo [PE]	W	14	6
Cristopher Gonzalez Diaz [CL]	Fabrizio Bellucci [AR]	L	14	7
Orlando Manque [CL]	Hugo León [PE]	W	3	1
Orlando Manque [CL]	Jorge Flores [PE]	T	4	2
Orlando Manque [CL]	Miguel Ángel Linares [PE]	W	7	3
Orlando Manque [CL]	Fabrizio Bellucci [AR]	T	8	4
Orlando Manque [CL]	Cristopher Gonzalez Diaz [CL]	L	8	5
Orlando Manque [CL]	Giovanni Peragallo Shand [CL]	W	11	6
Orlando Manque [CL]	Jorge Villar [CL]	W	14	7
Alexander Monroy Hidalgo [PE]	Cristhoper Martinez [PE]	W	3	1
Alexander Monroy Hidalgo [PE]	Bruno Paredes [PE]	T	4	2
Alexander Monroy Hidalgo [PE]	Cristopher Gonzalez Diaz [CL]	T	5	3
Alexander Monroy Hidalgo [PE]	Renzo Angulo [PE]	W	8	4
Alexander Monroy Hidalgo [PE]	Fabrizio Bellucci [AR]	L	8	5
Alexander Monroy Hidalgo [PE]	Bayron Quiroz Cortes [CL]	W	11	6
Alexander Monroy Hidalgo [PE]	Tomas Riquelme [CL]	W	14	7
Thiago Silva [BR]	Alfonso Herrera [PE]	T	1	1
Thiago Silva [BR]	Andres Estefano Gajardo Lopehandia [CL]	W	4	2
Thiago Silva [BR]	Bruno Paredes [PE]	T	5	3
Thiago Silva [BR]	Jorge Manuel Isuhuaylas Chávez [PE]	L	5	4
Thiago Silva [BR]	Miguel Ángel Linares [PE]	W	8	5
Thiago Silva [BR]	Andrés Lostaunau [PE]	W	11	6
Thiago Silva [BR]	Renzo Junior Velásquez Salazar [PE]	W	14	7
Diego Omar Campos Velazquez [MX]	Jose Felix Monroy Hidalgo [PE]	W	3	1
Diego Omar Campos Velazquez [MX]	Andres Torres [CO]	W	6	2
Diego Omar Campos Velazquez [MX]	Fabricio Valdivia [PE]	W	9	3
Diego Omar Campos Velazquez [MX]	Rodrigo Montoya [PE]	L	9	4
Diego Omar Campos Velazquez [MX]	Santiago García Arrué [PE]	W	12	5
Diego Omar Campos Velazquez [MX]	Miguel Lopez [MX]	T	13	6
Diego Omar Campos Velazquez [MX]	Ajay Sridhar [US]	L	13	7
Pablo Leiva [CL]	Tomas Riquelme [CL]	W	3	1
Pablo Leiva [CL]	Giovanni Peragallo Shand [CL]	W	6	2
Pablo Leiva [CL]	Andrés Guzmán [MX]	L	6	3
Pablo Leiva [CL]	Nicolas Galaz [CL]	W	9	4
Pablo Leiva [CL]	Alexis Elefteriu [PE]	W	12	5
Pablo Leiva [CL]	Damian Fernandez Urroz [AR]	L	12	6
Pablo Leiva [CL]	Eric Uriel Patlallan [AR]	T	13	7
Giovanno Ponce [CL]	Nitish Doolub [GB]	W	3	1
Giovanno Ponce [CL]	Grover Tranca Mendez [PE]	W	6	2
Giovanno Ponce [CL]	Juan Guillermo Lara [PE]	W	9	3
Giovanno Ponce [CL]	Ajay Sridhar [US]	T	10	4
Giovanno Ponce [CL]	Rodrigo Montoya [PE]	L	10	5
Giovanno Ponce [CL]	Diego Guillen Pelaez [PE]	W	13	6
Giovanno Ponce [CL]	Victor Allan Muñoz Morales [CL]	L	13	7
Eric Uriel Patlallan [AR]	Diego Leyva [PE]	W	3	1
Eric Uriel Patlallan [AR]	Diego Guillen Pelaez [PE]	W	6	2
Eric Uriel Patlallan [AR]	Demian Aguirre Zapata [CL]	W	9	3
Eric Uriel Patlallan [AR]	Fabrizio Inga [PE]	L	9	4
Eric Uriel Patlallan [AR]	Damian Fernandez Urroz [AR]	L	9	5
Eric Uriel Patlallan [AR]	Jorge Manuel Isuhuaylas Chávez [PE]	W	12	6
Eric Uriel Patlallan [AR]	Pablo Leiva [CL]	T	13	7
Agustin Campo [AR]	Carlos Alberto Sosa Pezo [PE]	W	3	1
Agustin Campo [AR]	Renzo Junior Velásquez Salazar [PE]	W	6	2
Agustin Campo [AR]	Alonso Diaz [PE]	W	9	3
Agustin Campo [AR]	Diego Cassiraga [AR]	L	9	4
Agustin Campo [AR]	Miguel Lopez [MX]	L	9	5
Agustin Campo [AR]	Demian Aguirre Zapata [CL]	W	12	6
Agustin Campo [AR]	Diego Varea [PE]	T	13	7
Juan Guillermo Lara [PE]	Carlos Felipe Pardo Narvaez [CL]	W	3	1
Juan Guillermo Lara [PE]	Richard Ruiz Vargas [PE]	W	6	2
Juan Guillermo Lara [PE]	Giovanno Ponce [CL]	L	6	3
Juan Guillermo Lara [PE]	Claudio Tapia Balboa [CL]	W	9	4
Juan Guillermo Lara [PE]	Alfredo Aldecoa [PE]	W	12	5
Juan Guillermo Lara [PE]	Andrés Guzmán [MX]	L	12	6
Juan Guillermo Lara [PE]	Juan Espinola [MX]	T	13	7
Fabricio Valdivia [PE]	Julián Gabriel Casiano Zambrano [PE]	W	3	1
Fabricio Valdivia [PE]	Eduardo Mendoza [PE]	W	6	2
Fabricio Valdivia [PE]	Diego Omar Campos Velazquez [MX]	L	6	3
Fabricio Valdivia [PE]	Giovanni Peragallo Shand [CL]	W	9	4
Fabricio Valdivia [PE]	Joaquín Orrego [PE]	L	9	5
Fabricio Valdivia [PE]	Matias Matricardi [AR]	T	10	6
Fabricio Valdivia [PE]	Renzo Angulo [PE]	W	13	7
Santiago García Arrué [PE]	Sheldon Kuppan [GB]	W	3	1
Santiago García Arrué [PE]	Andrés Guzmán [MX]	L	3	2
Santiago García Arrué [PE]	Walter André Chiclayo Sandoval [PE]	W	6	3
Santiago García Arrué [PE]	Augusto Benavides Medina [PE]	W	9	4
Santiago García Arrué [PE]	Diego Omar Campos Velazquez [MX]	L	9	5
Santiago García Arrué [PE]	Alexis Elefteriu [PE]	T	10	6
Santiago García Arrué [PE]	Andres Saldarriaga [PE]	W	13	7
Diego Varea [PE]	Claudio Tapia Balboa [CL]	W	3	1
Diego Varea [PE]	Po Hsiung Hsu [CL]	W	6	2
Diego Varea [PE]	Ajay Sridhar [US]	L	6	3
Diego Varea [PE]	Jose Felix Monroy Hidalgo [PE]	L	6	4
Diego Varea [PE]	Eduardo Mendoza [PE]	W	9	5
Diego Varea [PE]	Omar Fernández [CR]	W	12	6
Diego Varea [PE]	Agustin Campo [AR]	T	13	7
Manuel Alcaino [CL]	Bayron Quiroz Cortes [CL]	W	3	1
Manuel Alcaino [CL]	Jorge Manuel Isuhuaylas Chávez [PE]	T	4	2
Manuel Alcaino [CL]	Hector Almeyda [PE]	L	4	3
Manuel Alcaino [CL]	Oscar Taboada Rojas [PE]	W	7	4
Manuel Alcaino [CL]	Marco José Zamudio Choy [PE]	W	10	5
Manuel Alcaino [CL]	Victor Allan Muñoz Morales [CL]	L	10	6
Manuel Alcaino [CL]	Andrés Castillo [MX]	W	13	7
Matias Matricardi [AR]	Andrés Castillo [MX]	W	3	1
Matias Matricardi [AR]	Fabrizio Inga [PE]	L	3	2
Matias Matricardi [AR]	Giovanni Peragallo Shand [CL]	L	3	3
Matias Matricardi [AR]	Richard Ruiz Vargas [PE]	W	6	4
Matias Matricardi [AR]	Vincent Quiroz [CL]	W	9	5
Matias Matricardi [AR]	Fabricio Valdivia [PE]	T	10	6
Matias Matricardi [AR]	Diego Guillen Pelaez [PE]	W	13	7
Nicolas Galaz [CL]	Renzo Zambrano [PE]	W	3	1
Nicolas Galaz [CL]	Demian Aguirre Zapata [CL]	L	3	2
Nicolas Galaz [CL]	Renzo Junior Velásquez Salazar [PE]	W	6	3
Nicolas Galaz [CL]	Pablo Leiva [CL]	L	6	4
Nicolas Galaz [CL]	Andy Gray [US]	W	9	5
Nicolas Galaz [CL]	Alfredo Aldecoa [PE]	W	12	6
Nicolas Galaz [CL]	Hector Almeyda [PE]	T	13	7
Javier Chelmes [CL]	Andrés Lostaunau [PE]	T	1	1
Javier Chelmes [CL]	Jorge Villar [CL]	W	4	2
Javier Chelmes [CL]	Fernando Ernesto Toratto Bullon [PE]	W	7	3
Javier Chelmes [CL]	Victor Allan Muñoz Morales [CL]	L	7	4
Javier Chelmes [CL]	Alvaro Sanchez [CL]	W	10	5
Javier Chelmes [CL]	Andre Mauro Vereau Guerra [PE]	W	13	6
Javier Chelmes [CL]	Eduardo Paulini Villanueva [PE]	L	13	7
Sheldon Kuppan [GB]	Santiago García Arrué [PE]	L	0	1
Sheldon Kuppan [GB]	Ronaldo Emerson Chumbe Real [PE]	W	3	2
Sheldon Kuppan [GB]	Julián Gabriel Casiano Zambrano [PE]	T	4	3
Sheldon Kuppan [GB]	Jose Carlos Gomez [PE]	W	7	4
Sheldon Kuppan [GB]	Carlos Lopes [BR]	W	10	5
Sheldon Kuppan [GB]	Andres Estefano Gajardo Lopehandia [CL]	W	13	6
Sheldon Kuppan [GB]	Miguel Lopez [MX]	L	13	7
Andres Estefano Gajardo Lopehandia [CL]	Grover Tranca Mendez [PE]	T	1	1
Andres Estefano Gajardo Lopehandia [CL]	Thiago Silva [BR]	L	1	2
Andres Estefano Gajardo Lopehandia [CL]	Martin Ricardo Carmona Romero [MX]	W	4	3
Andres Estefano Gajardo Lopehandia [CL]	Luis Carlos Alonso Delgado Araujo [PE]	W	7	4
Andres Estefano Gajardo Lopehandia [CL]	Andrés Lostaunau [PE]	W	10	5
Andres Estefano Gajardo Lopehandia [CL]	Sheldon Kuppan [GB]	L	10	6
Andres Estefano Gajardo Lopehandia [CL]	Alfonso Herrera [PE]	W	13	7
Angel Aranibar [PE]	Luis Delzo [PE]	W	3	1
Angel Aranibar [PE]	Miguel Lopez [MX]	L	3	2
Angel Aranibar [PE]	Renzo Angulo [PE]	T	4	3
Angel Aranibar [PE]	Luiz Claudio Rios Pecoraro Junior [BR]	L	4	4
Angel Aranibar [PE]	Luis Carlos Alonso Delgado Araujo [PE]	W	7	5
Angel Aranibar [PE]	Jose Carlos Gomez [PE]	W	10	6
Angel Aranibar [PE]	Andre Mauro Vereau Guerra [PE]	W	13	7
Juan Espinola [MX]	Jorge Manuel Isuhuaylas Chávez [PE]	L	0	1
Juan Espinola [MX]	Farleib Cuba [PE]	L	0	2
Juan Espinola [MX]	Jose Reaño Alcantara [PE]	W	3	3
Juan Espinola [MX]	Alberto Bonsanto [MX]	W	6	4
Juan Espinola [MX]	Luiguer Miguel Santos Llerena [PE]	W	9	5
Juan Espinola [MX]	Luis Anibal Maitaluna Pachas [PE]	W	12	6
Juan Espinola [MX]	Juan Guillermo Lara [PE]	T	13	7
Carlos Medina Astete [PE]	Luiguer Miguel Santos Llerena [PE]	W	3	1
Carlos Medina Astete [PE]	Alfredo Aldecoa [PE]	W	6	2
Carlos Medina Astete [PE]	Fabrizio Inga [PE]	L	6	3
Carlos Medina Astete [PE]	Francisco Contreras Villa [CL]	W	9	4
Carlos Medina Astete [PE]	Omar Fernández [CR]	W	12	5
Carlos Medina Astete [PE]	Fabrizio Bellucci [AR]	L	12	6
Carlos Medina Astete [PE]	Po Hsiung Hsu [CL]	L	12	7
Giovanni Peragallo Shand [CL]	Luis Anibal Maitaluna Pachas [PE]	W	3	1
Giovanni Peragallo Shand [CL]	Pablo Leiva [CL]	L	3	2
Giovanni Peragallo Shand [CL]	Matias Matricardi [AR]	W	6	3
Giovanni Peragallo Shand [CL]	Fabricio Valdivia [PE]	L	6	4
Giovanni Peragallo Shand [CL]	Francisco Contreras Villa [CL]	W	9	5
Giovanni Peragallo Shand [CL]	Orlando Manque [CL]	L	9	6
Giovanni Peragallo Shand [CL]	Omar Fernández [CR]	W	12	7
Demian Aguirre Zapata [CL]	Luis Carlos Alonso Delgado Araujo [PE]	W	3	1
Demian Aguirre Zapata [CL]	Nicolas Galaz [CL]	W	6	2
Demian Aguirre Zapata [CL]	Eric Uriel Patlallan [AR]	L	6	3
Demian Aguirre Zapata [CL]	Alfredo Aldecoa [PE]	L	6	4
Demian Aguirre Zapata [CL]	Victor Muñoz [CL]	W	9	5
Demian Aguirre Zapata [CL]	Agustin Campo [AR]	L	9	6
Demian Aguirre Zapata [CL]	Luis Anibal Maitaluna Pachas [PE]	W	12	7
Richard Ruiz Vargas [PE]	Paola Lisett Rondan Guerrero [PE]	W	3	1
Richard Ruiz Vargas [PE]	Juan Guillermo Lara [PE]	L	3	2
Richard Ruiz Vargas [PE]	Damian Fernandez Urroz [AR]	L	3	3
Richard Ruiz Vargas [PE]	Matias Matricardi [AR]	L	3	4
Richard Ruiz Vargas [PE]	Collins Roque [PE]	W	6	5
Richard Ruiz Vargas [PE]	Vincent Quiroz [CL]	W	9	6
Richard Ruiz Vargas [PE]	Renzo Zambrano [PE]	W	12	7
Alfredo Aldecoa [PE]	Fernando Ugarte [PE]	W	3	1
Alfredo Aldecoa [PE]	Carlos Medina Astete [PE]	L	3	2
Alfredo Aldecoa [PE]	Javier Reategui [PE]	W	6	3
Alfredo Aldecoa [PE]	Demian Aguirre Zapata [CL]	W	9	4
Alfredo Aldecoa [PE]	Juan Guillermo Lara [PE]	L	9	5
Alfredo Aldecoa [PE]	Nicolas Galaz [CL]	L	9	6
Alfredo Aldecoa [PE]	Jorge Manuel Isuhuaylas Chávez [PE]	W	12	7
Andres Torres [CO]	Andy Gray [US]	W	3	1
Andres Torres [CO]	Diego Omar Campos Velazquez [MX]	L	3	2
Andres Torres [CO]	Diego Guillen Pelaez [PE]	T	4	3
Andres Torres [CO]	Miguel Ángel Linares [PE]	T	5	4
Andres Torres [CO]	Andres Saldarriaga [PE]	T	6	5
Andres Torres [CO]	Victor Muñoz [CL]	W	9	6
Andres Torres [CO]	Francisco Contreras Villa [CL]	W	12	7
Wilsonn Molina [CL]	Alberto Bonsanto [MX]	L	0	1
Wilsonn Molina [CL]	Paulo Gouveia De Freitas [BR]	W	3	2
Wilsonn Molina [CL]	Jose Felix Monroy Hidalgo [PE]	L	3	3
Wilsonn Molina [CL]	Collins Roque [PE]	W	6	4
Wilsonn Molina [CL]	Renzo Zambrano [PE]	L	6	5
Wilsonn Molina [CL]	Erick Campos [CR]	W	9	6
Wilsonn Molina [CL]	Eduardo Mendoza [PE]	W	12	7
Carlos Felipe Pardo Narvaez [CL]	Juan Guillermo Lara [PE]	L	0	1
Carlos Felipe Pardo Narvaez [CL]	Tomas Riquelme [CL]	L	0	2
Carlos Felipe Pardo Narvaez [CL]	Sebastian García Tejada [PE]	W	3	3
Carlos Felipe Pardo Narvaez [CL]	Vincent Quiroz [CL]	L	3	4
Carlos Felipe Pardo Narvaez [CL]	Javier Reategui [PE]	W	6	5
Carlos Felipe Pardo Narvaez [CL]	Miguel Chozo Machuca [PE]	W	9	6
Carlos Felipe Pardo Narvaez [CL]	Luiguer Miguel Santos Llerena [PE]	W	12	7
Tomas Riquelme [CL]	Pablo Leiva [CL]	L	0	1
Tomas Riquelme [CL]	Carlos Felipe Pardo Narvaez [CL]	W	3	2
Tomas Riquelme [CL]	Po Hsiung Hsu [CL]	W	6	3
Tomas Riquelme [CL]	David Alejandro Fernandez Abarca [MX]	W	9	4
Tomas Riquelme [CL]	Jose Felix Monroy Hidalgo [PE]	T	10	5
Tomas Riquelme [CL]	Jorge Villar [CL]	T	11	6
Tomas Riquelme [CL]	Alexander Monroy Hidalgo [PE]	L	11	7
Jose Felix Monroy Hidalgo [PE]	Diego Omar Campos Velazquez [MX]	L	0	1
Jose Felix Monroy Hidalgo [PE]	Jose Reaño Alcantara [PE]	W	3	2
Jose Felix Monroy Hidalgo [PE]	Wilsonn Molina [CL]	W	6	3
Jose Felix Monroy Hidalgo [PE]	Diego Varea [PE]	W	9	4
Jose Felix Monroy Hidalgo [PE]	Tomas Riquelme [CL]	T	10	5
Jose Felix Monroy Hidalgo [PE]	Cristopher Gonzalez Diaz [CL]	L	10	6
Jose Felix Monroy Hidalgo [PE]	Grover Tranca Mendez [PE]	T	11	7
Alexis Elefteriu [PE]	Connor Finton [US]	W	3	1
Alexis Elefteriu [PE]	Collins Roque [PE]	W	6	2
Alexis Elefteriu [PE]	Omar Fernández [CR]	W	9	3
Alexis Elefteriu [PE]	Andrés Guzmán [MX]	L	9	4
Alexis Elefteriu [PE]	Pablo Leiva [CL]	L	9	5
Alexis Elefteriu [PE]	Santiago García Arrué [PE]	T	10	6
Alexis Elefteriu [PE]	Alonso Diaz [PE]	T	11	7
Alonso Diaz [PE]	Ronaldo Emerson Chumbe Real [PE]	W	3	1
Alonso Diaz [PE]	Walter André Chiclayo Sandoval [PE]	W	6	2
Alonso Diaz [PE]	Agustin Campo [AR]	L	6	3
Alonso Diaz [PE]	Diego Leyva [PE]	T	7	4
Alonso Diaz [PE]	Fernando Ernesto Toratto Bullon [PE]	W	10	5
Alonso Diaz [PE]	Eduardo Paulini Villanueva [PE]	L	10	6
Alonso Diaz [PE]	Alexis Elefteriu [PE]	T	11	7
Grover Tranca Mendez [PE]	Andres Estefano Gajardo Lopehandia [CL]	T	1	1
Grover Tranca Mendez [PE]	Giovanno Ponce [CL]	L	1	2
Grover Tranca Mendez [PE]	Cristian Gallo [CL]	W	4	3
Grover Tranca Mendez [PE]	Alvaro Sanchez [CL]	L	4	4
Grover Tranca Mendez [PE]	Óscar Videla [CL]	W	7	5
Grover Tranca Mendez [PE]	Mario Cesar De La Cruz Llanos [PE]	W	10	6
Grover Tranca Mendez [PE]	Jose Felix Monroy Hidalgo [PE]	T	11	7
Hugo León [PE]	Orlando Manque [CL]	L	0	1
Hugo León [PE]	Bayron Quiroz Cortes [CL]	T	1	2
Hugo León [PE]	Alexiev Castro [PE]	L	1	3
Hugo León [PE]	Joaquin Herrera [PE]	W	4	4
Hugo León [PE]	Cristian Gallo [CL]	T	5	5
Hugo León [PE]	Oscar Taboada Rojas [PE]	W	8	6
Hugo León [PE]	Marco José Zamudio Choy [PE]	W	11	7
Jorge Villar [CL]	Christian Badenas [AR]	T	1	1
Jorge Villar [CL]	Javier Chelmes [CL]	L	1	2
Jorge Villar [CL]	Luis Delzo [PE]	W	4	3
Jorge Villar [CL]	Jessica Mellanie Reyes Maury [PE]	W	7	4
Jorge Villar [CL]	Diego Leyva [PE]	W	10	5
Jorge Villar [CL]	Tomas Riquelme [CL]	T	11	6
Jorge Villar [CL]	Orlando Manque [CL]	L	11	7
Bayron Quiroz Cortes [CL]	Manuel Alcaino [CL]	L	0	1
Bayron Quiroz Cortes [CL]	Hugo León [PE]	T	1	2
Bayron Quiroz Cortes [CL]	Carlos Alberto Sosa Pezo [PE]	T	2	3
Bayron Quiroz Cortes [CL]	Paola Lisett Rondan Guerrero [PE]	W	5	4
Bayron Quiroz Cortes [CL]	Gianmarco Antonio Gomez Hilario [PE]	W	8	5
Bayron Quiroz Cortes [CL]	Alexander Monroy Hidalgo [PE]	L	8	6
Bayron Quiroz Cortes [CL]	Alexiev Castro [PE]	W	11	7
Diego Leyva [PE]	Eric Uriel Patlallan [AR]	L	0	1
Diego Leyva [PE]	Connor Finton [US]	W	3	2
Diego Leyva [PE]	Collins Roque [PE]	W	6	3
Diego Leyva [PE]	Alonso Diaz [PE]	T	7	4
Diego Leyva [PE]	Jorge Villar [CL]	L	7	5
Diego Leyva [PE]	Luiz Claudio Rios Pecoraro Junior [BR]	T	8	6
Diego Leyva [PE]	Jose Carlos Gomez [PE]	W	11	7
Cristian Gallo [CL]	Jose Carlos Gomez [PE]	L	0	1
Cristian Gallo [CL]	Jessica Mellanie Reyes Maury [PE]	T	1	2
Cristian Gallo [CL]	Grover Tranca Mendez [PE]	L	1	3
Cristian Gallo [CL]	Fernando Ugarte [PE]	W	4	4
Cristian Gallo [CL]	Hugo León [PE]	T	5	5
Cristian Gallo [CL]	Gianmarco Antonio Gomez Hilario [PE]	W	8	6
Cristian Gallo [CL]	Augusto Benavides Medina [PE]	W	11	7
Renzo Angulo [PE]	Óscar Videla [CL]	W	3	1
Renzo Angulo [PE]	Eduardo Paulini Villanueva [PE]	L	3	2
Renzo Angulo [PE]	Angel Aranibar [PE]	T	4	3
Renzo Angulo [PE]	Alexander Monroy Hidalgo [PE]	L	4	4
Renzo Angulo [PE]	David Alejandro Fernandez Abarca [MX]	W	7	5
Renzo Angulo [PE]	Bruno Partala [BR]	W	10	6
Renzo Angulo [PE]	Fabricio Valdivia [PE]	L	10	7
Andre Mauro Vereau Guerra [PE]	Alvaro Sanchez [CL]	T	1	1
Andre Mauro Vereau Guerra [PE]	Miguel Chozo Machuca [PE]	W	4	2
Andre Mauro Vereau Guerra [PE]	Joaquín Orrego [PE]	L	4	3
Andre Mauro Vereau Guerra [PE]	Jorge Flores [PE]	W	7	4
Andre Mauro Vereau Guerra [PE]	Mario Cesar De La Cruz Llanos [PE]	W	10	5
Andre Mauro Vereau Guerra [PE]	Javier Chelmes [CL]	L	10	6
Andre Mauro Vereau Guerra [PE]	Angel Aranibar [PE]	L	10	7
Diego Guillen Pelaez [PE]	Jose Reaño Alcantara [PE]	W	3	1
Diego Guillen Pelaez [PE]	Eric Uriel Patlallan [AR]	L	3	2
Diego Guillen Pelaez [PE]	Andres Torres [CO]	T	4	3
Diego Guillen Pelaez [PE]	Erick Campos [CR]	W	7	4
Diego Guillen Pelaez [PE]	Luiz Claudio Rios Pecoraro Junior [BR]	W	10	5
Diego Guillen Pelaez [PE]	Giovanno Ponce [CL]	L	10	6
Diego Guillen Pelaez [PE]	Matias Matricardi [AR]	L	10	7
Alfonso Herrera [PE]	Thiago Silva [BR]	T	1	1
Alfonso Herrera [PE]	Andres Saldarriaga [PE]	L	1	2
Alfonso Herrera [PE]	Christian Badenas [AR]	W	4	3
Alfonso Herrera [PE]	Mario Cesar De La Cruz Llanos [PE]	L	4	4
Alfonso Herrera [PE]	Jose Francisco Prada Talavera [PE]	W	7	5
Alfonso Herrera [PE]	Carlos Lopes [BR]	W	10	6
Alfonso Herrera [PE]	Andres Estefano Gajardo Lopehandia [CL]	L	10	7
Renzo Junior Velásquez Salazar [PE]	Miguel Chozo Machuca [PE]	W	3	1
Renzo Junior Velásquez Salazar [PE]	Agustin Campo [AR]	L	3	2
Renzo Junior Velásquez Salazar [PE]	Nicolas Galaz [CL]	L	3	3
Renzo Junior Velásquez Salazar [PE]	Jose Francisco Prada Talavera [PE]	T	4	4
Renzo Junior Velásquez Salazar [PE]	Julián Gabriel Casiano Zambrano [PE]	W	7	5
Renzo Junior Velásquez Salazar [PE]	Alvaro Sanchez [CL]	W	10	6
Renzo Junior Velásquez Salazar [PE]	Thiago Silva [BR]	L	10	7
Mario Cesar De La Cruz Llanos [PE]	Alvaro Daniel Villa Garcia Gonzales [PE]	W	3	1
Mario Cesar De La Cruz Llanos [PE]	Hector Almeyda [PE]	L	3	2
Mario Cesar De La Cruz Llanos [PE]	Oscar Taboada Rojas [PE]	T	4	3
Mario Cesar De La Cruz Llanos [PE]	Alfonso Herrera [PE]	W	7	4
Mario Cesar De La Cruz Llanos [PE]	Andre Mauro Vereau Guerra [PE]	L	7	5
Mario Cesar De La Cruz Llanos [PE]	Grover Tranca Mendez [PE]	L	7	6
Mario Cesar De La Cruz Llanos [PE]	Alvaro Sanchez [CL]	W	10	7
Andrés Castillo [MX]	Matias Matricardi [AR]	L	0	1
Andrés Castillo [MX]	Julián Gabriel Casiano Zambrano [PE]	L	0	2
Andrés Castillo [MX]	Joel Santillan Ulloa [PE]	W	3	3
Andrés Castillo [MX]	Walter André Chiclayo Sandoval [PE]	W	6	4
Andrés Castillo [MX]	Augusto Benavides Medina [PE]	T	7	5
Andrés Castillo [MX]	Fernando Ernesto Toratto Bullon [PE]	W	10	6
Andrés Castillo [MX]	Manuel Alcaino [CL]	L	10	7
Paulo Gouveia De Freitas [BR]	Diego Cassiraga [AR]	L	0	1
Paulo Gouveia De Freitas [BR]	Wilsonn Molina [CL]	L	0	2
Paulo Gouveia De Freitas [BR]	Alberto Araya [CL]	L	0	3
Paulo Gouveia De Freitas [BR]	Jose Reaño Alcantara [PE]	W	3	4
Paulo Gouveia De Freitas [BR]	Carlos Alberto Sosa Pezo [PE]	W	6	5
Paulo Gouveia De Freitas [BR]	Alberto Bonsanto [MX]	T	7	6
Paulo Gouveia De Freitas [BR]	Julián Gabriel Casiano Zambrano [PE]	W	10	7
Carlos Lopes [BR]	Eduardo Mendoza [PE]	L	0	1
Carlos Lopes [BR]	Fernando Ugarte [PE]	T	1	2
Carlos Lopes [BR]	Joaquin Herrera [PE]	W	4	3
Carlos Lopes [BR]	Alexiev Castro [PE]	W	7	4
Carlos Lopes [BR]	Sheldon Kuppan [GB]	L	7	5
Carlos Lopes [BR]	Alfonso Herrera [PE]	L	7	6
Carlos Lopes [BR]	Jessica Mellanie Reyes Maury [PE]	W	10	7
Bruno Partala [BR]	Fernando Ernesto Toratto Bullon [PE]	L	0	1
Bruno Partala [BR]	Óscar Videla [CL]	T	1	2
Bruno Partala [BR]	Luis Carlos Alonso Delgado Araujo [PE]	L	1	3
Bruno Partala [BR]	Luis Delzo [PE]	W	4	4
Bruno Partala [BR]	Cristhoper Martinez [PE]	W	7	5
Bruno Partala [BR]	Renzo Angulo [PE]	L	7	6
Bruno Partala [BR]	Andrés Lostaunau [PE]	W	10	7
Jorge Manuel Isuhuaylas Chávez [PE]	Juan Espinola [MX]	W	3	1
Jorge Manuel Isuhuaylas Chávez [PE]	Manuel Alcaino [CL]	T	4	2
Jorge Manuel Isuhuaylas Chávez [PE]	David Alejandro Fernandez Abarca [MX]	T	5	3
Jorge Manuel Isuhuaylas Chávez [PE]	Thiago Silva [BR]	W	8	4
Jorge Manuel Isuhuaylas Chávez [PE]	Eduardo Paulini Villanueva [PE]	T	9	5
Jorge Manuel Isuhuaylas Chávez [PE]	Eric Uriel Patlallan [AR]	L	9	6
Jorge Manuel Isuhuaylas Chávez [PE]	Alfredo Aldecoa [PE]	L	9	7
Andres Saldarriaga [PE]	Joaquín Orrego [PE]	T	1	1
Andres Saldarriaga [PE]	Alfonso Herrera [PE]	W	4	2
Andres Saldarriaga [PE]	Fabrizio Bellucci [AR]	L	4	3
Andres Saldarriaga [PE]	Gianmarco Antonio Gomez Hilario [PE]	T	5	4
Andres Saldarriaga [PE]	Andres Torres [CO]	T	6	5
Andres Saldarriaga [PE]	Nitish Doolub [GB]	W	9	6
Andres Saldarriaga [PE]	Santiago García Arrué [PE]	L	9	7
Eduardo Mendoza [PE]	Carlos Lopes [BR]	W	3	1
Eduardo Mendoza [PE]	Fabricio Valdivia [PE]	L	3	2
Eduardo Mendoza [PE]	Luiguer Miguel Santos Llerena [PE]	W	6	3
Eduardo Mendoza [PE]	Damian Fernandez Urroz [AR]	L	6	4
Eduardo Mendoza [PE]	Diego Varea [PE]	L	6	5
Eduardo Mendoza [PE]	Andy Gray [US]	W	9	6
Eduardo Mendoza [PE]	Wilsonn Molina [CL]	L	9	7
Omar Fernández [CR]	Joaquin Herrera [PE]	W	3	1
Omar Fernández [CR]	Damian Fernandez Urroz [AR]	W	6	2
Omar Fernández [CR]	Alexis Elefteriu [PE]	L	6	3
Omar Fernández [CR]	Renzo Zambrano [PE]	W	9	4
Omar Fernández [CR]	Carlos Medina Astete [PE]	L	9	5
Omar Fernández [CR]	Diego Varea [PE]	L	9	6
Omar Fernández [CR]	Giovanni Peragallo Shand [CL]	L	9	7
Renzo Zambrano [PE]	Nicolas Galaz [CL]	L	0	1
Renzo Zambrano [PE]	Vincent Quiroz [CL]	W	3	2
Renzo Zambrano [PE]	Alberto Bonsanto [MX]	W	6	3
Renzo Zambrano [PE]	Omar Fernández [CR]	L	6	4
Renzo Zambrano [PE]	Wilsonn Molina [CL]	W	9	5
Renzo Zambrano [PE]	Po Hsiung Hsu [CL]	L	9	6
Renzo Zambrano [PE]	Richard Ruiz Vargas [PE]	L	9	7
Miguel Ángel Linares [PE]	Sebastian García Tejada [PE]	W	3	1
Miguel Ángel Linares [PE]	David Alejandro Fernandez Abarca [MX]	T	4	2
Miguel Ángel Linares [PE]	Orlando Manque [CL]	L	4	3
Miguel Ángel Linares [PE]	Andres Torres [CO]	T	5	4
Miguel Ángel Linares [PE]	Thiago Silva [BR]	L	5	5
Miguel Ángel Linares [PE]	Jorge Flores [PE]	T	6	6
Miguel Ángel Linares [PE]	Collins Roque [PE]	W	9	7
Francisco Contreras Villa [CL]	Po Hsiung Hsu [CL]	L	0	1
Francisco Contreras Villa [CL]	Alberto Araya [CL]	W	3	2
Francisco Contreras Villa [CL]	Andy Gray [US]	W	6	3
Francisco Contreras Villa [CL]	Carlos Medina Astete [PE]	L	6	4
Francisco Contreras Villa [CL]	Giovanni Peragallo Shand [CL]	L	6	5
Francisco Contreras Villa [CL]	Claudio Tapia Balboa [CL]	W	9	6
Francisco Contreras Villa [CL]	Andres Torres [CO]	L	9	7
David Alejandro Fernandez Abarca [MX]	Dalton Acchetta [BR]	W	3	1
David Alejandro Fernandez Abarca [MX]	Miguel Ángel Linares [PE]	T	4	2
David Alejandro Fernandez Abarca [MX]	Jorge Manuel Isuhuaylas Chávez [PE]	T	5	3
David Alejandro Fernandez Abarca [MX]	Tomas Riquelme [CL]	L	5	4
David Alejandro Fernandez Abarca [MX]	Renzo Angulo [PE]	L	5	5
David Alejandro Fernandez Abarca [MX]	Martin Ricardo Carmona Romero [MX]	W	8	6
David Alejandro Fernandez Abarca [MX]	Luiz Claudio Rios Pecoraro Junior [BR]	T	9	7
Luiguer Miguel Santos Llerena [PE]	Carlos Medina Astete [PE]	L	0	1
Luiguer Miguel Santos Llerena [PE]	Aravena Briones [CL]	W	3	2
Luiguer Miguel Santos Llerena [PE]	Eduardo Mendoza [PE]	L	3	3
Luiguer Miguel Santos Llerena [PE]	Carlos Alberto Sosa Pezo [PE]	W	6	4
Luiguer Miguel Santos Llerena [PE]	Juan Espinola [MX]	L	6	5
Luiguer Miguel Santos Llerena [PE]	Farleib Cuba [PE]	W	9	6
Luiguer Miguel Santos Llerena [PE]	Carlos Felipe Pardo Narvaez [CL]	L	9	7
Luis Anibal Maitaluna Pachas [PE]	Giovanni Peragallo Shand [CL]	L	0	1
Luis Anibal Maitaluna Pachas [PE]	Andy Gray [US]	L	0	2
Luis Anibal Maitaluna Pachas [PE]	Aravena Briones [CL]	W	3	3
Luis Anibal Maitaluna Pachas [PE]	Alberto Araya [CL]	W	6	4
Luis Anibal Maitaluna Pachas [PE]	Claudio Tapia Balboa [CL]	W	9	5
Luis Anibal Maitaluna Pachas [PE]	Juan Espinola [MX]	L	9	6
Luis Anibal Maitaluna Pachas [PE]	Demian Aguirre Zapata [CL]	L	9	7
Aravena Briones [CL]	Damian Fernandez Urroz [AR]	L	0	1
Aravena Briones [CL]	Luiguer Miguel Santos Llerena [PE]	L	0	2
Aravena Briones [CL]	Luis Anibal Maitaluna Pachas [PE]	L	0	3
Aravena Briones [CL]	BYE	W	3	4
Aravena Briones [CL]	Nitish Doolub [GB]	L	3	5
Aravena Briones [CL]	Paola Lisett Rondan Guerrero [PE]	W	6	6
Aravena Briones [CL]	Carlos Alberto Sosa Pezo [PE]	W	9	7
Luiz Claudio Rios Pecoraro Junior [BR]	Collins Roque [PE]	L	0	1
Luiz Claudio Rios Pecoraro Junior [BR]	Alexis Hormazabal [CL]	W	3	2
Luiz Claudio Rios Pecoraro Junior [BR]	Gianmarco Antonio Gomez Hilario [PE]	T	4	3
Luiz Claudio Rios Pecoraro Junior [BR]	Angel Aranibar [PE]	W	7	4
Luiz Claudio Rios Pecoraro Junior [BR]	Diego Guillen Pelaez [PE]	L	7	5
Luiz Claudio Rios Pecoraro Junior [BR]	Diego Leyva [PE]	T	8	6
Luiz Claudio Rios Pecoraro Junior [BR]	David Alejandro Fernandez Abarca [MX]	T	9	7
Marco José Zamudio Choy [PE]	Joel Santillan Ulloa [PE]	W	3	1
Marco José Zamudio Choy [PE]	Victor Allan Muñoz Morales [CL]	T	4	2
Marco José Zamudio Choy [PE]	Andrés Lostaunau [PE]	W	7	3
Marco José Zamudio Choy [PE]	Joaquín Orrego [PE]	L	7	4
Marco José Zamudio Choy [PE]	Manuel Alcaino [CL]	L	7	5
Marco José Zamudio Choy [PE]	Augusto Benavides Medina [PE]	T	8	6
Marco José Zamudio Choy [PE]	Hugo León [PE]	L	8	7
Fernando Ernesto Toratto Bullon [PE]	Bruno Partala [BR]	W	3	1
Fernando Ernesto Toratto Bullon [PE]	Fabrizio Bellucci [AR]	T	4	2
Fernando Ernesto Toratto Bullon [PE]	Javier Chelmes [CL]	L	4	3
Fernando Ernesto Toratto Bullon [PE]	Julián Gabriel Casiano Zambrano [PE]	W	7	4
Fernando Ernesto Toratto Bullon [PE]	Alonso Diaz [PE]	L	7	5
Fernando Ernesto Toratto Bullon [PE]	Andrés Castillo [MX]	L	7	6
Fernando Ernesto Toratto Bullon [PE]	Alberto Bonsanto [MX]	T	8	7
Alberto Bonsanto [MX]	Wilsonn Molina [CL]	W	3	1
Alberto Bonsanto [MX]	Diego Cassiraga [AR]	L	3	2
Alberto Bonsanto [MX]	Renzo Zambrano [PE]	L	3	3
Alberto Bonsanto [MX]	Juan Espinola [MX]	L	3	4
Alberto Bonsanto [MX]	Walter André Chiclayo Sandoval [PE]	W	6	5
Alberto Bonsanto [MX]	Paulo Gouveia De Freitas [BR]	T	7	6
Alberto Bonsanto [MX]	Fernando Ernesto Toratto Bullon [PE]	T	8	7
Oscar Taboada Rojas [PE]	Rodrigo Montoya [PE]	L	0	1
Oscar Taboada Rojas [PE]	Nitish Doolub [GB]	W	3	2
Oscar Taboada Rojas [PE]	Mario Cesar De La Cruz Llanos [PE]	T	4	3
Oscar Taboada Rojas [PE]	Manuel Alcaino [CL]	L	4	4
Oscar Taboada Rojas [PE]	Alexiev Castro [PE]	T	5	5
Oscar Taboada Rojas [PE]	Hugo León [PE]	L	5	6
Oscar Taboada Rojas [PE]	Gianmarco Antonio Gomez Hilario [PE]	W	8	7
Alexiev Castro [PE]	Ajay Sridhar [US]	L	0	1
Alexiev Castro [PE]	Paola Lisett Rondan Guerrero [PE]	T	1	2
Alexiev Castro [PE]	Hugo León [PE]	W	4	3
Alexiev Castro [PE]	Carlos Lopes [BR]	L	4	4
Alexiev Castro [PE]	Oscar Taboada Rojas [PE]	T	5	5
Alexiev Castro [PE]	Fernando Ugarte [PE]	W	8	6
Alexiev Castro [PE]	Bayron Quiroz Cortes [CL]	L	8	7
Augusto Benavides Medina [PE]	Walter André Chiclayo Sandoval [PE]	L	0	1
Augusto Benavides Medina [PE]	Luis Martin Jesus Maguiña Custodio [PE]	W	3	2
Augusto Benavides Medina [PE]	Jose Francisco Prada Talavera [PE]	W	6	3
Augusto Benavides Medina [PE]	Santiago García Arrué [PE]	L	6	4
Augusto Benavides Medina [PE]	Andrés Castillo [MX]	T	7	5
Augusto Benavides Medina [PE]	Marco José Zamudio Choy [PE]	T	8	6
Augusto Benavides Medina [PE]	Cristian Gallo [CL]	L	8	7
Erick Campos [CR]	Martin Ricardo Carmona Romero [MX]	T	1	1
Erick Campos [CR]	Alvaro Sanchez [CL]	L	1	2
Erick Campos [CR]	Óscar Videla [CL]	W	4	3
Erick Campos [CR]	Diego Guillen Pelaez [PE]	L	4	4
Erick Campos [CR]	Jorge Flores [PE]	T	5	5
Erick Campos [CR]	Wilsonn Molina [CL]	L	5	6
Erick Campos [CR]	Luis Carlos Alonso Delgado Araujo [PE]	W	8	7
Martin Ricardo Carmona Romero [MX]	Erick Campos [CR]	T	1	1
Martin Ricardo Carmona Romero [MX]	Andrés Lostaunau [PE]	L	1	2
Martin Ricardo Carmona Romero [MX]	Andres Estefano Gajardo Lopehandia [CL]	L	1	3
Martin Ricardo Carmona Romero [MX]	John Cartagena [PE]	T	2	4
Martin Ricardo Carmona Romero [MX]	Joaquin Herrera [PE]	W	5	5
Martin Ricardo Carmona Romero [MX]	David Alejandro Fernandez Abarca [MX]	L	5	6
Martin Ricardo Carmona Romero [MX]	Jose Francisco Prada Talavera [PE]	W	8	7
Alvaro Sanchez [CL]	Andre Mauro Vereau Guerra [PE]	T	1	1
Alvaro Sanchez [CL]	Erick Campos [CR]	W	4	2
Alvaro Sanchez [CL]	Victor Allan Muñoz Morales [CL]	L	4	3
Alvaro Sanchez [CL]	Grover Tranca Mendez [PE]	W	7	4
Alvaro Sanchez [CL]	Javier Chelmes [CL]	L	7	5
Alvaro Sanchez [CL]	Renzo Junior Velásquez Salazar [PE]	L	7	6
Alvaro Sanchez [CL]	Mario Cesar De La Cruz Llanos [PE]	L	7	7
Andrés Lostaunau [PE]	Javier Chelmes [CL]	T	1	1
Andrés Lostaunau [PE]	Martin Ricardo Carmona Romero [MX]	W	4	2
Andrés Lostaunau [PE]	Marco José Zamudio Choy [PE]	L	4	3
Andrés Lostaunau [PE]	Cristhoper Martinez [PE]	W	7	4
Andrés Lostaunau [PE]	Andres Estefano Gajardo Lopehandia [CL]	L	7	5
Andrés Lostaunau [PE]	Thiago Silva [BR]	L	7	6
Andrés Lostaunau [PE]	Bruno Partala [BR]	L	7	7
Vincent Quiroz [CL]	Hector Almeyda [PE]	L	0	1
Vincent Quiroz [CL]	Renzo Zambrano [PE]	L	0	2
Vincent Quiroz [CL]	Luis Martin Jesus Maguiña Custodio [PE]	W	3	3
Vincent Quiroz [CL]	Carlos Felipe Pardo Narvaez [CL]	W	6	4
Vincent Quiroz [CL]	Matias Matricardi [AR]	L	6	5
Vincent Quiroz [CL]	Richard Ruiz Vargas [PE]	L	6	6
Vincent Quiroz [CL]	Claudio Tapia Balboa [CL]	T	7	7
Julián Gabriel Casiano Zambrano [PE]	Fabricio Valdivia [PE]	L	0	1
Julián Gabriel Casiano Zambrano [PE]	Andrés Castillo [MX]	W	3	2
Julián Gabriel Casiano Zambrano [PE]	Sheldon Kuppan [GB]	T	4	3
Julián Gabriel Casiano Zambrano [PE]	Fernando Ernesto Toratto Bullon [PE]	L	4	4
Julián Gabriel Casiano Zambrano [PE]	Renzo Junior Velásquez Salazar [PE]	L	4	5
Julián Gabriel Casiano Zambrano [PE]	Cristhoper Martinez [PE]	W	7	6
Julián Gabriel Casiano Zambrano [PE]	Paulo Gouveia De Freitas [BR]	L	7	7
Jose Carlos Gomez [PE]	Cristian Gallo [CL]	W	3	1
Jose Carlos Gomez [PE]	Victor Muñoz [CL]	L	3	2
Jose Carlos Gomez [PE]	Paola Lisett Rondan Guerrero [PE]	T	4	3
Jose Carlos Gomez [PE]	Sheldon Kuppan [GB]	L	4	4
Jose Carlos Gomez [PE]	Jessica Mellanie Reyes Maury [PE]	W	7	5
Jose Carlos Gomez [PE]	Angel Aranibar [PE]	L	7	6
Jose Carlos Gomez [PE]	Diego Leyva [PE]	L	7	7
Jessica Mellanie Reyes Maury [PE]	Andrés Guzmán [MX]	L	0	1
Jessica Mellanie Reyes Maury [PE]	Cristian Gallo [CL]	T	1	2
Jessica Mellanie Reyes Maury [PE]	John Cartagena [PE]	W	4	3
Jessica Mellanie Reyes Maury [PE]	Jorge Villar [CL]	L	4	4
Jessica Mellanie Reyes Maury [PE]	Jose Carlos Gomez [PE]	L	4	5
Jessica Mellanie Reyes Maury [PE]	Sebastian García Tejada [PE]	W	7	6
Jessica Mellanie Reyes Maury [PE]	Carlos Lopes [BR]	L	7	7
Jose Reaño Alcantara [PE]	Diego Guillen Pelaez [PE]	L	0	1
Jose Reaño Alcantara [PE]	Jose Felix Monroy Hidalgo [PE]	L	0	2
Jose Reaño Alcantara [PE]	Juan Espinola [MX]	L	0	3
Jose Reaño Alcantara [PE]	Paulo Gouveia De Freitas [BR]	L	0	4
Jose Reaño Alcantara [PE]	BYE	W	3	5
Jose Reaño Alcantara [PE]	Javier Reategui [PE]	W	6	6
Jose Reaño Alcantara [PE]	Andy Gray [US]	T	7	7
Walter André Chiclayo Sandoval [PE]	Augusto Benavides Medina [PE]	W	3	1
Walter André Chiclayo Sandoval [PE]	Alonso Diaz [PE]	L	3	2
Walter André Chiclayo Sandoval [PE]	Santiago García Arrué [PE]	L	3	3
Walter André Chiclayo Sandoval [PE]	Andrés Castillo [MX]	L	3	4
Walter André Chiclayo Sandoval [PE]	Alberto Bonsanto [MX]	L	3	5
Walter André Chiclayo Sandoval [PE]	John Cartagena [PE]	T	4	6
Walter André Chiclayo Sandoval [PE]	Sebastian García Tejada [PE]	W	7	7
Claudio Tapia Balboa [CL]	Diego Varea [PE]	L	0	1
Claudio Tapia Balboa [CL]	Joel Santillan Ulloa [PE]	W	3	2
Claudio Tapia Balboa [CL]	Farleib Cuba [PE]	W	6	3
Claudio Tapia Balboa [CL]	Juan Guillermo Lara [PE]	L	6	4
Claudio Tapia Balboa [CL]	Luis Anibal Maitaluna Pachas [PE]	L	6	5
Claudio Tapia Balboa [CL]	Francisco Contreras Villa [CL]	L	6	6
Claudio Tapia Balboa [CL]	Vincent Quiroz [CL]	T	7	7
Andy Gray [US]	Andres Torres [CO]	L	0	1
Andy Gray [US]	Luis Anibal Maitaluna Pachas [PE]	W	3	2
Andy Gray [US]	Francisco Contreras Villa [CL]	L	3	3
Andy Gray [US]	Javier Reategui [PE]	W	6	4
Andy Gray [US]	Nicolas Galaz [CL]	L	6	5
Andy Gray [US]	Eduardo Mendoza [PE]	L	6	6
Andy Gray [US]	Jose Reaño Alcantara [PE]	T	7	7
Cristhoper Martinez [PE]	Alexander Monroy Hidalgo [PE]	L	0	1
Cristhoper Martinez [PE]	John Cartagena [PE]	T	1	2
Cristhoper Martinez [PE]	Fernando Ugarte [PE]	W	4	3
Cristhoper Martinez [PE]	Andrés Lostaunau [PE]	L	4	4
Cristhoper Martinez [PE]	Bruno Partala [BR]	L	4	5
Cristhoper Martinez [PE]	Julián Gabriel Casiano Zambrano [PE]	L	4	6
Cristhoper Martinez [PE]	Luis Delzo [PE]	W	7	7
Luis Martin Jesus Maguiña Custodio [PE]	Victor Muñoz [CL]	L	0	1
Luis Martin Jesus Maguiña Custodio [PE]	Augusto Benavides Medina [PE]	L	0	2
Luis Martin Jesus Maguiña Custodio [PE]	Vincent Quiroz [CL]	L	0	3
Luis Martin Jesus Maguiña Custodio [PE]	Nitish Doolub [GB]	L	0	4
Luis Martin Jesus Maguiña Custodio [PE]	Joel Santillan Ulloa [PE]	T	1	5
Luis Martin Jesus Maguiña Custodio [PE]	Joaquin Herrera [PE]	W	4	6
Luis Martin Jesus Maguiña Custodio [PE]	John Cartagena [PE]	W	7	7
Collins Roque [PE]	Luiz Claudio Rios Pecoraro Junior [BR]	W	3	1
Collins Roque [PE]	Alexis Elefteriu [PE]	L	3	2
Collins Roque [PE]	Diego Leyva [PE]	L	3	3
Collins Roque [PE]	Wilsonn Molina [CL]	L	3	4
Collins Roque [PE]	Richard Ruiz Vargas [PE]	L	3	5
Collins Roque [PE]	Óscar Videla [CL]	W	6	6
Collins Roque [PE]	Miguel Ángel Linares [PE]	L	6	7
Victor Muñoz [CL]	Luis Martin Jesus Maguiña Custodio [PE]	W	3	1
Victor Muñoz [CL]	Jose Carlos Gomez [PE]	W	6	2
Victor Muñoz [CL]	Miguel Lopez [MX]	L	6	3
Victor Muñoz [CL]	Eduardo Paulini Villanueva [PE]	L	6	4
Victor Muñoz [CL]	Demian Aguirre Zapata [CL]	L	6	5
Victor Muñoz [CL]	Andres Torres [CO]	L	6	6
Jorge Flores [PE]	Javier Reategui [PE]	W	3	1
Jorge Flores [PE]	Orlando Manque [CL]	T	4	2
Jorge Flores [PE]	Rodrigo Montoya [PE]	L	4	3
Jorge Flores [PE]	Andre Mauro Vereau Guerra [PE]	L	4	4
Jorge Flores [PE]	Erick Campos [CR]	T	5	5
Jorge Flores [PE]	Miguel Ángel Linares [PE]	T	6	6
Miguel Chozo Machuca [PE]	Renzo Junior Velásquez Salazar [PE]	L	0	1
Miguel Chozo Machuca [PE]	Andre Mauro Vereau Guerra [PE]	L	0	2
Miguel Chozo Machuca [PE]	Nitish Doolub [GB]	W	3	3
Miguel Chozo Machuca [PE]	Po Hsiung Hsu [CL]	L	3	4
Miguel Chozo Machuca [PE]	Ronaldo Emerson Chumbe Real [PE]	W	6	5
Miguel Chozo Machuca [PE]	Carlos Felipe Pardo Narvaez [CL]	L	6	6
Farleib Cuba [PE]	Jose Francisco Prada Talavera [PE]	L	0	1
Farleib Cuba [PE]	Juan Espinola [MX]	W	3	2
Farleib Cuba [PE]	Claudio Tapia Balboa [CL]	L	3	3
Farleib Cuba [PE]	Ronaldo Emerson Chumbe Real [PE]	W	6	4
Farleib Cuba [PE]	Po Hsiung Hsu [CL]	L	6	5
Farleib Cuba [PE]	Luiguer Miguel Santos Llerena [PE]	L	6	6
Nitish Doolub [GB]	Giovanno Ponce [CL]	L	0	1
Nitish Doolub [GB]	Oscar Taboada Rojas [PE]	L	0	2
Nitish Doolub [GB]	Miguel Chozo Machuca [PE]	L	0	3
Nitish Doolub [GB]	Luis Martin Jesus Maguiña Custodio [PE]	W	3	4
Nitish Doolub [GB]	Aravena Briones [CL]	W	6	5
Nitish Doolub [GB]	Andres Saldarriaga [PE]	L	6	6
Gianmarco Antonio Gomez Hilario [PE]	Miguel Lopez [MX]	L	0	1
Gianmarco Antonio Gomez Hilario [PE]	Sebastian García Tejada [PE]	W	3	2
Gianmarco Antonio Gomez Hilario [PE]	Luiz Claudio Rios Pecoraro Junior [BR]	T	4	3
Gianmarco Antonio Gomez Hilario [PE]	Andres Saldarriaga [PE]	T	5	4
Gianmarco Antonio Gomez Hilario [PE]	Bayron Quiroz Cortes [CL]	L	5	5
Gianmarco Antonio Gomez Hilario [PE]	Cristian Gallo [CL]	L	5	6
Gianmarco Antonio Gomez Hilario [PE]	Oscar Taboada Rojas [PE]	L	5	7
Luis Carlos Alonso Delgado Araujo [PE]	Demian Aguirre Zapata [CL]	L	0	1
Luis Carlos Alonso Delgado Araujo [PE]	Carlos Alberto Sosa Pezo [PE]	T	1	2
Luis Carlos Alonso Delgado Araujo [PE]	Bruno Partala [BR]	W	4	3
Luis Carlos Alonso Delgado Araujo [PE]	Andres Estefano Gajardo Lopehandia [CL]	L	4	4
Luis Carlos Alonso Delgado Araujo [PE]	Angel Aranibar [PE]	L	4	5
Luis Carlos Alonso Delgado Araujo [PE]	Jose Francisco Prada Talavera [PE]	T	5	6
Luis Carlos Alonso Delgado Araujo [PE]	Erick Campos [CR]	L	5	7
Jose Francisco Prada Talavera [PE]	Farleib Cuba [PE]	W	3	1
Jose Francisco Prada Talavera [PE]	Ajay Sridhar [US]	L	3	2
Jose Francisco Prada Talavera [PE]	Augusto Benavides Medina [PE]	L	3	3
Jose Francisco Prada Talavera [PE]	Renzo Junior Velásquez Salazar [PE]	T	4	4
Jose Francisco Prada Talavera [PE]	Alfonso Herrera [PE]	L	4	5
Jose Francisco Prada Talavera [PE]	Luis Carlos Alonso Delgado Araujo [PE]	T	5	6
Jose Francisco Prada Talavera [PE]	Martin Ricardo Carmona Romero [MX]	L	5	7
Carlos Alberto Sosa Pezo [PE]	Agustin Campo [AR]	L	0	1
Carlos Alberto Sosa Pezo [PE]	Luis Carlos Alonso Delgado Araujo [PE]	T	1	2
Carlos Alberto Sosa Pezo [PE]	Bayron Quiroz Cortes [CL]	T	2	3
Carlos Alberto Sosa Pezo [PE]	Luiguer Miguel Santos Llerena [PE]	L	2	4
Carlos Alberto Sosa Pezo [PE]	Paulo Gouveia De Freitas [BR]	L	2	5
Carlos Alberto Sosa Pezo [PE]	Joel Santillan Ulloa [PE]	W	5	6
Carlos Alberto Sosa Pezo [PE]	Aravena Briones [CL]	L	5	7
Fernando Ugarte [PE]	Alfredo Aldecoa [PE]	L	0	1
Fernando Ugarte [PE]	Carlos Lopes [BR]	T	1	2
Fernando Ugarte [PE]	Cristhoper Martinez [PE]	L	1	3
Fernando Ugarte [PE]	Cristian Gallo [CL]	L	1	4
Fernando Ugarte [PE]	Christian Badenas [AR]	W	4	5
Fernando Ugarte [PE]	Alexiev Castro [PE]	L	4	6
Fernando Ugarte [PE]	Paola Lisett Rondan Guerrero [PE]	T	5	7
Bruno Paredes [PE]	Julio Cesar La Puente Valera [PE]	W	3	1
Bruno Paredes [PE]	Alexander Monroy Hidalgo [PE]	T	4	2
Bruno Paredes [PE]	Thiago Silva [BR]	T	5	3
Bruno Paredes [PE]	Cristopher Gonzalez Diaz [CL]	L	5	4
John Cartagena [PE]	Eduardo Paulini Villanueva [PE]	L	0	1
John Cartagena [PE]	Cristhoper Martinez [PE]	T	1	2
John Cartagena [PE]	Jessica Mellanie Reyes Maury [PE]	L	1	3
John Cartagena [PE]	Martin Ricardo Carmona Romero [MX]	T	2	4
John Cartagena [PE]	Paola Lisett Rondan Guerrero [PE]	T	3	5
John Cartagena [PE]	Walter André Chiclayo Sandoval [PE]	T	4	6
John Cartagena [PE]	Luis Martin Jesus Maguiña Custodio [PE]	L	4	7
Paola Lisett Rondan Guerrero [PE]	Richard Ruiz Vargas [PE]	L	0	1
Paola Lisett Rondan Guerrero [PE]	Alexiev Castro [PE]	T	1	2
Paola Lisett Rondan Guerrero [PE]	Jose Carlos Gomez [PE]	T	2	3
Paola Lisett Rondan Guerrero [PE]	Bayron Quiroz Cortes [CL]	L	2	4
Paola Lisett Rondan Guerrero [PE]	John Cartagena [PE]	T	3	5
Paola Lisett Rondan Guerrero [PE]	Aravena Briones [CL]	L	3	6
Paola Lisett Rondan Guerrero [PE]	Fernando Ugarte [PE]	T	4	7
Luis Delzo [PE]	Angel Aranibar [PE]	L	0	1
Luis Delzo [PE]	Joaquin Herrera [PE]	T	1	2
Luis Delzo [PE]	Jorge Villar [CL]	L	1	3
Luis Delzo [PE]	Bruno Partala [BR]	L	1	4
Luis Delzo [PE]	Sebastian García Tejada [PE]	L	1	5
Luis Delzo [PE]	Christian Badenas [AR]	W	4	6
Luis Delzo [PE]	Cristhoper Martinez [PE]	L	4	7
Sebastian García Tejada [PE]	Miguel Ángel Linares [PE]	L	0	1
Sebastian García Tejada [PE]	Gianmarco Antonio Gomez Hilario [PE]	L	0	2
Sebastian García Tejada [PE]	Carlos Felipe Pardo Narvaez [CL]	L	0	3
Sebastian García Tejada [PE]	Joel Santillan Ulloa [PE]	T	1	4
Sebastian García Tejada [PE]	Luis Delzo [PE]	W	4	5
Sebastian García Tejada [PE]	Jessica Mellanie Reyes Maury [PE]	L	4	6
Sebastian García Tejada [PE]	Walter André Chiclayo Sandoval [PE]	L	4	7
Óscar Videla [CL]	Renzo Angulo [PE]	L	0	1
Óscar Videla [CL]	Bruno Partala [BR]	T	1	2
Óscar Videla [CL]	Erick Campos [CR]	L	1	3
Óscar Videla [CL]	Christian Badenas [AR]	W	4	4
Óscar Videla [CL]	Grover Tranca Mendez [PE]	L	4	5
Óscar Videla [CL]	Collins Roque [PE]	L	4	6
Javier Reategui [PE]	Jorge Flores [PE]	L	0	1
Javier Reategui [PE]	BYE	W	3	2
Javier Reategui [PE]	Alfredo Aldecoa [PE]	L	3	3
Javier Reategui [PE]	Andy Gray [US]	L	3	4
Javier Reategui [PE]	Carlos Felipe Pardo Narvaez [CL]	L	3	5
Javier Reategui [PE]	Jose Reaño Alcantara [PE]	L	3	6
Ronaldo Emerson Chumbe Real [PE]	Alonso Diaz [PE]	L	0	1
Ronaldo Emerson Chumbe Real [PE]	Sheldon Kuppan [GB]	L	0	2
Ronaldo Emerson Chumbe Real [PE]	BYE	W	3	3
Ronaldo Emerson Chumbe Real [PE]	Farleib Cuba [PE]	L	3	4
Ronaldo Emerson Chumbe Real [PE]	Miguel Chozo Machuca [PE]	L	3	5
Alberto Araya [CL]	Fabrizio Bellucci [AR]	L	0	1
Alberto Araya [CL]	Francisco Contreras Villa [CL]	L	0	2
Alberto Araya [CL]	Paulo Gouveia De Freitas [BR]	W	3	3
Alberto Araya [CL]	Luis Anibal Maitaluna Pachas [PE]	L	3	4
Joel Santillan Ulloa [PE]	Marco José Zamudio Choy [PE]	L	0	1
Joel Santillan Ulloa [PE]	Claudio Tapia Balboa [CL]	L	0	2
Joel Santillan Ulloa [PE]	Andrés Castillo [MX]	L	0	3
Joel Santillan Ulloa [PE]	Sebastian García Tejada [PE]	T	1	4
Joel Santillan Ulloa [PE]	Luis Martin Jesus Maguiña Custodio [PE]	T	2	5
Joel Santillan Ulloa [PE]	Carlos Alberto Sosa Pezo [PE]	L	2	6
Christian Badenas [AR]	Jorge Villar [CL]	T	1	1
Christian Badenas [AR]	Joaquín Orrego [PE]	L	1	2
Christian Badenas [AR]	Alfonso Herrera [PE]	L	1	3
Christian Badenas [AR]	Óscar Videla [CL]	L	1	4
Christian Badenas [AR]	Fernando Ugarte [PE]	L	1	5
Christian Badenas [AR]	Luis Delzo [PE]	L	1	6
Joaquin Herrera [PE]	Omar Fernández [CR]	L	0	1
Joaquin Herrera [PE]	Luis Delzo [PE]	T	1	2
Joaquin Herrera [PE]	Carlos Lopes [BR]	L	1	3
Joaquin Herrera [PE]	Hugo León [PE]	L	1	4
Joaquin Herrera [PE]	Martin Ricardo Carmona Romero [MX]	L	1	5
Joaquin Herrera [PE]	Luis Martin Jesus Maguiña Custodio [PE]	L	1	6
Alexis Hormazabal [CL]	Victor Allan Muñoz Morales [CL]	L	0	1
Alexis Hormazabal [CL]	Luiz Claudio Rios Pecoraro Junior [BR]	L	0	2
Connor Finton [US]	Alexis Elefteriu [PE]	L	0	1
Connor Finton [US]	Diego Leyva [PE]	L	0	2
Jesus Alejandro Dominguez Jimenez [MX]	Cristopher Gonzalez Diaz [CL]	L	0	1
Julio Cesar La Puente Valera [PE]	Bruno Paredes [PE]	L	0	1
Dalton Acchetta [BR]	David Alejandro Fernandez Abarca [MX]	L	0	1
Alvaro Daniel Villa Garcia Gonzales [PE]	Mario Cesar De La Cruz Llanos [PE]	L	0	1
