Derick Dao [AU]	Brent Tonisson [AU]	L	0	1
Derick Dao [AU]	Matthew Nichols [AU]	W	3	2
Derick Dao [AU]	Jeremy L‚ÑπÔ∏èm ü§üüòéü§ü [AU]	T	4	3
Derick Dao [AU]	Justin Payne [AU]	W	7	4
Derick Dao [AU]	Bradley Sachse [AU]	W	10	5
Derick Dao [AU]	James Williams [AU]	W	13	6
Derick Dao [AU]	Chee How Liew [AU]	W	16	7
Derick Dao [AU]	Christian Hasbani [AU]	W	19	8
Derick Dao [AU]	Jeremy Evans [AU]	W	22	9
Derick Dao [AU]	Joko Wong [ID]	W	25	10
Joko Wong [ID]	Jeremy Cheyne [AU]	W	3	1
Joko Wong [ID]	James Williams [AU]	L	3	2
Joko Wong [ID]	David Stevens [AU]	W	6	3
Joko Wong [ID]	Mitch Knuckey [AU]	W	9	4
Joko Wong [ID]	Duy Le [AU]	W	12	5
Joko Wong [ID]	Ehren Roebuck [AU]	T	13	6
Joko Wong [ID]	Anthony Tsang [AU]	W	16	7
Joko Wong [ID]	Corey Munro [AU]	W	19	8
Joko Wong [ID]	Jake Lazzari [AU]	W	22	9
Joko Wong [ID]	Derick Dao [AU]	L	22	10
Jeremy Evans [AU]	Alvin Hall [AU]	W	3	1
Jeremy Evans [AU]	Paul Coletta [AU]	T	4	2
Jeremy Evans [AU]	Luke Schmitt [AU]	W	7	3
Jeremy Evans [AU]	Ethan Lee [AU]	W	10	4
Jeremy Evans [AU]	Lewis Stevens [AU]	W	13	5
Jeremy Evans [AU]	Stephen Kirk [AU]	W	16	6
Jeremy Evans [AU]	Christian Hasbani [AU]	T	17	7
Jeremy Evans [AU]	Corey O‚ÄôLeary [AU]	W	20	8
Jeremy Evans [AU]	Derick Dao [AU]	L	20	9
Jake Lazzari [AU]	Scott Free [AU]	W	3	1
Jake Lazzari [AU]	Chee How Liew [AU]	L	3	2
Jake Lazzari [AU]	Jared Fischer-Rasmussen [AU]	W	6	3
Jake Lazzari [AU]	Christian Delloiaco [AU]	L	6	4
Jake Lazzari [AU]	Christina Cao [AU]	W	9	5
Jake Lazzari [AU]	Aaron-Lee Cole [AU]	W	12	6
Jake Lazzari [AU]	Darcy ü§° Ryan [AU]	W	15	7
Jake Lazzari [AU]	Natalie Millar [AU]	W	18	8
Jake Lazzari [AU]	Joko Wong [ID]	L	18	9
Natalie Millar [AU]	Matthew Bray [AU]	W	3	1
Natalie Millar [AU]	Ehren Roebuck [AU]	W	6	2
Natalie Millar [AU]	Bradley Sachse [AU]	W	9	3
Natalie Millar [AU]	Aaron-Lee Cole [AU]	W	12	4
Natalie Millar [AU]	Christian Hasbani [AU]	T	13	5
Natalie Millar [AU]	Darcy ü§° Ryan [AU]	W	16	6
Natalie Millar [AU]	Corey O‚ÄôLeary [AU]	T	17	7
Natalie Millar [AU]	Jake Lazzari [AU]	L	17	8
Christian Hasbani [AU]	Christina Cao [AU]	W	3	1
Christian Hasbani [AU]	Daniel Hing [AU]	W	6	2
Christian Hasbani [AU]	Ethan Lee [AU]	W	9	3
Christian Hasbani [AU]	Nick Bell [AU]	W	12	4
Christian Hasbani [AU]	Natalie Millar [AU]	T	13	5
Christian Hasbani [AU]	Joshua Courtney [AU]	W	16	6
Christian Hasbani [AU]	Jeremy Evans [AU]	T	17	7
Christian Hasbani [AU]	Derick Dao [AU]	L	17	8
Corey Munro [AU]	Matthew Nichols [AU]	W	3	1
Corey Munro [AU]	Sam Clayfield [AU]	T	4	2
Corey Munro [AU]	Jacob McSpadden [AU]	W	7	3
Corey Munro [AU]	Chee How Liew [AU]	L	7	4
Corey Munro [AU]	Jorge Soria [AU]	W	10	5
Corey Munro [AU]	Sam Hynes [AU]	W	13	6
Corey Munro [AU]	Duy Le [AU]	W	16	7
Corey Munro [AU]	Joko Wong [ID]	L	16	8
Corey O‚ÄôLeary [AU]	Geoff Woodhead [NZ]	T	1	1
Corey O‚ÄôLeary [AU]	Julian Luvara [AU]	T	2	2
Corey O‚ÄôLeary [AU]	Jack Oldfield [AU]	W	5	3
Corey O‚ÄôLeary [AU]	Yasuyuki Handa [AU]	W	8	4
Corey O‚ÄôLeary [AU]	Christian Delloiaco [AU]	W	11	5
Corey O‚ÄôLeary [AU]	Paul Coletta [AU]	W	14	6
Corey O‚ÄôLeary [AU]	Natalie Millar [AU]	T	15	7
Corey O‚ÄôLeary [AU]	Jeremy Evans [AU]	L	15	8
Benjamin Hall [AU]	Yasuyuki Handa [AU]	L	0	1
Benjamin Hall [AU]	Max Prescott [AU]	L	0	2
Benjamin Hall [AU]	Erin Ryan [AU]	W	3	3
Benjamin Hall [AU]	Chen Junhan [AU]	W	6	4
Benjamin Hall [AU]	Kelvin Duong [AU]	W	9	5
Benjamin Hall [AU]	Ryan Tan [GB]	W	12	6
Benjamin Hall [AU]	Christian Delloiaco [AU]	W	15	7
Blake Davies [AU]	Darcy ü§° Ryan [AU]	L	0	1
Blake Davies [AU]	Jeremy L‚ÑπÔ∏èm ü§üüòéü§ü [AU]	L	0	2
Blake Davies [AU]	Montanna O'Byrne [AU]	W	3	3
Blake Davies [AU]	Hayden Price [AU]	W	6	4
Blake Davies [AU]	Jordan LaBrooy-Thierry [AU]	W	9	5
Blake Davies [AU]	Angus Johnson [AU]	W	12	6
Blake Davies [AU]	Scott Langford [AU]	W	15	7
James Williams [AU]	Craig McLachlan [AU]	W	3	1
James Williams [AU]	Joko Wong [ID]	W	6	2
James Williams [AU]	Chee How Liew [AU]	T	7	3
James Williams [AU]	Mathew masefield [AU]	W	10	4
James Williams [AU]	Paul Coletta [AU]	T	11	5
James Williams [AU]	Derick Dao [AU]	L	11	6
James Williams [AU]	Dave Timlin [AU]	W	14	7
Paul Coletta [AU]	Tane Rose [AU]	W	3	1
Paul Coletta [AU]	Jeremy Evans [AU]	T	4	2
Paul Coletta [AU]	Brayden Ryan [AU]	W	7	3
Paul Coletta [AU]	Duy Le [AU]	W	10	4
Paul Coletta [AU]	James Williams [AU]	T	11	5
Paul Coletta [AU]	Corey O‚ÄôLeary [AU]	L	11	6
Paul Coletta [AU]	Jorge Soria [AU]	W	14	7
Joshua Courtney [AU]	Sam Hynes [AU]	T	1	1
Joshua Courtney [AU]	James Pattison [AU]	W	4	2
Joshua Courtney [AU]	TJ Dixon [AU]	W	7	3
Joshua Courtney [AU]	Jacob Sparks [AU]	W	10	4
Joshua Courtney [AU]	Chee How Liew [AU]	W	13	5
Joshua Courtney [AU]	Christian Hasbani [AU]	L	13	6
Joshua Courtney [AU]	Stephen Kirk [AU]	T	14	7
Stephen Kirk [AU]	Dave Timlin [AU]	W	3	1
Stephen Kirk [AU]	Brayden Ryan [AU]	T	4	2
Stephen Kirk [AU]	Julian Luvara [AU]	W	7	3
Stephen Kirk [AU]	Jimmy Chen [AU]	W	10	4
Stephen Kirk [AU]	Aaron-Lee Cole [AU]	W	13	5
Stephen Kirk [AU]	Jeremy Evans [AU]	L	13	6
Stephen Kirk [AU]	Joshua Courtney [AU]	T	14	7
Ehren Roebuck [AU]	Peter Ghionis [AU]	W	3	1
Ehren Roebuck [AU]	Natalie Millar [AU]	L	3	2
Ehren Roebuck [AU]	Max Prescott [AU]	W	6	3
Ehren Roebuck [AU]	Jordan Ung [AU]	T	7	4
Ehren Roebuck [AU]	Scott Free [AU]	W	10	5
Ehren Roebuck [AU]	Joko Wong [ID]	T	11	6
Ehren Roebuck [AU]	Sam Clayfield [AU]	W	14	7
Mathew masefield [AU]	Thanh Pham [AU]	W	3	1
Mathew masefield [AU]	Lewis Stevens [AU]	T	4	2
Mathew masefield [AU]	Aldo Anselmo [AU]	W	7	3
Mathew masefield [AU]	James Williams [AU]	L	7	4
Mathew masefield [AU]	Jordan Ung [AU]	W	10	5
Mathew masefield [AU]	Sam Clayfield [AU]	T	11	6
Mathew masefield [AU]	Sameer Sangwan [AU]	W	14	7
Jacob Sparks [AU]	Anton Piccio [AU]	T	1	1
Jacob Sparks [AU]	Marco Giovannini [AU]	W	4	2
Jacob Sparks [AU]	Luke Mayers [AU]	W	7	3
Jacob Sparks [AU]	Joshua Courtney [AU]	L	7	4
Jacob Sparks [AU]	Jimmy Chen [AU]	T	8	5
Jacob Sparks [AU]	Sophia Crunkhorn [AU]	W	11	6
Jacob Sparks [AU]	Lewis Stevens [AU]	W	14	7
Chee How Liew [AU]	Ongko Sriono [AU]	W	3	1
Chee How Liew [AU]	Jake Lazzari [AU]	W	6	2
Chee How Liew [AU]	James Williams [AU]	T	7	3
Chee How Liew [AU]	Corey Munro [AU]	W	10	4
Chee How Liew [AU]	Joshua Courtney [AU]	L	10	5
Chee How Liew [AU]	Nick Bell [AU]	W	13	6
Chee How Liew [AU]	Derick Dao [AU]	L	13	7
Anthony Tsang [AU]	Hayden Price [AU]	T	1	1
Anthony Tsang [AU]	Geoff Woodhead [NZ]	W	4	2
Anthony Tsang [AU]	Lewis Stevens [AU]	L	4	3
Anthony Tsang [AU]	Luke Schmitt [AU]	W	7	4
Anthony Tsang [AU]	Benjamin Kouzas [AU]	W	10	5
Anthony Tsang [AU]	Daniel Ross-Brown [AU]	W	13	6
Anthony Tsang [AU]	Joko Wong [ID]	L	13	7
Ethan Lee [AU]	Jordan Ung [AU]	W	3	1
Ethan Lee [AU]	Daniel Jarrett [AU]	W	6	2
Ethan Lee [AU]	Christian Hasbani [AU]	L	6	3
Ethan Lee [AU]	Jeremy Evans [AU]	L	6	4
Ethan Lee [AU]	Yasuyuki Handa [AU]	T	7	5
Ethan Lee [AU]	TJ Dixon [AU]	W	10	6
Ethan Lee [AU]	Daniel Hing [AU]	W	13	7
Luke Schmitt [AU]	Keegan Burt [AU]	T	1	1
Luke Schmitt [AU]	Sam Hynes [AU]	W	4	2
Luke Schmitt [AU]	Jeremy Evans [AU]	L	4	3
Luke Schmitt [AU]	Anthony Tsang [AU]	L	4	4
Luke Schmitt [AU]	Jeremy L‚ÑπÔ∏èm ü§üüòéü§ü [AU]	W	7	5
Luke Schmitt [AU]	Yasuyuki Handa [AU]	W	10	6
Luke Schmitt [AU]	Bradley Sachse [AU]	W	13	7
Sam Hynes [AU]	Joshua Courtney [AU]	T	1	1
Sam Hynes [AU]	Luke Schmitt [AU]	L	1	2
Sam Hynes [AU]	Jeremy Cheyne [AU]	W	4	3
Sam Hynes [AU]	Robin Sangwan [AU]	W	7	4
Sam Hynes [AU]	TJ Dixon [AU]	W	10	5
Sam Hynes [AU]	Corey Munro [AU]	L	10	6
Sam Hynes [AU]	Nick Bell [AU]	W	13	7
Matthew Bray [AU]	Natalie Millar [AU]	L	0	1
Matthew Bray [AU]	Abe Morales [US]	W	3	2
Matthew Bray [AU]	Robin Sangwan [AU]	T	4	3
Matthew Bray [AU]	Jayden Cole [AU]	W	7	4
Matthew Bray [AU]	Daniel Ross-Brown [AU]	L	7	5
Matthew Bray [AU]	Jared Fischer-Rasmussen [AU]	W	10	6
Matthew Bray [AU]	David Stevens [AU]	W	13	7
Christian Delloiaco [AU]	Sameer Sangwan [AU]	W	3	1
Christian Delloiaco [AU]	Duy Le [AU]	L	3	2
Christian Delloiaco [AU]	Daniel Jarrett [AU]	W	6	3
Christian Delloiaco [AU]	Jake Lazzari [AU]	W	9	4
Christian Delloiaco [AU]	Corey O‚ÄôLeary [AU]	L	9	5
Christian Delloiaco [AU]	Shaun Sewell [AU]	W	12	6
Christian Delloiaco [AU]	Benjamin Hall [AU]	L	12	7
Duy Le [AU]	Scott Langford [AU]	W	3	1
Duy Le [AU]	Christian Delloiaco [AU]	W	6	2
Duy Le [AU]	Jorge Soria [AU]	W	9	3
Duy Le [AU]	Paul Coletta [AU]	L	9	4
Duy Le [AU]	Joko Wong [ID]	L	9	5
Duy Le [AU]	Thanh Pham [AU]	W	12	6
Duy Le [AU]	Corey Munro [AU]	L	12	7
Darcy ü§° Ryan [AU]	Blake Davies [AU]	W	3	1
Darcy ü§° Ryan [AU]	Yasuyuki Handa [AU]	W	6	2
Darcy ü§° Ryan [AU]	Aaron-Lee Cole [AU]	L	6	3
Darcy ü§° Ryan [AU]	Louis Pozzacchio [AU]	W	9	4
Darcy ü§° Ryan [AU]	Brent Tonisson [AU]	W	12	5
Darcy ü§° Ryan [AU]	Natalie Millar [AU]	L	12	6
Darcy ü§° Ryan [AU]	Jake Lazzari [AU]	L	12	7
Brent Tonisson [AU]	Derick Dao [AU]	W	3	1
Brent Tonisson [AU]	Chen Junhan [AU]	W	6	2
Brent Tonisson [AU]	Nick Bell [AU]	L	6	3
Brent Tonisson [AU]	Angus Johnson [AU]	W	9	4
Brent Tonisson [AU]	Darcy ü§° Ryan [AU]	L	9	5
Brent Tonisson [AU]	Scott Langford [AU]	L	9	6
Brent Tonisson [AU]	Sophia Crunkhorn [AU]	W	12	7
Kelvin Duong [AU]	Daniel Ross-Brown [AU]	W	3	1
Kelvin Duong [AU]	Sophia Crunkhorn [AU]	T	4	2
Kelvin Duong [AU]	Shaun Sewell [AU]	T	5	3
Kelvin Duong [AU]	Aldo Anselmo [AU]	T	6	4
Kelvin Duong [AU]	Benjamin Hall [AU]	L	6	5
Kelvin Duong [AU]	Megan Pusey [AU]	W	9	6
Kelvin Duong [AU]	Shane Quinn [AU]	W	12	7
Scott Langford [AU]	Duy Le [AU]	L	0	1
Scott Langford [AU]	Jayden Hipper [AU]	W	3	2
Scott Langford [AU]	Dave Timlin [AU]	L	3	3
Scott Langford [AU]	Alvin Hall [AU]	W	6	4
Scott Langford [AU]	Peter Ghionis [AU]	W	9	5
Scott Langford [AU]	Brent Tonisson [AU]	W	12	6
Scott Langford [AU]	Blake Davies [AU]	L	12	7
Angus Johnson [AU]	Daniel Hing [AU]	L	0	1
Angus Johnson [AU]	Cara-ann Smart [AU]	W	3	2
Angus Johnson [AU]	Alvin Hall [AU]	W	6	3
Angus Johnson [AU]	Brent Tonisson [AU]	L	6	4
Angus Johnson [AU]	Shane Quinn [AU]	W	9	5
Angus Johnson [AU]	Blake Davies [AU]	L	9	6
Angus Johnson [AU]	Daniel Jarrett [AU]	W	12	7
Shaun Sewell [AU]	Chris Blong [NZ]	W	3	1
Shaun Sewell [AU]	Aldo Anselmo [AU]	T	4	2
Shaun Sewell [AU]	Kelvin Duong [AU]	T	5	3
Shaun Sewell [AU]	Anton Piccio [AU]	T	6	4
Shaun Sewell [AU]	Louis Pozzacchio [AU]	W	9	5
Shaun Sewell [AU]	Christian Delloiaco [AU]	L	9	6
Shaun Sewell [AU]	Aaron-Lee Cole [AU]	W	12	7
Ryan Tan [GB]	Aaron-Lee Cole [AU]	L	0	1
Ryan Tan [GB]	Tane Rose [AU]	W	3	2
Ryan Tan [GB]	Yasuyuki Handa [AU]	L	3	3
Ryan Tan [GB]	Daniel Jarrett [AU]	W	6	4
Ryan Tan [GB]	Mitch Knuckey [AU]	W	9	5
Ryan Tan [GB]	Benjamin Hall [AU]	L	9	6
Ryan Tan [GB]	Thanh Pham [AU]	W	12	7
Lewis Stevens [AU]	Scott Willmott [AU]	W	3	1
Lewis Stevens [AU]	Mathew masefield [AU]	T	4	2
Lewis Stevens [AU]	Anthony Tsang [AU]	W	7	3
Lewis Stevens [AU]	Sam Clayfield [AU]	W	10	4
Lewis Stevens [AU]	Jeremy Evans [AU]	L	10	5
Lewis Stevens [AU]	Dave Timlin [AU]	T	11	6
Lewis Stevens [AU]	Jacob Sparks [AU]	L	11	7
Sam Clayfield [AU]	Robin Sangwan [AU]	W	3	1
Sam Clayfield [AU]	Corey Munro [AU]	T	4	2
Sam Clayfield [AU]	Benjamin Kouzas [AU]	W	7	3
Sam Clayfield [AU]	Lewis Stevens [AU]	L	7	4
Sam Clayfield [AU]	Marco Giovannini [AU]	W	10	5
Sam Clayfield [AU]	Mathew masefield [AU]	T	11	6
Sam Clayfield [AU]	Ehren Roebuck [AU]	L	11	7
Dave Timlin [AU]	Stephen Kirk [AU]	L	0	1
Dave Timlin [AU]	Erin Ryan [AU]	W	3	2
Dave Timlin [AU]	Scott Langford [AU]	W	6	3
Dave Timlin [AU]	Jason van den Bergh [AU]	W	9	4
Dave Timlin [AU]	Nick Bell [AU]	T	10	5
Dave Timlin [AU]	Lewis Stevens [AU]	T	11	6
Dave Timlin [AU]	James Williams [AU]	L	11	7
Brayden Ryan [AU]	Megan Pusey [AU]	W	3	1
Brayden Ryan [AU]	Stephen Kirk [AU]	T	4	2
Brayden Ryan [AU]	Paul Coletta [AU]	L	4	3
Brayden Ryan [AU]	Benjamin Kouzas [AU]	L	4	4
Brayden Ryan [AU]	Jacob McSpadden [AU]	T	5	5
Brayden Ryan [AU]	Erin Ryan [AU]	W	8	6
Brayden Ryan [AU]	Aldo Anselmo [AU]	W	11	7
Benjamin Kouzas [AU]	Cara-ann Smart [AU]	W	3	1
Benjamin Kouzas [AU]	Jacob McSpadden [AU]	T	4	2
Benjamin Kouzas [AU]	Sam Clayfield [AU]	L	4	3
Benjamin Kouzas [AU]	Brayden Ryan [AU]	W	7	4
Benjamin Kouzas [AU]	Anthony Tsang [AU]	L	7	5
Benjamin Kouzas [AU]	Jordan Ung [AU]	W	10	6
Benjamin Kouzas [AU]	Geoff Woodhead [NZ]	T	11	7
Jacob McSpadden [AU]	Jason van den Bergh [AU]	W	3	1
Jacob McSpadden [AU]	Benjamin Kouzas [AU]	T	4	2
Jacob McSpadden [AU]	Corey Munro [AU]	L	4	3
Jacob McSpadden [AU]	Marco Giovannini [AU]	L	4	4
Jacob McSpadden [AU]	Brayden Ryan [AU]	T	5	5
Jacob McSpadden [AU]	Cara-ann Smart [AU]	W	8	6
Jacob McSpadden [AU]	Jimmy Chen [AU]	W	11	7
Sameer Sangwan [AU]	Christian Delloiaco [AU]	L	0	1
Sameer Sangwan [AU]	Daniel Ross-Brown [AU]	T	1	2
Sameer Sangwan [AU]	Geoff Woodhead [NZ]	T	2	3
Sameer Sangwan [AU]	Jack Oldfield [AU]	W	5	4
Sameer Sangwan [AU]	Julian Luvara [AU]	W	8	5
Sameer Sangwan [AU]	Jimmy Chen [AU]	W	11	6
Sameer Sangwan [AU]	Mathew masefield [AU]	L	11	7
Bradley Sachse [AU]	Justin Payne [AU]	W	3	1
Bradley Sachse [AU]	Mitch Knuckey [AU]	W	6	2
Bradley Sachse [AU]	Natalie Millar [AU]	L	6	3
Bradley Sachse [AU]	Jorge Soria [AU]	T	7	4
Bradley Sachse [AU]	Derick Dao [AU]	L	7	5
Bradley Sachse [AU]	Scott Free [AU]	W	10	6
Bradley Sachse [AU]	Luke Schmitt [AU]	L	10	7
Nick Bell [AU]	Abe Morales [US]	W	3	1
Nick Bell [AU]	James Neilson [AU]	W	6	2
Nick Bell [AU]	Brent Tonisson [AU]	W	9	3
Nick Bell [AU]	Christian Hasbani [AU]	L	9	4
Nick Bell [AU]	Dave Timlin [AU]	T	10	5
Nick Bell [AU]	Chee How Liew [AU]	L	10	6
Nick Bell [AU]	Sam Hynes [AU]	L	10	7
Jordan Ung [AU]	Ethan Lee [AU]	L	0	1
Jordan Ung [AU]	Christina Cao [AU]	W	3	2
Jordan Ung [AU]	James Neilson [AU]	W	6	3
Jordan Ung [AU]	Ehren Roebuck [AU]	T	7	4
Jordan Ung [AU]	Mathew masefield [AU]	L	7	5
Jordan Ung [AU]	Benjamin Kouzas [AU]	L	7	6
Jordan Ung [AU]	Yasuyuki Handa [AU]	W	10	7
Daniel Hing [AU]	Angus Johnson [AU]	W	3	1
Daniel Hing [AU]	Christian Hasbani [AU]	L	3	2
Daniel Hing [AU]	Justin Payne [AU]	T	4	3
Daniel Hing [AU]	Scott Free [AU]	L	4	4
Daniel Hing [AU]	Robin Sangwan [AU]	W	7	5
Daniel Hing [AU]	Marco Giovannini [AU]	W	10	6
Daniel Hing [AU]	Ethan Lee [AU]	L	10	7
Jorge Soria [AU]	Montanna O'Byrne [AU]	W	3	1
Jorge Soria [AU]	David Stevens [AU]	W	6	2
Jorge Soria [AU]	Duy Le [AU]	L	6	3
Jorge Soria [AU]	Bradley Sachse [AU]	T	7	4
Jorge Soria [AU]	Corey Munro [AU]	L	7	5
Jorge Soria [AU]	Jason van den Bergh [AU]	W	10	6
Jorge Soria [AU]	Paul Coletta [AU]	L	10	7
Daniel Ross-Brown [AU]	Kelvin Duong [AU]	L	0	1
Daniel Ross-Brown [AU]	Sameer Sangwan [AU]	T	1	2
Daniel Ross-Brown [AU]	James Pattison [AU]	W	4	3
Daniel Ross-Brown [AU]	Jeremy L‚ÑπÔ∏èm ü§üüòéü§ü [AU]	W	7	4
Daniel Ross-Brown [AU]	Matthew Bray [AU]	W	10	5
Daniel Ross-Brown [AU]	Anthony Tsang [AU]	L	10	6
Scott Free [AU]	Jake Lazzari [AU]	L	0	1
Scott Free [AU]	Megan Pusey [AU]	W	3	2
Scott Free [AU]	Jayden Cole [AU]	T	4	3
Scott Free [AU]	Daniel Hing [AU]	W	7	4
Scott Free [AU]	Ehren Roebuck [AU]	L	7	5
Scott Free [AU]	Bradley Sachse [AU]	L	7	6
Scott Free [AU]	Jason van den Bergh [AU]	W	10	7
Geoff Woodhead [NZ]	Corey O‚ÄôLeary [AU]	T	1	1
Geoff Woodhead [NZ]	Anthony Tsang [AU]	L	1	2
Geoff Woodhead [NZ]	Sameer Sangwan [AU]	T	2	3
Geoff Woodhead [NZ]	Blake Lobina [AU]	T	3	4
Geoff Woodhead [NZ]	Matthew Nichols [AU]	W	6	5
Geoff Woodhead [NZ]	Christine Ashkenazy [AU]	W	9	6
Geoff Woodhead [NZ]	Benjamin Kouzas [AU]	T	10	7
David Stevens [AU]	Shane Quinn [AU]	W	3	1
David Stevens [AU]	Jorge Soria [AU]	L	3	2
David Stevens [AU]	Joko Wong [ID]	L	3	3
David Stevens [AU]	Craig McLachlan [AU]	W	6	4
David Stevens [AU]	Jason van den Bergh [AU]	T	7	5
David Stevens [AU]	Luke Mayers [AU]	W	10	6
David Stevens [AU]	Matthew Bray [AU]	L	10	7
Marco Giovannini [AU]	Blake Lobina [AU]	T	1	1
Marco Giovannini [AU]	Jacob Sparks [AU]	L	1	2
Marco Giovannini [AU]	Abe Morales [US]	W	4	3
Marco Giovannini [AU]	Jacob McSpadden [AU]	W	7	4
Marco Giovannini [AU]	Sam Clayfield [AU]	L	7	5
Marco Giovannini [AU]	Daniel Hing [AU]	L	7	6
Marco Giovannini [AU]	Anton Piccio [AU]	W	10	7
Jared Fischer-Rasmussen [AU]	Chen Junhan [AU]	L	0	1
Jared Fischer-Rasmussen [AU]	Christine Ashkenazy [AU]	W	3	2
Jared Fischer-Rasmussen [AU]	Jake Lazzari [AU]	L	3	3
Jared Fischer-Rasmussen [AU]	Keegan Burt [AU]	T	4	4
Jared Fischer-Rasmussen [AU]	Justin Payne [AU]	W	7	5
Jared Fischer-Rasmussen [AU]	Matthew Bray [AU]	L	7	6
Jared Fischer-Rasmussen [AU]	Jayden Cole [AU]	W	10	7
Aaron-Lee Cole [AU]	Ryan Tan [GB]	W	3	1
Aaron-Lee Cole [AU]	Jayden Cole [AU]	W	6	2
Aaron-Lee Cole [AU]	Darcy ü§° Ryan [AU]	W	9	3
Aaron-Lee Cole [AU]	Natalie Millar [AU]	L	9	4
Aaron-Lee Cole [AU]	Stephen Kirk [AU]	L	9	5
Aaron-Lee Cole [AU]	Jake Lazzari [AU]	L	9	6
Aaron-Lee Cole [AU]	Shaun Sewell [AU]	L	9	7
Daniel Jarrett [AU]	Louis Pozzacchio [AU]	W	3	1
Daniel Jarrett [AU]	Ethan Lee [AU]	L	3	2
Daniel Jarrett [AU]	Christian Delloiaco [AU]	L	3	3
Daniel Jarrett [AU]	Ryan Tan [GB]	L	3	4
Daniel Jarrett [AU]	Alvin Hall [AU]	W	6	5
Daniel Jarrett [AU]	Craig McLachlan [AU]	W	9	6
Daniel Jarrett [AU]	Angus Johnson [AU]	L	9	7
Thanh Pham [AU]	Mathew masefield [AU]	L	0	1
Thanh Pham [AU]	Craig McLachlan [AU]	L	0	2
Thanh Pham [AU]	Megan Pusey [AU]	W	3	3
Thanh Pham [AU]	Cara-ann Smart [AU]	W	6	4
Thanh Pham [AU]	Anton Piccio [AU]	W	9	5
Thanh Pham [AU]	Duy Le [AU]	L	9	6
Thanh Pham [AU]	Ryan Tan [GB]	L	9	7
Erin Ryan [AU]	Aldo Anselmo [AU]	L	0	1
Erin Ryan [AU]	Dave Timlin [AU]	L	0	2
Erin Ryan [AU]	Benjamin Hall [AU]	L	0	3
Erin Ryan [AU]	Katie Clavarino [AU]	W	3	4
Erin Ryan [AU]	Tane Rose [AU]	W	6	5
Erin Ryan [AU]	Brayden Ryan [AU]	L	6	6
Erin Ryan [AU]	TJ Dixon [AU]	W	9	7
Megan Pusey [AU]	Brayden Ryan [AU]	L	0	1
Megan Pusey [AU]	Scott Free [AU]	L	0	2
Megan Pusey [AU]	Thanh Pham [AU]	L	0	3
Megan Pusey [AU]	Montanna O'Byrne [AU]	W	3	4
Megan Pusey [AU]	Scott Willmott [AU]	W	6	5
Megan Pusey [AU]	Kelvin Duong [AU]	L	6	6
Megan Pusey [AU]	Katie Clavarino [AU]	W	9	7
Shane Quinn [AU]	David Stevens [AU]	L	0	1
Shane Quinn [AU]	Robin Sangwan [AU]	L	0	2
Shane Quinn [AU]	Ongko Sriono [AU]	W	3	3
Shane Quinn [AU]	James Neilson [AU]	W	6	4
Shane Quinn [AU]	Angus Johnson [AU]	L	6	5
Shane Quinn [AU]	Jordan LaBrooy-Thierry [AU]	W	9	6
Shane Quinn [AU]	Kelvin Duong [AU]	L	9	7
Aldo Anselmo [AU]	Erin Ryan [AU]	W	3	1
Aldo Anselmo [AU]	Shaun Sewell [AU]	T	4	2
Aldo Anselmo [AU]	Mathew masefield [AU]	L	4	3
Aldo Anselmo [AU]	Kelvin Duong [AU]	T	5	4
Aldo Anselmo [AU]	Sophia Crunkhorn [AU]	L	5	5
Aldo Anselmo [AU]	Julian Luvara [AU]	W	8	6
Aldo Anselmo [AU]	Brayden Ryan [AU]	L	8	7
Jimmy Chen [AU]	Christine Ashkenazy [AU]	W	3	1
Jimmy Chen [AU]	TJ Dixon [AU]	T	4	2
Jimmy Chen [AU]	Sophia Crunkhorn [AU]	W	7	3
Jimmy Chen [AU]	Stephen Kirk [AU]	L	7	4
Jimmy Chen [AU]	Jacob Sparks [AU]	T	8	5
Jimmy Chen [AU]	Sameer Sangwan [AU]	L	8	6
Jimmy Chen [AU]	Jacob McSpadden [AU]	L	8	7
Sophia Crunkhorn [AU]	Jeremy L‚ÑπÔ∏èm ü§üüòéü§ü [AU]	W	3	1
Sophia Crunkhorn [AU]	Kelvin Duong [AU]	T	4	2
Sophia Crunkhorn [AU]	Jimmy Chen [AU]	L	4	3
Sophia Crunkhorn [AU]	Julian Luvara [AU]	T	5	4
Sophia Crunkhorn [AU]	Aldo Anselmo [AU]	W	8	5
Sophia Crunkhorn [AU]	Jacob Sparks [AU]	L	8	6
Sophia Crunkhorn [AU]	Brent Tonisson [AU]	L	8	7
Julian Luvara [AU]	Jordan LaBrooy-Thierry [AU]	W	3	1
Julian Luvara [AU]	Corey O‚ÄôLeary [AU]	T	4	2
Julian Luvara [AU]	Stephen Kirk [AU]	L	4	3
Julian Luvara [AU]	Sophia Crunkhorn [AU]	T	5	4
Julian Luvara [AU]	Sameer Sangwan [AU]	L	5	5
Julian Luvara [AU]	Aldo Anselmo [AU]	L	5	6
Julian Luvara [AU]	Scott Willmott [AU]	W	8	7
Justin Payne [AU]	Bradley Sachse [AU]	L	0	1
Justin Payne [AU]	Ongko Sriono [AU]	W	3	2
Justin Payne [AU]	Daniel Hing [AU]	T	4	3
Justin Payne [AU]	Derick Dao [AU]	L	4	4
Justin Payne [AU]	Jared Fischer-Rasmussen [AU]	L	4	5
Justin Payne [AU]	Robin Sangwan [AU]	W	7	6
Justin Payne [AU]	Luke Mayers [AU]	T	8	7
Peter Ghionis [AU]	Ehren Roebuck [AU]	L	0	1
Peter Ghionis [AU]	Jordan LaBrooy-Thierry [AU]	W	3	2
Peter Ghionis [AU]	Mitch Knuckey [AU]	L	3	3
Peter Ghionis [AU]	Max Prescott [AU]	W	6	4
Peter Ghionis [AU]	Scott Langford [AU]	L	6	5
Peter Ghionis [AU]	Anton Piccio [AU]	T	7	6
Peter Ghionis [AU]	Jeremy Cheyne [AU]	T	8	7
Jeremy Cheyne [AU]	Joko Wong [ID]	L	0	1
Jeremy Cheyne [AU]	Jack Oldfield [AU]	T	1	2
Jeremy Cheyne [AU]	Sam Hynes [AU]	L	1	3
Jeremy Cheyne [AU]	Scott Willmott [AU]	L	1	4
Jeremy Cheyne [AU]	Jayden Hipper [AU]	W	4	5
Jeremy Cheyne [AU]	James Neilson [AU]	W	7	6
Jeremy Cheyne [AU]	Peter Ghionis [AU]	T	8	7
Luke Mayers [AU]	James Pattison [AU]	T	1	1
Luke Mayers [AU]	Chris Blong [NZ]	W	4	2
Luke Mayers [AU]	Jacob Sparks [AU]	L	4	3
Luke Mayers [AU]	TJ Dixon [AU]	L	4	4
Luke Mayers [AU]	Keegan Burt [AU]	W	7	5
Luke Mayers [AU]	David Stevens [AU]	L	7	6
Luke Mayers [AU]	Justin Payne [AU]	T	8	7
Yasuyuki Handa [AU]	Benjamin Hall [AU]	W	3	1
Yasuyuki Handa [AU]	Darcy ü§° Ryan [AU]	L	3	2
Yasuyuki Handa [AU]	Ryan Tan [GB]	W	6	3
Yasuyuki Handa [AU]	Corey O‚ÄôLeary [AU]	L	6	4
Yasuyuki Handa [AU]	Ethan Lee [AU]	T	7	5
Yasuyuki Handa [AU]	Luke Schmitt [AU]	L	7	6
Yasuyuki Handa [AU]	Jordan Ung [AU]	L	7	7
TJ Dixon [AU]	Max Prescott [AU]	W	3	1
TJ Dixon [AU]	Jimmy Chen [AU]	T	4	2
TJ Dixon [AU]	Joshua Courtney [AU]	L	4	3
TJ Dixon [AU]	Luke Mayers [AU]	W	7	4
TJ Dixon [AU]	Sam Hynes [AU]	L	7	5
TJ Dixon [AU]	Ethan Lee [AU]	L	7	6
TJ Dixon [AU]	Erin Ryan [AU]	L	7	7
Anton Piccio [AU]	Jacob Sparks [AU]	T	1	1
Anton Piccio [AU]	Keegan Burt [AU]	T	2	2
Anton Piccio [AU]	Blake Lobina [AU]	W	5	3
Anton Piccio [AU]	Shaun Sewell [AU]	T	6	4
Anton Piccio [AU]	Thanh Pham [AU]	L	6	5
Anton Piccio [AU]	Peter Ghionis [AU]	T	7	6
Anton Piccio [AU]	Marco Giovannini [AU]	L	7	7
Jason van den Bergh [AU]	Jacob McSpadden [AU]	L	0	1
Jason van den Bergh [AU]	Montanna O'Byrne [AU]	W	3	2
Jason van den Bergh [AU]	Craig McLachlan [AU]	W	6	3
Jason van den Bergh [AU]	Dave Timlin [AU]	L	6	4
Jason van den Bergh [AU]	David Stevens [AU]	T	7	5
Jason van den Bergh [AU]	Jorge Soria [AU]	L	7	6
Jason van den Bergh [AU]	Scott Free [AU]	L	7	7
Alvin Hall [AU]	Jeremy Evans [AU]	L	0	1
Alvin Hall [AU]	Katie Clavarino [AU]	W	3	2
Alvin Hall [AU]	Angus Johnson [AU]	L	3	3
Alvin Hall [AU]	Scott Langford [AU]	L	3	4
Alvin Hall [AU]	Daniel Jarrett [AU]	L	3	5
Alvin Hall [AU]	Scott Willmott [AU]	T	4	6
Alvin Hall [AU]	Jack Oldfield [AU]	W	7	7
Cara-ann Smart [AU]	Benjamin Kouzas [AU]	L	0	1
Cara-ann Smart [AU]	Angus Johnson [AU]	L	0	2
Cara-ann Smart [AU]	Scott Willmott [AU]	W	3	3
Cara-ann Smart [AU]	Thanh Pham [AU]	L	3	4
Cara-ann Smart [AU]	James Neilson [AU]	T	4	5
Cara-ann Smart [AU]	Jacob McSpadden [AU]	L	4	6
Cara-ann Smart [AU]	Jayden Hipper [AU]	W	7	7
Jayden Cole [AU]	Jayden Hipper [AU]	W	3	1
Jayden Cole [AU]	Aaron-Lee Cole [AU]	L	3	2
Jayden Cole [AU]	Scott Free [AU]	T	4	3
Jayden Cole [AU]	Matthew Bray [AU]	L	4	4
Jayden Cole [AU]	Christine Ashkenazy [AU]	L	4	5
Jayden Cole [AU]	Jack Oldfield [AU]	W	7	6
Jayden Cole [AU]	Jared Fischer-Rasmussen [AU]	L	7	7
James Neilson [AU]	Jack Oldfield [AU]	W	3	1
James Neilson [AU]	Nick Bell [AU]	L	3	2
James Neilson [AU]	Jordan Ung [AU]	L	3	3
James Neilson [AU]	Shane Quinn [AU]	L	3	4
James Neilson [AU]	Cara-ann Smart [AU]	T	4	5
James Neilson [AU]	Jeremy Cheyne [AU]	L	4	6
James Neilson [AU]	Robin Sangwan [AU]	W	7	7
Christina Cao [AU]	Christian Hasbani [AU]	L	0	1
Christina Cao [AU]	Jordan Ung [AU]	L	0	2
Christina Cao [AU]	Jayden Hipper [AU]	W	3	3
Christina Cao [AU]	Christine Ashkenazy [AU]	W	6	4
Christina Cao [AU]	Jake Lazzari [AU]	L	6	5
Mitch Knuckey [AU]	Katie Clavarino [AU]	W	3	1
Mitch Knuckey [AU]	Bradley Sachse [AU]	L	3	2
Mitch Knuckey [AU]	Peter Ghionis [AU]	W	6	3
Mitch Knuckey [AU]	Joko Wong [ID]	L	6	4
Mitch Knuckey [AU]	Ryan Tan [GB]	L	6	5
Craig McLachlan [AU]	James Williams [AU]	L	0	1
Craig McLachlan [AU]	Thanh Pham [AU]	W	3	2
Craig McLachlan [AU]	Jason van den Bergh [AU]	L	3	3
Craig McLachlan [AU]	David Stevens [AU]	L	3	4
Craig McLachlan [AU]	Max Prescott [AU]	W	6	5
Craig McLachlan [AU]	Daniel Jarrett [AU]	L	6	6
Louis Pozzacchio [AU]	Daniel Jarrett [AU]	L	0	1
Louis Pozzacchio [AU]	Scott Willmott [AU]	W	3	2
Louis Pozzacchio [AU]	Chen Junhan [AU]	W	6	3
Louis Pozzacchio [AU]	Darcy ü§° Ryan [AU]	L	6	4
Louis Pozzacchio [AU]	Shaun Sewell [AU]	L	6	5
Christine Ashkenazy [AU]	Jimmy Chen [AU]	L	0	1
Christine Ashkenazy [AU]	Jared Fischer-Rasmussen [AU]	L	0	2
Christine Ashkenazy [AU]	Tane Rose [AU]	W	3	3
Christine Ashkenazy [AU]	Christina Cao [AU]	L	3	4
Christine Ashkenazy [AU]	Jayden Cole [AU]	W	6	5
Christine Ashkenazy [AU]	Geoff Woodhead [NZ]	L	6	6
Montanna O'Byrne [AU]	Jorge Soria [AU]	L	0	1
Montanna O'Byrne [AU]	Jason van den Bergh [AU]	L	0	2
Montanna O'Byrne [AU]	Blake Davies [AU]	L	0	3
Montanna O'Byrne [AU]	Megan Pusey [AU]	L	0	4
Montanna O'Byrne [AU]	Katie Clavarino [AU]	L	0	5
Montanna O'Byrne [AU]	BYE	W	3	6
Montanna O'Byrne [AU]	Ongko Sriono [AU]	W	6	7
Tane Rose [AU]	Paul Coletta [AU]	L	0	1
Tane Rose [AU]	Ryan Tan [GB]	L	0	2
Tane Rose [AU]	Christine Ashkenazy [AU]	L	0	3
Tane Rose [AU]	BYE	W	3	4
Tane Rose [AU]	Erin Ryan [AU]	L	3	5
Tane Rose [AU]	Jayden Hipper [AU]	W	6	6
Jordan LaBrooy-Thierry [AU]	Julian Luvara [AU]	L	0	1
Jordan LaBrooy-Thierry [AU]	Peter Ghionis [AU]	L	0	2
Jordan LaBrooy-Thierry [AU]	Katie Clavarino [AU]	W	3	3
Jordan LaBrooy-Thierry [AU]	Matthew Nichols [AU]	W	6	4
Jordan LaBrooy-Thierry [AU]	Blake Davies [AU]	L	6	5
Jordan LaBrooy-Thierry [AU]	Shane Quinn [AU]	L	6	6
Katie Clavarino [AU]	Mitch Knuckey [AU]	L	0	1
Katie Clavarino [AU]	Alvin Hall [AU]	L	0	2
Katie Clavarino [AU]	Jordan LaBrooy-Thierry [AU]	L	0	3
Katie Clavarino [AU]	Erin Ryan [AU]	L	0	4
Katie Clavarino [AU]	Montanna O'Byrne [AU]	W	3	5
Katie Clavarino [AU]	Ongko Sriono [AU]	W	6	6
Katie Clavarino [AU]	Megan Pusey [AU]	L	6	7
Jeremy L‚ÑπÔ∏èm ü§üüòéü§ü [AU]	Sophia Crunkhorn [AU]	L	0	1
Jeremy L‚ÑπÔ∏èm ü§üüòéü§ü [AU]	Blake Davies [AU]	W	3	2
Jeremy L‚ÑπÔ∏èm ü§üüòéü§ü [AU]	Derick Dao [AU]	T	4	3
Jeremy L‚ÑπÔ∏èm ü§üüòéü§ü [AU]	Daniel Ross-Brown [AU]	L	4	4
Jeremy L‚ÑπÔ∏èm ü§üüòéü§ü [AU]	Luke Schmitt [AU]	L	4	5
Robin Sangwan [AU]	Sam Clayfield [AU]	L	0	1
Robin Sangwan [AU]	Shane Quinn [AU]	W	3	2
Robin Sangwan [AU]	Matthew Bray [AU]	T	4	3
Robin Sangwan [AU]	Sam Hynes [AU]	L	4	4
Robin Sangwan [AU]	Daniel Hing [AU]	L	4	5
Robin Sangwan [AU]	Justin Payne [AU]	L	4	6
Robin Sangwan [AU]	James Neilson [AU]	L	4	7
Keegan Burt [AU]	Luke Schmitt [AU]	T	1	1
Keegan Burt [AU]	Anton Piccio [AU]	T	2	2
Keegan Burt [AU]	Hayden Price [AU]	T	3	3
Keegan Burt [AU]	Jared Fischer-Rasmussen [AU]	T	4	4
Keegan Burt [AU]	Luke Mayers [AU]	L	4	5
Jack Oldfield [AU]	James Neilson [AU]	L	0	1
Jack Oldfield [AU]	Jeremy Cheyne [AU]	T	1	2
Jack Oldfield [AU]	Corey O‚ÄôLeary [AU]	L	1	3
Jack Oldfield [AU]	Sameer Sangwan [AU]	L	1	4
Jack Oldfield [AU]	Ongko Sriono [AU]	W	4	5
Jack Oldfield [AU]	Jayden Cole [AU]	L	4	6
Jack Oldfield [AU]	Alvin Hall [AU]	L	4	7
Scott Willmott [AU]	Lewis Stevens [AU]	L	0	1
Scott Willmott [AU]	Louis Pozzacchio [AU]	L	0	2
Scott Willmott [AU]	Cara-ann Smart [AU]	L	0	3
Scott Willmott [AU]	Jeremy Cheyne [AU]	W	3	4
Scott Willmott [AU]	Megan Pusey [AU]	L	3	5
Scott Willmott [AU]	Alvin Hall [AU]	T	4	6
Scott Willmott [AU]	Julian Luvara [AU]	L	4	7
Matthew Nichols [AU]	Corey Munro [AU]	L	0	1
Matthew Nichols [AU]	Derick Dao [AU]	L	0	2
Matthew Nichols [AU]	BYE	W	3	3
Matthew Nichols [AU]	Jordan LaBrooy-Thierry [AU]	L	3	4
Matthew Nichols [AU]	Geoff Woodhead [NZ]	L	3	5
Chen Junhan [AU]	Jared Fischer-Rasmussen [AU]	W	3	1
Chen Junhan [AU]	Brent Tonisson [AU]	L	3	2
Chen Junhan [AU]	Louis Pozzacchio [AU]	L	3	3
Chen Junhan [AU]	Benjamin Hall [AU]	L	3	4
Max Prescott [AU]	TJ Dixon [AU]	L	0	1
Max Prescott [AU]	Benjamin Hall [AU]	W	3	2
Max Prescott [AU]	Ehren Roebuck [AU]	L	3	3
Max Prescott [AU]	Peter Ghionis [AU]	L	3	4
Max Prescott [AU]	Craig McLachlan [AU]	L	3	5
Blake Lobina [AU]	Marco Giovannini [AU]	T	1	1
Blake Lobina [AU]	Hayden Price [AU]	T	2	2
Blake Lobina [AU]	Anton Piccio [AU]	L	2	3
Blake Lobina [AU]	Geoff Woodhead [NZ]	T	3	4
Hayden Price [AU]	Anthony Tsang [AU]	T	1	1
Hayden Price [AU]	Blake Lobina [AU]	T	2	2
Hayden Price [AU]	Keegan Burt [AU]	T	3	3
Hayden Price [AU]	Blake Davies [AU]	L	3	4
James Pattison [AU]	Luke Mayers [AU]	T	1	1
James Pattison [AU]	Joshua Courtney [AU]	L	1	2
James Pattison [AU]	Daniel Ross-Brown [AU]	L	1	3
Jayden Hipper [AU]	Jayden Cole [AU]	L	0	1
Jayden Hipper [AU]	Scott Langford [AU]	L	0	2
Jayden Hipper [AU]	Christina Cao [AU]	L	0	3
Jayden Hipper [AU]	Ongko Sriono [AU]	T	1	4
Jayden Hipper [AU]	Jeremy Cheyne [AU]	L	1	5
Jayden Hipper [AU]	Tane Rose [AU]	L	1	6
Jayden Hipper [AU]	Cara-ann Smart [AU]	L	1	7
Ongko Sriono [AU]	Chee How Liew [AU]	L	0	1
Ongko Sriono [AU]	Justin Payne [AU]	L	0	2
Ongko Sriono [AU]	Shane Quinn [AU]	L	0	3
Ongko Sriono [AU]	Jayden Hipper [AU]	T	1	4
Ongko Sriono [AU]	Jack Oldfield [AU]	L	1	5
Ongko Sriono [AU]	Katie Clavarino [AU]	L	1	6
Ongko Sriono [AU]	Montanna O'Byrne [AU]	L	1	7
Chris Blong [NZ]	Shaun Sewell [AU]	L	0	1
Chris Blong [NZ]	Luke Mayers [AU]	L	0	2
Abe Morales [US]	Nick Bell [AU]	L	0	1
Abe Morales [US]	Matthew Bray [AU]	L	0	2
Abe Morales [US]	Marco Giovannini [AU]	L	0	3
