Dalton Acchetta	Braulio Benedito	W	3	1
Dalton Acchetta	Rodolfo Ferreira	T	4	2
Dalton Acchetta	Victor hugo Pasqualino de Carvalho	W	7	3
Dalton Acchetta	Thiago Burda Mayer	W	10	4
Dalton Acchetta	João Vitor De Sá Medeiros Santos	L	10	5
Dalton Acchetta	Winston Chiba	W	13	6
Dalton Acchetta	lucas santos	W	16	7
Dalton Acchetta	Raissa Arruda	W	19	8
Dalton Acchetta	Patricia Gonzalez Walsh	W	22	9
Dalton Acchetta	Giovanni Peragallo	T	23	10
Dalton Acchetta	Leonardo Nascimento	W	26	11
Dalton Acchetta	Felipe Beraldo	W	29	12
Dalton Acchetta	Patricia Gonzalez Walsh	T	30	13
Dalton Acchetta	Pedro Pertusi	T	31	14
Dalton Acchetta	Caio Navarro	W	34	15
Dalton Acchetta	Pedro Pertusi	W	37	16
Dalton Acchetta	Raissa Arruda	W	40	17
Raissa Arruda	Marcus Ramos	T	1	1
Raissa Arruda	Mateus Reis	W	4	2
Raissa Arruda	Marcelo Pacaje	W	7	3
Raissa Arruda	André Miranda	W	10	4
Raissa Arruda	Patricia Gonzalez Walsh	L	10	5
Raissa Arruda	Thiago Burda Mayer	W	13	6
Raissa Arruda	Leandro Fernandes	W	16	7
Raissa Arruda	Dalton Acchetta	L	16	8
Raissa Arruda	Cássio Mussulini	W	19	9
Raissa Arruda	gustavo wada	W	22	10
Raissa Arruda	Marcelo Pacaje	W	25	11
Raissa Arruda	Leonardo Nascimento	W	28	12
Raissa Arruda	Giovanni Peragallo	T	29	13
Raissa Arruda	Felipe Beraldo	T	30	14
Raissa Arruda	Felipe Beraldo	W	33	15
Raissa Arruda	Patricia Gonzalez Walsh	W	36	16
Raissa Arruda	Dalton Acchetta	L	36	17
Pedro Pertusi	Gabriel Ienaga	T	1	1
Pedro Pertusi	Dhiego Garcia	T	2	2
Pedro Pertusi	Ignacio Rzeszut	W	5	3
Pedro Pertusi	EDUARDO DORCINIO	L	5	4
Pedro Pertusi	MARCELO SABIA	W	8	5
Pedro Pertusi	Lucca Garcia	W	11	6
Pedro Pertusi	Fellipe Da Costa	W	14	7
Pedro Pertusi	André Miranda	W	17	8
Pedro Pertusi	Ricardo Felipe	W	20	9
Pedro Pertusi	Lucas Matheus	W	23	10
Pedro Pertusi	Rodolfo Ferreira	W	26	11
Pedro Pertusi	Giovanni Peragallo	L	26	12
Pedro Pertusi	Pedro Lacerda	W	29	13
Pedro Pertusi	Dalton Acchetta	T	30	14
Pedro Pertusi	gustavo wada	W	33	15
Pedro Pertusi	Dalton Acchetta	L	33	16
Patricia Gonzalez Walsh	Diego Zaicovski	T	1	1
Patricia Gonzalez Walsh	Tiarles Assis	W	4	2
Patricia Gonzalez Walsh	Diego Barbosa	W	7	3
Patricia Gonzalez Walsh	Marlon Luis Aver	W	10	4
Patricia Gonzalez Walsh	Raissa Arruda	W	13	5
Patricia Gonzalez Walsh	Leandro Fernandes	W	16	6
Patricia Gonzalez Walsh	Felipe Urias	W	19	7
Patricia Gonzalez Walsh	Giovanni Peragallo	T	20	8
Patricia Gonzalez Walsh	Dalton Acchetta	L	20	9
Patricia Gonzalez Walsh	Atila Augusto	L	20	10
Patricia Gonzalez Walsh	Ricardo Vilela	W	23	11
Patricia Gonzalez Walsh	Joao Bastos	W	26	12
Patricia Gonzalez Walsh	Dalton Acchetta	T	27	13
Patricia Gonzalez Walsh	Marcelo Pacaje	W	30	14
Patricia Gonzalez Walsh	Giovanni Peragallo	W	33	15
Patricia Gonzalez Walsh	Raissa Arruda	L	33	16
Giovanni Peragallo	Luis Pedro Ferrari Esbadalate	W	3	1
Giovanni Peragallo	Nikolas Sales	W	6	2
Giovanni Peragallo	Paulo Gouveia de Freitas	W	9	3
Giovanni Peragallo	Marcelo Cansian	W	12	4
Giovanni Peragallo	facundo facio	W	15	5
Giovanni Peragallo	Felipe Beraldo	W	18	6
Giovanni Peragallo	Agustín Campo	W	21	7
Giovanni Peragallo	Patricia Gonzalez Walsh	T	22	8
Giovanni Peragallo	Leonardo Nascimento	W	25	9
Giovanni Peragallo	Dalton Acchetta	T	26	10
Giovanni Peragallo	Felipe Beraldo	T	27	11
Giovanni Peragallo	Pedro Pertusi	W	30	12
Giovanni Peragallo	Raissa Arruda	T	31	13
Giovanni Peragallo	Caio Navarro	T	32	14
Giovanni Peragallo	Patricia Gonzalez Walsh	L	32	15
gustavo wada	José Paulo Reis Júnior	W	3	1
gustavo wada	Jonathan de Carvalho	W	6	2
gustavo wada	Leonardo Oliveira	W	9	3
gustavo wada	Cauan Oliveira	W	12	4
gustavo wada	Guilherme Banevicius	W	15	5
gustavo wada	Agustín Campo	L	15	6
gustavo wada	Augusto Beringuer	W	18	7
gustavo wada	Leonardo Nascimento	L	18	8
gustavo wada	Felipe Urias	T	19	9
gustavo wada	Raissa Arruda	L	19	10
gustavo wada	Fernando Campista	W	22	11
gustavo wada	Felipe Urias	W	25	12
gustavo wada	Atila Augusto	W	28	13
gustavo wada	Paulo Gouveia de Freitas	W	31	14
gustavo wada	Pedro Pertusi	L	31	15
Felipe Beraldo	Damian Fernandez Urroz	W	3	1
Felipe Beraldo	BRUNO PARTALA	W	6	2
Felipe Beraldo	Ian Fukuda	W	9	3
Felipe Beraldo	Juliana Alves Marques	W	12	4
Felipe Beraldo	Pedro Dossi	W	15	5
Felipe Beraldo	Giovanni Peragallo	L	15	6
Felipe Beraldo	facundo facio	W	18	7
Felipe Beraldo	Pedro Lacerda	T	19	8
Felipe Beraldo	Joao Bastos	W	22	9
Felipe Beraldo	Rodolfo Ferreira	W	25	10
Felipe Beraldo	Giovanni Peragallo	T	26	11
Felipe Beraldo	Dalton Acchetta	L	26	12
Felipe Beraldo	Pedro Dossi	W	29	13
Felipe Beraldo	Raissa Arruda	T	30	14
Felipe Beraldo	Raissa Arruda	L	30	15
Caio Navarro	thiago santos	W	3	1
Caio Navarro	Cauan Oliveira	L	3	2
Caio Navarro	Carlos Barros	W	6	3
Caio Navarro	Alexandre Braga	W	9	4
Caio Navarro	Nikolas Sales	W	12	5
Caio Navarro	Rafael Yuiti	W	15	6
Caio Navarro	William Azevedo	W	18	7
Caio Navarro	Joao Bastos	T	19	8
Caio Navarro	Ricardo Vilela	T	20	9
Caio Navarro	Leonardo Nascimento	L	20	10
Caio Navarro	Lucas Matheus	W	23	11
Caio Navarro	gabriel land	W	26	12
Caio Navarro	Guilherme Cazzonato	W	29	13
Caio Navarro	Giovanni Peragallo	T	30	14
Caio Navarro	Dalton Acchetta	L	30	15
gabriel land	Ariel Oliveira	W	3	1
gabriel land	Francisco Bruno Silva Sousa	T	4	2
gabriel land	Soly Waltrick Antunes Neto	W	7	3
gabriel land	Israel Escorizza	T	8	4
gabriel land	Diego Cassiraga	T	9	5
gabriel land	Felipe Longo	T	10	6
gabriel land	Victor hugo Pasqualino de Carvalho	W	13	7
gabriel land	thiago santos	W	16	8
gabriel land	Agustín Campo	W	19	9
gabriel land	Augusto Beringuer	T	20	10
gabriel land	Pedro Mallet	W	23	11
gabriel land	Caio Navarro	L	23	12
gabriel land	Ricardo Vilela	W	26	13
gabriel land	Pedro Lacerda	W	29	14
Pedro Dossi	Rodrigo Moraes	W	3	1
Pedro Dossi	Andrey Nogueira	W	6	2
Pedro Dossi	Augusto Beringuer	W	9	3
Pedro Dossi	Leonardo Nascimento	W	12	4
Pedro Dossi	Felipe Beraldo	L	12	5
Pedro Dossi	William Azevedo	L	12	6
Pedro Dossi	João Vidal	W	15	7
Pedro Dossi	Rodrigo Coltro	W	18	8
Pedro Dossi	Marcelo Pacaje	T	19	9
Pedro Dossi	Joao Bastos	T	20	10
Pedro Dossi	Paulo Gouveia de Freitas	W	23	11
Pedro Dossi	Augusto Beringuer	W	26	12
Pedro Dossi	Felipe Beraldo	L	26	13
Pedro Dossi	Guilherme Cazzonato	W	29	14
Augusto Beringuer	Fernando Souza	W	3	1
Augusto Beringuer	Alexandre Braga	W	6	2
Augusto Beringuer	Pedro Dossi	L	6	3
Augusto Beringuer	Manuel Alcaíno	W	9	4
Augusto Beringuer	Kevin Souza	W	12	5
Augusto Beringuer	Cauan Oliveira	W	15	6
Augusto Beringuer	gustavo wada	L	15	7
Augusto Beringuer	Damian Fernandez Urroz	W	18	8
Augusto Beringuer	Pedro Turra	T	19	9
Augusto Beringuer	gabriel land	T	20	10
Augusto Beringuer	Gabriel Padinha	W	23	11
Augusto Beringuer	Pedro Dossi	L	23	12
Augusto Beringuer	facundo facio	W	26	13
Augusto Beringuer	Damian Fernandez Urroz	W	29	14
Felipe Urias	Adriano Okraszewska	W	3	1
Felipe Urias	heitor duperron	W	6	2
Felipe Urias	Nicolas Ricardo Reiter	W	9	3
Felipe Urias	William Azevedo	L	9	4
Felipe Urias	Igor Araujo	W	12	5
Felipe Urias	Paulo Gouveia de Freitas	W	15	6
Felipe Urias	Patricia Gonzalez Walsh	L	15	7
Felipe Urias	Paulo Anderson	W	18	8
Felipe Urias	gustavo wada	T	19	9
Felipe Urias	Marcelo Pacaje	L	19	10
Felipe Urias	Damian Fernandez Urroz	W	22	11
Felipe Urias	gustavo wada	L	22	12
Felipe Urias	Rodolfo Ferreira	W	25	13
Felipe Urias	Atila Augusto	W	28	14
Diego Cassiraga	Yoanis Kovelis	W	3	1
Diego Cassiraga	Guilherme Palitos	W	6	2
Diego Cassiraga	João Vitor De Sá Medeiros Santos	T	7	3
Diego Cassiraga	Pedro Turra	T	8	4
Diego Cassiraga	gabriel land	T	9	5
Diego Cassiraga	Ian Fukuda	W	12	6
Diego Cassiraga	Murilo Mercadante	W	15	7
Diego Cassiraga	heitor duperron	T	16	8
Diego Cassiraga	Ribamar José Bassan Filho	W	19	9
Diego Cassiraga	Pedro Turra	L	19	10
Diego Cassiraga	facundo facio	L	19	11
Diego Cassiraga	Fernando Campista	W	22	12
Diego Cassiraga	Cristofer Lima	W	25	13
Diego Cassiraga	Leonardo Nascimento	W	28	14
Lucas Matheus	Mauricio Rio	W	3	1
Lucas Matheus	Nicolas Volpi	L	3	2
Lucas Matheus	Diego Franche	T	4	3
Lucas Matheus	Carlos Lopes	W	7	4
Lucas Matheus	Jéssica Targino	W	10	5
Lucas Matheus	André Miranda	T	11	6
Lucas Matheus	Gabriel Pino Semedo	W	14	7
Lucas Matheus	Gabriel Eduardo Reiter	W	17	8
Lucas Matheus	Vinicius Lopes de Souza Lopes de Souza	W	20	9
Lucas Matheus	Pedro Pertusi	L	20	10
Lucas Matheus	Caio Navarro	L	20	11
Lucas Matheus	Cristofer Lima	W	23	12
Lucas Matheus	Joao Bastos	T	24	13
Lucas Matheus	Guilherme Banevicius	W	27	14
Paulo Gouveia de Freitas	Carlos Lopes	W	3	1
Paulo Gouveia de Freitas	Lucas Cunha	W	6	2
Paulo Gouveia de Freitas	Giovanni Peragallo	L	6	3
Paulo Gouveia de Freitas	Thalles Scheffer	W	9	4
Paulo Gouveia de Freitas	João Vidal	W	12	5
Paulo Gouveia de Freitas	Felipe Urias	L	12	6
Paulo Gouveia de Freitas	Karolina Kruger	W	15	7
Paulo Gouveia de Freitas	Alexandre Sugano	L	15	8
Paulo Gouveia de Freitas	Jean Junior	W	18	9
Paulo Gouveia de Freitas	Guilherme Banevicius	W	21	10
Paulo Gouveia de Freitas	Pedro Dossi	L	21	11
Paulo Gouveia de Freitas	Rodolfo Ferreira	W	24	12
Paulo Gouveia de Freitas	Leonardo Nascimento	W	27	13
Paulo Gouveia de Freitas	gustavo wada	L	27	14
Marcelo Pacaje	Jéssica Targino	W	3	1
Marcelo Pacaje	Atila Augusto	W	6	2
Marcelo Pacaje	Raissa Arruda	L	6	3
Marcelo Pacaje	Paulo Anderson	L	6	4
Marcelo Pacaje	Fernando Gonçalves	W	9	5
Marcelo Pacaje	Michel Barbosa	W	12	6
Marcelo Pacaje	Angel Aranibar Huamaní	W	15	7
Marcelo Pacaje	William Azevedo	W	18	8
Marcelo Pacaje	Pedro Dossi	T	19	9
Marcelo Pacaje	Felipe Urias	W	22	10
Marcelo Pacaje	Raissa Arruda	L	22	11
Marcelo Pacaje	facundo facio	T	23	12
Marcelo Pacaje	Pedro Mallet	W	26	13
Marcelo Pacaje	Patricia Gonzalez Walsh	L	26	14
Guilherme Cazzonato	Kevin Tournon	W	3	1
Guilherme Cazzonato	Luiz Eduardo Brum Carrion	W	6	2
Guilherme Cazzonato	Nicolas Volpi	W	9	3
Guilherme Cazzonato	Gabriel Roide	T	10	4
Guilherme Cazzonato	William Azevedo	W	13	5
Guilherme Cazzonato	João Vitor De Sá Medeiros Santos	T	14	6
Guilherme Cazzonato	Vinicius Lopes de Souza Lopes de Souza	T	15	7
Guilherme Cazzonato	Fernando Campista	W	18	8
Guilherme Cazzonato	Alexandre Sugano	T	19	9
Guilherme Cazzonato	facundo facio	W	22	10
Guilherme Cazzonato	Atila Augusto	W	25	11
Guilherme Cazzonato	Pedro Lacerda	T	26	12
Guilherme Cazzonato	Caio Navarro	L	26	13
Guilherme Cazzonato	Pedro Dossi	L	26	14
Ricardo Vilela	José Roberto Favato	T	1	1
Ricardo Vilela	Emmanoel Amaral da Silva	W	4	2
Ricardo Vilela	Matheus Rui	W	7	3
Ricardo Vilela	Gabriel Pino Semedo	T	8	4
Ricardo Vilela	Israel Escorizza	W	11	5
Ricardo Vilela	João Vitor Munhak	W	14	6
Ricardo Vilela	Gabriel Roide	W	17	7
Ricardo Vilela	Pedro Turra	T	18	8
Ricardo Vilela	Caio Navarro	T	19	9
Ricardo Vilela	Pedro Mallet	T	20	10
Ricardo Vilela	Patricia Gonzalez Walsh	L	20	11
Ricardo Vilela	Guilherme Banevicius	W	23	12
Ricardo Vilela	gabriel land	L	23	13
Ricardo Vilela	facundo facio	W	26	14
Pedro Lacerda	Gabriel Crispim Carneiro	W	3	1
Pedro Lacerda	Vitor Lugon Cacciari Martinelli	W	6	2
Pedro Lacerda	Marcelo Cansian	L	6	3
Pedro Lacerda	Nicolas Buczak	W	9	4
Pedro Lacerda	Leonardo Oliveira	W	12	5
Pedro Lacerda	Paulo Anderson	W	15	6
Pedro Lacerda	heitor duperron	W	18	7
Pedro Lacerda	Felipe Beraldo	T	19	8
Pedro Lacerda	Rodolfo Ferreira	L	19	9
Pedro Lacerda	Alexandre Sugano	W	22	10
Pedro Lacerda	Pedro Turra	W	25	11
Pedro Lacerda	Guilherme Cazzonato	T	26	12
Pedro Lacerda	Pedro Pertusi	L	26	13
Pedro Lacerda	gabriel land	L	26	14
Pedro Mallet	Esteban O’Compley	W	3	1
Pedro Mallet	Ricardo Pereira Celebroni	W	6	2
Pedro Mallet	André Miranda	T	7	3
Pedro Mallet	João Vitor De Sá Medeiros Santos	L	7	4
Pedro Mallet	Winston Chiba	L	7	5
Pedro Mallet	Gabriel Ienaga	W	10	6
Pedro Mallet	Diego Franche	W	13	7
Pedro Mallet	Ariel Oliveira	W	16	8
Pedro Mallet	Andre Gnipper	W	19	9
Pedro Mallet	Ricardo Vilela	T	20	10
Pedro Mallet	gabriel land	L	20	11
Pedro Mallet	Gabriel Padinha	W	23	12
Pedro Mallet	Marcelo Pacaje	L	23	13
Pedro Mallet	Joao Bastos	W	26	14
Atila Augusto	Jonas Silva	W	3	1
Atila Augusto	Marcelo Pacaje	L	3	2
Atila Augusto	Winston Chiba	L	3	3
Atila Augusto	Bruno Souza	W	6	4
Atila Augusto	Raul Bratti	W	9	5
Atila Augusto	Douglas Torgo Fabretti	W	12	6
Atila Augusto	Nikolas Sales	W	15	7
Atila Augusto	Diogo Marchiori	W	18	8
Atila Augusto	facundo facio	T	19	9
Atila Augusto	Patricia Gonzalez Walsh	W	22	10
Atila Augusto	Guilherme Cazzonato	L	22	11
Atila Augusto	Pedro Turra	W	25	12
Atila Augusto	gustavo wada	L	25	13
Atila Augusto	Felipe Urias	L	25	14
Damian Fernandez Urroz	Felipe Beraldo	L	0	1
Damian Fernandez Urroz	Fernando Souza	W	3	2
Damian Fernandez Urroz	Pedro Henrique Guatura Darlan	W	6	3
Damian Fernandez Urroz	Renan Rudney	W	9	4
Damian Fernandez Urroz	VINICIUS GOMES	W	12	5
Damian Fernandez Urroz	Ricardo Felipe	L	12	6
Damian Fernandez Urroz	Rafael Yuiti	W	15	7
Damian Fernandez Urroz	Augusto Beringuer	L	15	8
Damian Fernandez Urroz	Marcelo Cansian	W	18	9
Damian Fernandez Urroz	Fernando Campista	T	19	10
Damian Fernandez Urroz	Felipe Urias	L	19	11
Damian Fernandez Urroz	Alexandre Sugano	W	22	12
Damian Fernandez Urroz	Pedro Turra	W	25	13
Damian Fernandez Urroz	Augusto Beringuer	L	25	14
Fernando Campista	Felipe Longo	W	3	1
Fernando Campista	Ezequiel Jerez	W	6	2
Fernando Campista	Thomas Coroa	W	9	3
Fernando Campista	Agustín Campo	L	9	4
Fernando Campista	Nicolas Ricardo Reiter	W	12	5
Fernando Campista	facundo facio	L	12	6
Fernando Campista	João Pedro Medeiros Zambrano	W	15	7
Fernando Campista	Guilherme Cazzonato	L	15	8
Fernando Campista	Adriano Mazzarolo	W	18	9
Fernando Campista	Damian Fernandez Urroz	T	19	10
Fernando Campista	gustavo wada	L	19	11
Fernando Campista	Diego Cassiraga	L	19	12
Fernando Campista	Alexandre Sugano	W	22	13
Fernando Campista	Rodolfo Ferreira	W	25	14
Pedro Turra	Luciano Pinheiro	W	3	1
Pedro Turra	Thiago Silva	W	6	2
Pedro Turra	Ribamar José Bassan Filho	T	7	3
Pedro Turra	Diego Cassiraga	T	8	4
Pedro Turra	EDUARDO DORCINIO	W	11	5
Pedro Turra	Fellipe Da Costa	W	14	6
Pedro Turra	João Vitor De Sá Medeiros Santos	W	17	7
Pedro Turra	Ricardo Vilela	T	18	8
Pedro Turra	Augusto Beringuer	T	19	9
Pedro Turra	Diego Cassiraga	W	22	10
Pedro Turra	Pedro Lacerda	L	22	11
Pedro Turra	Atila Augusto	L	22	12
Pedro Turra	Damian Fernandez Urroz	L	22	13
Pedro Turra	Gabriel Padinha	W	25	14
Leonardo Nascimento	fabio cozzolino	W	3	1
Leonardo Nascimento	Lucas Magalhães	W	6	2
Leonardo Nascimento	Rodrigo Coltro	W	9	3
Leonardo Nascimento	Pedro Dossi	L	9	4
Leonardo Nascimento	Angel Aranibar Huamaní	W	12	5
Leonardo Nascimento	Guilherme Banevicius	W	15	6
Leonardo Nascimento	Ricardo Felipe	W	18	7
Leonardo Nascimento	gustavo wada	W	21	8
Leonardo Nascimento	Giovanni Peragallo	L	21	9
Leonardo Nascimento	Caio Navarro	W	24	10
Leonardo Nascimento	Dalton Acchetta	L	24	11
Leonardo Nascimento	Raissa Arruda	L	24	12
Leonardo Nascimento	Paulo Gouveia de Freitas	L	24	13
Leonardo Nascimento	Diego Cassiraga	L	24	14
Joao Bastos	Leonardo Walbrinch	W	3	1
Joao Bastos	Ribamar José Bassan Filho	L	3	2
Joao Bastos	Vitoria Mialski	W	6	3
Joao Bastos	Rodrigo Ciulla	W	9	4
Joao Bastos	Luiz Eduardo Brum Carrion	W	12	5
Joao Bastos	Alexandre Sugano	W	15	6
Joao Bastos	Rodrigo Coltro	W	18	7
Joao Bastos	Caio Navarro	T	19	8
Joao Bastos	Felipe Beraldo	L	19	9
Joao Bastos	Pedro Dossi	T	20	10
Joao Bastos	Cristofer Lima	W	23	11
Joao Bastos	Patricia Gonzalez Walsh	L	23	12
Joao Bastos	Lucas Matheus	T	24	13
Joao Bastos	Pedro Mallet	L	24	14
Guilherme Banevicius	Vinicius Lopes de Souza Lopes de Souza	W	3	1
Guilherme Banevicius	Pedro Henrique Guatura Darlan	W	6	2
Guilherme Banevicius	Manuel Alcaíno	W	9	3
Guilherme Banevicius	Rafael Yuiti	W	12	4
Guilherme Banevicius	gustavo wada	L	12	5
Guilherme Banevicius	Leonardo Nascimento	L	12	6
Guilherme Banevicius	Leonardo Walbrinch	W	15	7
Guilherme Banevicius	facundo facio	L	15	8
Guilherme Banevicius	EDUARDO DORCINIO	W	18	9
Guilherme Banevicius	Paulo Gouveia de Freitas	L	18	10
Guilherme Banevicius	Alexandre Sugano	W	21	11
Guilherme Banevicius	Ricardo Vilela	L	21	12
Guilherme Banevicius	Gabriel Padinha	W	24	13
Guilherme Banevicius	Lucas Matheus	L	24	14
facundo facio	Mateus Ferreira	W	3	1
facundo facio	Luis Delgado	W	6	2
facundo facio	Lucas Back	W	9	3
facundo facio	Jose Santos	W	12	4
facundo facio	Giovanni Peragallo	L	12	5
facundo facio	Fernando Campista	W	15	6
facundo facio	Felipe Beraldo	L	15	7
facundo facio	Guilherme Banevicius	W	18	8
facundo facio	Atila Augusto	T	19	9
facundo facio	Guilherme Cazzonato	L	19	10
facundo facio	Diego Cassiraga	W	22	11
facundo facio	Marcelo Pacaje	T	23	12
facundo facio	Augusto Beringuer	L	23	13
facundo facio	Ricardo Vilela	L	23	14
Rodolfo Ferreira	Raul Bratti	W	3	1
Rodolfo Ferreira	Dalton Acchetta	T	4	2
Rodolfo Ferreira	Maurício Pereira	W	7	3
Rodolfo Ferreira	Ribamar José Bassan Filho	W	10	4
Rodolfo Ferreira	Alexandre Sugano	L	10	5
Rodolfo Ferreira	Yasmin Cipelli	W	13	6
Rodolfo Ferreira	Erick Fava dos Reis Figueiredo Dias	W	16	7
Rodolfo Ferreira	Agustín Campo	W	19	8
Rodolfo Ferreira	Pedro Lacerda	W	22	9
Rodolfo Ferreira	Felipe Beraldo	L	22	10
Rodolfo Ferreira	Pedro Pertusi	L	22	11
Rodolfo Ferreira	Paulo Gouveia de Freitas	L	22	12
Rodolfo Ferreira	Felipe Urias	L	22	13
Rodolfo Ferreira	Fernando Campista	L	22	14
Alexandre Sugano	Diogo Avilla Sá	W	3	1
Alexandre Sugano	Gabriel Eduardo Reiter	W	6	2
Alexandre Sugano	Rodrigo Ciulla	W	9	3
Alexandre Sugano	Leandro Fernandes	L	9	4
Alexandre Sugano	Rodolfo Ferreira	W	12	5
Alexandre Sugano	Joao Bastos	L	12	6
Alexandre Sugano	Claudio Ferla	W	15	7
Alexandre Sugano	Paulo Gouveia de Freitas	W	18	8
Alexandre Sugano	Guilherme Cazzonato	T	19	9
Alexandre Sugano	Pedro Lacerda	L	19	10
Alexandre Sugano	Guilherme Banevicius	L	19	11
Alexandre Sugano	Damian Fernandez Urroz	L	19	12
Alexandre Sugano	Fernando Campista	L	19	13
Alexandre Sugano	Cristofer Lima	W	22	14
Gabriel Padinha	Bruno De Lucena	W	3	1
Gabriel Padinha	Gabriel Roide	L	3	2
Gabriel Padinha	Carlos Lopes	T	4	3
Gabriel Padinha	Yoanis Kovelis	W	7	4
Gabriel Padinha	Diego Barbosa	W	10	5
Gabriel Padinha	Karolina Kruger	L	10	6
Gabriel Padinha	Andrew Ariel Dias	W	13	7
Gabriel Padinha	Erick Fava dos Reis Figueiredo Dias	W	16	8
Gabriel Padinha	heitor duperron	W	19	9
Gabriel Padinha	Cristofer Lima	T	20	10
Gabriel Padinha	Augusto Beringuer	L	20	11
Gabriel Padinha	Pedro Mallet	L	20	12
Gabriel Padinha	Guilherme Banevicius	L	20	13
Gabriel Padinha	Pedro Turra	L	20	14
Cristofer Lima	Thiago Burda Mayer	L	0	1
Cristofer Lima	João Pedro do Couto Caetano	W	3	2
Cristofer Lima	Ruan silva da silva	T	4	3
Cristofer Lima	Tiarles Assis	W	7	4
Cristofer Lima	lucas santos	L	7	5
Cristofer Lima	LUCAS PEDREIRA SILVEIRA	W	10	6
Cristofer Lima	Winston Chiba	W	13	7
Cristofer Lima	Leandro Fernandes	W	16	8
Cristofer Lima	Guilherme Palitos	W	19	9
Cristofer Lima	Gabriel Padinha	T	20	10
Cristofer Lima	Joao Bastos	L	20	11
Cristofer Lima	Lucas Matheus	L	20	12
Cristofer Lima	Diego Cassiraga	L	20	13
Cristofer Lima	Alexandre Sugano	L	20	14
Rafael Yuiti	Jairo Borges Filho	W	3	1
Rafael Yuiti	Lucca Garcia	W	6	2
Rafael Yuiti	Diogo Marchiori	W	9	3
Rafael Yuiti	Guilherme Banevicius	L	9	4
Rafael Yuiti	Lucas Back	W	12	5
Rafael Yuiti	Caio Navarro	L	12	6
Rafael Yuiti	Damian Fernandez Urroz	L	12	7
Rafael Yuiti	Nikolas Sales	W	15	8
Rafael Yuiti	JORGE DA SILVA VIEIRA	W	18	9
Claudio Ferla	Francisco Bruno Silva Sousa	L	0	1
Claudio Ferla	JORGE DA SILVA VIEIRA	W	3	2
Claudio Ferla	Johan Cipriano	W	6	3
Claudio Ferla	Cleberson Matos	W	9	4
Claudio Ferla	Ricardo Felipe	L	9	5
Claudio Ferla	Carlos Barros	W	12	6
Claudio Ferla	Alexandre Sugano	L	12	7
Claudio Ferla	Kevin Tournon	W	15	8
Claudio Ferla	Rodrigo Coltro	W	18	9
Angel Aranibar Huamaní	Sebastian Arias	L	0	1
Angel Aranibar Huamaní	Anderson Farina Styrnik	W	3	2
Angel Aranibar Huamaní	Jonathan de Carvalho	W	6	3
Angel Aranibar Huamaní	Ian Fukuda	W	9	4
Angel Aranibar Huamaní	Leonardo Nascimento	L	9	5
Angel Aranibar Huamaní	JORGE DA SILVA VIEIRA	W	12	6
Angel Aranibar Huamaní	Marcelo Pacaje	L	12	7
Angel Aranibar Huamaní	Manuel Alcaíno	W	15	8
Angel Aranibar Huamaní	Israel Escorizza	W	18	9
Diogo Marchiori	Victor Lima	W	3	1
Diogo Marchiori	João Vidal	W	6	2
Diogo Marchiori	Rafael Yuiti	L	6	3
Diogo Marchiori	Lucas Back	L	6	4
Diogo Marchiori	Lucas Magalhães	W	9	5
Diogo Marchiori	Thomas Coroa	W	12	6
Diogo Marchiori	Manuel Alcaíno	W	15	7
Diogo Marchiori	Atila Augusto	L	15	8
Diogo Marchiori	Gabriel Eduardo Reiter	W	18	9
Paulo Anderson	Fernando Gonçalves	W	3	1
Paulo Anderson	Nicolas Buczak	L	3	2
Paulo Anderson	Sebastian Arias	W	6	3
Paulo Anderson	Marcelo Pacaje	W	9	4
Paulo Anderson	João Pedro Medeiros Zambrano	W	12	5
Paulo Anderson	Pedro Lacerda	L	12	6
Paulo Anderson	Cauan Oliveira	W	15	7
Paulo Anderson	Felipe Urias	L	15	8
Paulo Anderson	cristian andres muñoz	W	18	9
Axel Sarmento	Ricardo Felipe	T	1	1
Axel Sarmento	Sanderson Rafael Ribeiro Monteiro	W	4	2
Axel Sarmento	MARCELO SABIA	T	5	3
Axel Sarmento	Eduardo Correa	L	5	4
Axel Sarmento	Mateus Ferreira	W	8	5
Axel Sarmento	Lucas Cunha	T	9	6
Axel Sarmento	Djair Barros	W	12	7
Axel Sarmento	Nicolas Ricardo Reiter	W	15	8
Axel Sarmento	Gabriel Roide	W	18	9
Thomas Coroa	Jean Guilherme Pegoraro	W	3	1
Thomas Coroa	Cleberson Matos	W	6	2
Thomas Coroa	Fernando Campista	L	6	3
Thomas Coroa	MATEUS LEWIN	L	6	4
Thomas Coroa	Sebastian Arias	W	9	5
Thomas Coroa	Diogo Marchiori	L	9	6
Thomas Coroa	Luiz Eduardo Brum Carrion	W	12	7
Thomas Coroa	Jose Santos	W	15	8
Thomas Coroa	Leonardo Walbrinch	W	18	9
Lucas Cunha	Bruno Brito Tavarnes	W	3	1
Lucas Cunha	Paulo Gouveia de Freitas	L	3	2
Lucas Cunha	Gustavo Muzell	W	6	3
Lucas Cunha	Erick Fava dos Reis Figueiredo Dias	T	7	4
Lucas Cunha	Maurício Pereira	T	8	5
Lucas Cunha	Axel Sarmento	T	9	6
Lucas Cunha	Leonardo Alexandre Ferreira	W	12	7
Lucas Cunha	Jonathan Fabrizio Bellucci Lanciano	W	15	8
Lucas Cunha	Lucas Magalhães	W	18	9
Ricardo Felipe	Axel Sarmento	T	1	1
Ricardo Felipe	Marcus Ramos	W	4	2
Ricardo Felipe	Diego Zaicovski	T	5	3
Ricardo Felipe	MARCELO SABIA	W	8	4
Ricardo Felipe	Claudio Ferla	W	11	5
Ricardo Felipe	Damian Fernandez Urroz	W	14	6
Ricardo Felipe	Leonardo Nascimento	L	14	7
Ricardo Felipe	João Vitor De Sá Medeiros Santos	W	17	8
Ricardo Felipe	Pedro Pertusi	L	17	9
João Vitor De Sá Medeiros Santos	Eduardo Wildner	W	3	1
João Vitor De Sá Medeiros Santos	Gabriel Silva	W	6	2
João Vitor De Sá Medeiros Santos	Diego Cassiraga	T	7	3
João Vitor De Sá Medeiros Santos	Pedro Mallet	W	10	4
João Vitor De Sá Medeiros Santos	Dalton Acchetta	W	13	5
João Vitor De Sá Medeiros Santos	Guilherme Cazzonato	T	14	6
João Vitor De Sá Medeiros Santos	Pedro Turra	L	14	7
João Vitor De Sá Medeiros Santos	Ricardo Felipe	L	14	8
João Vitor De Sá Medeiros Santos	Diego Barbosa	W	17	9
Vinicius Lopes de Souza Lopes de Souza	Guilherme Banevicius	L	0	1
Vinicius Lopes de Souza Lopes de Souza	ICARO FARIAS	W	3	2
Vinicius Lopes de Souza Lopes de Souza	Nathan da Rosa	W	6	3
Vinicius Lopes de Souza Lopes de Souza	lucas santos	T	7	4
Vinicius Lopes de Souza Lopes de Souza	Leonardo Danna	W	10	5
Vinicius Lopes de Souza Lopes de Souza	Ribamar José Bassan Filho	W	13	6
Vinicius Lopes de Souza Lopes de Souza	Guilherme Cazzonato	T	14	7
Vinicius Lopes de Souza Lopes de Souza	Eduardo Correa	W	17	8
Vinicius Lopes de Souza Lopes de Souza	Lucas Matheus	L	17	9
Gabriel Pino Semedo	Eduardo Gomes	W	3	1
Gabriel Pino Semedo	Otavio Gouveia	W	6	2
Gabriel Pino Semedo	Marlon Luis Aver	T	7	3
Gabriel Pino Semedo	Ricardo Vilela	T	8	4
Gabriel Pino Semedo	Eduardo Correa	W	11	5
Gabriel Pino Semedo	Gabriel Roide	L	11	6
Gabriel Pino Semedo	Lucas Matheus	L	11	7
Gabriel Pino Semedo	Thiago Burda Mayer	W	14	8
Gabriel Pino Semedo	João Pedro Medeiros Zambrano	W	17	9
André Miranda	Johan Cipriano	W	3	1
André Miranda	Leonardo Danna	W	6	2
André Miranda	Pedro Mallet	T	7	3
André Miranda	Raissa Arruda	L	7	4
André Miranda	Diego Franche	W	10	5
André Miranda	Lucas Matheus	T	11	6
André Miranda	Francisco Bruno Silva Sousa	W	14	7
André Miranda	Pedro Pertusi	L	14	8
André Miranda	bruno pereira	W	17	9
lucas santos	Cauan Oliveira	L	0	1
lucas santos	Kelvyn Leote	W	3	2
lucas santos	Diovanne Ouriques	W	6	3
lucas santos	Vinicius Lopes de Souza Lopes de Souza	T	7	4
lucas santos	Cristofer Lima	W	10	5
lucas santos	Mateus Reis	W	13	6
lucas santos	Dalton Acchetta	L	13	7
lucas santos	Diego Barbosa	T	14	8
lucas santos	Luis Pedro Ferrari Esbadalate	W	17	9
Eduardo Correa	Bernardo Marcon	T	1	1
Eduardo Correa	Ignacio Rzeszut	T	2	2
Eduardo Correa	Abelardo Fukasawa	W	5	3
Eduardo Correa	Axel Sarmento	W	8	4
Eduardo Correa	Gabriel Pino Semedo	L	8	5
Eduardo Correa	Lucas Back	W	11	6
Eduardo Correa	Endrews Oliveira	W	14	7
Eduardo Correa	Vinicius Lopes de Souza Lopes de Souza	L	14	8
Eduardo Correa	Felipe Longo	W	17	9
Jean Duarte	Jonathan de Carvalho	L	0	1
Jean Duarte	Jean Guilherme Pegoraro	W	3	2
Jean Duarte	Bruno Barbieri Zanchin	W	6	3
Jean Duarte	Winston Chiba	T	7	4
Jean Duarte	Victor hugo Pasqualino de Carvalho	W	10	5
Jean Duarte	Francisco Bruno Silva Sousa	T	11	6
Jean Duarte	Israel Escorizza	L	11	7
Jean Duarte	Fellipe Da Costa	W	14	8
Jean Duarte	Luiz Gustavo Bianchi	W	17	9
Christian Badenas	Bruno Sousa	L	0	1
Christian Badenas	thiago santos	T	1	2
Christian Badenas	Tatiana Torricillas	L	1	3
Christian Badenas	Eduardo Wildner	W	4	4
Christian Badenas	Felipe Fernandes	W	7	5
Christian Badenas	Rafael Martins	W	10	6
Christian Badenas	João Vitor Munhak	W	13	7
Christian Badenas	Felipe Longo	T	14	8
Christian Badenas	Leonardo Danna	W	17	9
Agustín Campo	Silvano Brezolin	W	3	1
Agustín Campo	Douglas Torgo Fabretti	W	6	2
Agustín Campo	Yasmin Cipelli	W	9	3
Agustín Campo	Fernando Campista	W	12	4
Agustín Campo	Leandro Fernandes	T	13	5
Agustín Campo	gustavo wada	W	16	6
Agustín Campo	Giovanni Peragallo	L	16	7
Agustín Campo	Rodolfo Ferreira	L	16	8
Agustín Campo	gabriel land	L	16	9
William Azevedo	Thiago Mota de Jesus	W	3	1
William Azevedo	Igor Araujo	W	6	2
William Azevedo	MATEUS LEWIN	W	9	3
William Azevedo	Felipe Urias	W	12	4
William Azevedo	Guilherme Cazzonato	L	12	5
William Azevedo	Pedro Dossi	W	15	6
William Azevedo	Caio Navarro	L	15	7
William Azevedo	Marcelo Pacaje	L	15	8
William Azevedo	Ian Fukuda	T	16	9
Ribamar José Bassan Filho	Filipe Dik Barbosa de Almeida	W	3	1
Ribamar José Bassan Filho	Joao Bastos	W	6	2
Ribamar José Bassan Filho	Pedro Turra	T	7	3
Ribamar José Bassan Filho	Rodolfo Ferreira	L	7	4
Ribamar José Bassan Filho	Rafael Martins	W	10	5
Ribamar José Bassan Filho	Vinicius Lopes de Souza Lopes de Souza	L	10	6
Ribamar José Bassan Filho	Diego Zaicovski	W	13	7
Ribamar José Bassan Filho	Mateus Reis	W	16	8
Ribamar José Bassan Filho	Diego Cassiraga	L	16	9
heitor duperron	Bruno Guerra	W	3	1
heitor duperron	Felipe Urias	L	3	2
heitor duperron	Djair Barros	W	6	3
heitor duperron	Nicolas Volpi	W	9	4
heitor duperron	Diogo Tomasi	W	12	5
heitor duperron	Endrews Oliveira	W	15	6
heitor duperron	Pedro Lacerda	L	15	7
heitor duperron	Diego Cassiraga	T	16	8
heitor duperron	Gabriel Padinha	L	16	9
Marcelo Cansian	Márcio Saldanha	W	3	1
Marcelo Cansian	cristian andres muñoz	W	6	2
Marcelo Cansian	Pedro Lacerda	W	9	3
Marcelo Cansian	Giovanni Peragallo	L	9	4
Marcelo Cansian	Jose Santos	W	12	5
Marcelo Cansian	Rodrigo Coltro	L	12	6
Marcelo Cansian	Igor Araujo	W	15	7
Marcelo Cansian	Cássio Mussulini	T	16	8
Marcelo Cansian	Damian Fernandez Urroz	L	16	9
Marlon Luis Aver	Carlos Fazenda Jr	W	3	1
Marlon Luis Aver	Nathan da Rosa	W	6	2
Marlon Luis Aver	Gabriel Pino Semedo	T	7	3
Marlon Luis Aver	Patricia Gonzalez Walsh	L	7	4
Marlon Luis Aver	Lucca Garcia	T	8	5
Marlon Luis Aver	EDUARDO DORCINIO	T	9	6
Marlon Luis Aver	Iman Pinto	W	12	7
Marlon Luis Aver	Cleberson Matos	T	13	8
Marlon Luis Aver	Nicolas Volpi	W	16	9
Ian Fukuda	Júlio César Crusaro	W	3	1
Ian Fukuda	Adriano Mazzarolo	W	6	2
Ian Fukuda	Felipe Beraldo	L	6	3
Ian Fukuda	Angel Aranibar Huamaní	L	6	4
Ian Fukuda	Augusto Grovermann	W	9	5
Ian Fukuda	Diego Cassiraga	L	9	6
Ian Fukuda	Fernando Souza	W	12	7
Ian Fukuda	Endrews Oliveira	W	15	8
Ian Fukuda	William Azevedo	T	16	9
Mateus Reis	Iman Pinto	T	1	1
Mateus Reis	Raissa Arruda	L	1	2
Mateus Reis	Andre Gnipper	W	4	3
Mateus Reis	Soly Waltrick Antunes Neto	W	7	4
Mateus Reis	Thiago Silva	W	10	5
Mateus Reis	lucas santos	L	10	6
Mateus Reis	João Coleoni	W	13	7
Mateus Reis	Ribamar José Bassan Filho	L	13	8
Mateus Reis	Jose Santos	W	16	9
Leandro Fernandes	Guilherme Henrique Chimenes Kunz	W	3	1
Leandro Fernandes	Eric Vitorino	W	6	2
Leandro Fernandes	Nicolas Buczak	W	9	3
Leandro Fernandes	Alexandre Sugano	W	12	4
Leandro Fernandes	Agustín Campo	T	13	5
Leandro Fernandes	Patricia Gonzalez Walsh	L	13	6
Leandro Fernandes	Raissa Arruda	L	13	7
Leandro Fernandes	Cristofer Lima	L	13	8
Leandro Fernandes	Ariel Oliveira	W	16	9
Cleberson Matos	Alex Ferreira	W	3	1
Cleberson Matos	Thomas Coroa	L	3	2
Cleberson Matos	Jean Junior	W	6	3
Cleberson Matos	Claudio Ferla	L	6	4
Cleberson Matos	Carlos Barros	L	6	5
Cleberson Matos	Nathan da Rosa	W	9	6
Cleberson Matos	Renan Rudney	W	12	7
Cleberson Matos	Marlon Luis Aver	T	13	8
Cleberson Matos	Diogo Tomasi	W	16	9
Jéssica Targino	Marcelo Pacaje	L	0	1
Jéssica Targino	Rafael Martins	T	1	2
Jéssica Targino	Bruno De Lucena	W	4	3
Jéssica Targino	Luiz Gustavo Bianchi	W	7	4
Jéssica Targino	Lucas Matheus	L	7	5
Jéssica Targino	Emanuel De Lucena	W	10	6
Jéssica Targino	Leonardo Oliveira	W	13	7
Jéssica Targino	Andre Gnipper	L	13	8
Jéssica Targino	João Vitor Munhak	W	16	9
Andrew Ariel Dias	Murilo Mercadante	W	3	1
Andrew Ariel Dias	Maurício Pereira	T	4	2
Andrew Ariel Dias	Felipe Fernandes	W	7	3
Andrew Ariel Dias	Fellipe Da Costa	L	7	4
Andrew Ariel Dias	Vitor Lugon Cacciari Martinelli	W	10	5
Andrew Ariel Dias	Erick Fava dos Reis Figueiredo Dias	L	10	6
Andrew Ariel Dias	Gabriel Padinha	L	10	7
Andrew Ariel Dias	Diego Franche	W	13	8
Andrew Ariel Dias	Karolina Kruger	W	16	9
Cássio Mussulini	Victor Freitas	W	3	1
Cássio Mussulini	Gustavo Muzell	W	6	2
Cássio Mussulini	Gabriel Roide	L	6	3
Cássio Mussulini	Nikolas Sales	L	6	4
Cássio Mussulini	Guilherme Moreira	W	9	5
Cássio Mussulini	Kevin Souza	W	12	6
Cássio Mussulini	Nicolas Ricardo Reiter	W	15	7
Cássio Mussulini	Marcelo Cansian	T	16	8
Cássio Mussulini	Raissa Arruda	L	16	9
Guilherme Palitos	Fabián Robledo	W	3	1
Guilherme Palitos	Diego Cassiraga	L	3	2
Guilherme Palitos	Diogo Tomasi	L	3	3
Guilherme Palitos	Andrey Nogueira	T	4	4
Guilherme Palitos	Tatiana Torricillas	W	7	5
Guilherme Palitos	Maurício Pereira	W	10	6
Guilherme Palitos	Thalles Scheffer	W	13	7
Guilherme Palitos	Luis Pedro Ferrari Esbadalate	W	16	8
Guilherme Palitos	Cristofer Lima	L	16	9
João Pedro do Couto Caetano	Leonardo Danna	L	0	1
João Pedro do Couto Caetano	Cristofer Lima	L	0	2
João Pedro do Couto Caetano	Jean Guilherme Pegoraro	W	3	3
João Pedro do Couto Caetano	Nathan da Rosa	W	6	4
João Pedro do Couto Caetano	Nicolas Buczak	W	9	5
João Pedro do Couto Caetano	Diego Zaicovski	T	10	6
João Pedro do Couto Caetano	Diego Barbosa	L	10	7
João Pedro do Couto Caetano	Julio Franche	W	13	8
João Pedro do Couto Caetano	thiago santos	W	16	9
Andre Gnipper	Diego Barbosa	L	0	1
Andre Gnipper	Yoanis Kovelis	T	1	2
Andre Gnipper	Mateus Reis	L	1	3
Andre Gnipper	Everton Herber	W	4	4
Andre Gnipper	Andrey Nogueira	W	7	5
Andre Gnipper	Julio Franche	W	10	6
Andre Gnipper	Otavio Gouveia	W	13	7
Andre Gnipper	Jéssica Targino	W	16	8
Andre Gnipper	Pedro Mallet	L	16	9
Bruno Zolin Rodrigues	Nikolas Sales	L	0	1
Bruno Zolin Rodrigues	Fabián Robledo	W	3	2
Bruno Zolin Rodrigues	Camila Pastro	W	6	3
Bruno Zolin Rodrigues	Luiz Eduardo Brum Carrion	L	6	4
Bruno Zolin Rodrigues	Leonardo Walbrinch	L	6	5
Bruno Zolin Rodrigues	Victor Lima	W	9	6
Bruno Zolin Rodrigues	Michel Barbosa	W	12	7
Bruno Zolin Rodrigues	Claiton Vargas Maurente	T	13	8
Bruno Zolin Rodrigues	Erick Fava dos Reis Figueiredo Dias	W	16	9
Claiton Vargas Maurente	Victor hugo Pasqualino de Carvalho	L	0	1
Claiton Vargas Maurente	Mauricio Rio	W	3	2
Claiton Vargas Maurente	LUCAS PEDREIRA SILVEIRA	L	3	3
Claiton Vargas Maurente	Silvano Brezolin	L	3	4
Claiton Vargas Maurente	Alex Ferreira	W	6	5
Claiton Vargas Maurente	Augusto Grovermann	W	9	6
Claiton Vargas Maurente	Thiago Mota de Jesus	W	12	7
Claiton Vargas Maurente	Bruno Zolin Rodrigues	T	13	8
Claiton Vargas Maurente	Vitor Lugon Cacciari Martinelli	W	16	9
Thalles Scheffer	Gabriel Silva	L	0	1
Thalles Scheffer	Júlio César Crusaro	W	3	2
Thalles Scheffer	Ezequiel Jerez	W	6	3
Thalles Scheffer	Paulo Gouveia de Freitas	L	6	4
Thalles Scheffer	LUCAS PEDREIRA SILVEIRA	T	7	5
Thalles Scheffer	Diego Leonardo Audibert	W	10	6
Thalles Scheffer	Guilherme Palitos	L	10	7
Thalles Scheffer	Yasmin Cipelli	W	13	8
Thalles Scheffer	Otavio Gouveia	W	16	9
João Coleoni	Thomas Burmeister Silva	W	3	1
João Coleoni	Thiago Burda Mayer	T	4	2
João Coleoni	Fellipe Da Costa	L	4	3
João Coleoni	BRUNO PARTALA	W	7	4
João Coleoni	Yasmin Cipelli	L	7	5
João Coleoni	Kaue Ramos	W	10	6
João Coleoni	Mateus Reis	L	10	7
João Coleoni	VINICIUS GOMES	W	13	8
João Coleoni	João Mário Basso Nunes	W	16	9
Diogo Avilla Sá	Alexandre Sugano	L	0	1
Diogo Avilla Sá	Bruno Barbieri Zanchin	L	0	2
Diogo Avilla Sá	Douglas Marques	W	3	3
Diogo Avilla Sá	João Mário Basso Nunes	L	3	4
Diogo Avilla Sá	Chrystian Oliveira	W	6	5
Diogo Avilla Sá	Nicolas Volpi	T	7	6
Diogo Avilla Sá	Gabriel Ienaga	W	10	7
Diogo Avilla Sá	Kevin Souza	W	13	8
Diogo Avilla Sá	Maria Luiza Pereira da Silva	W	16	9
Gabriel Roide	Douglas Marques	W	3	1
Gabriel Roide	Gabriel Padinha	W	6	2
Gabriel Roide	Cássio Mussulini	W	9	3
Gabriel Roide	Guilherme Cazzonato	T	10	4
Gabriel Roide	Fellipe Da Costa	T	11	5
Gabriel Roide	Gabriel Pino Semedo	W	14	6
Gabriel Roide	Ricardo Vilela	L	14	7
Gabriel Roide	Israel Escorizza	T	15	8
Gabriel Roide	Axel Sarmento	L	15	9
Israel Escorizza	Fellipe Da Costa	T	1	1
Israel Escorizza	Larissa Marques	W	4	2
Israel Escorizza	Francisco Bruno Silva Sousa	W	7	3
Israel Escorizza	gabriel land	T	8	4
Israel Escorizza	Ricardo Vilela	L	8	5
Israel Escorizza	Ignacio Rzeszut	W	11	6
Israel Escorizza	Jean Duarte	W	14	7
Israel Escorizza	Gabriel Roide	T	15	8
Israel Escorizza	Angel Aranibar Huamaní	L	15	9
Rodrigo Coltro	Eduardo Pompermayer	W	3	1
Rodrigo Coltro	Diogo Tomasi	W	6	2
Rodrigo Coltro	Leonardo Nascimento	L	6	3
Rodrigo Coltro	Vitor Silva	W	9	4
Rodrigo Coltro	MATEUS LEWIN	W	12	5
Rodrigo Coltro	Marcelo Cansian	W	15	6
Rodrigo Coltro	Joao Bastos	L	15	7
Rodrigo Coltro	Pedro Dossi	L	15	8
Rodrigo Coltro	Claudio Ferla	L	15	9
Manuel Alcaíno	Michel Barbosa	W	3	1
Manuel Alcaíno	Sebastian Arias	W	6	2
Manuel Alcaíno	Guilherme Banevicius	L	6	3
Manuel Alcaíno	Augusto Beringuer	L	6	4
Manuel Alcaíno	Nicolas Volpi	W	9	5
Manuel Alcaíno	Thiago Mota de Jesus	W	12	6
Manuel Alcaíno	Diogo Marchiori	L	12	7
Manuel Alcaíno	Angel Aranibar Huamaní	L	12	8
Manuel Alcaíno	Renan Rudney	W	15	9
Gabriel Eduardo Reiter	João Mário Basso Nunes	W	3	1
Gabriel Eduardo Reiter	Alexandre Sugano	L	3	2
Gabriel Eduardo Reiter	Lucas Magalhães	W	6	3
Gabriel Eduardo Reiter	Endrews Oliveira	L	6	4
Gabriel Eduardo Reiter	Matias Matricardi	W	9	5
Gabriel Eduardo Reiter	Adriano Mazzarolo	W	12	6
Gabriel Eduardo Reiter	MATEUS LEWIN	W	15	7
Gabriel Eduardo Reiter	Lucas Matheus	L	15	8
Gabriel Eduardo Reiter	Diogo Marchiori	L	15	9
EDUARDO DORCINIO	Carla Patrícia	W	3	1
EDUARDO DORCINIO	Eduardo Nascimento	T	4	2
EDUARDO DORCINIO	Ricardo da Silva Schmitt	T	5	3
EDUARDO DORCINIO	Pedro Pertusi	W	8	4
EDUARDO DORCINIO	Pedro Turra	L	8	5
EDUARDO DORCINIO	Marlon Luis Aver	T	9	6
EDUARDO DORCINIO	Ezequiel Jerez	W	12	7
EDUARDO DORCINIO	MATEUS LEWIN	W	15	8
EDUARDO DORCINIO	Guilherme Banevicius	L	15	9
Lucas Magalhães	Djair Barros	W	3	1
Lucas Magalhães	Leonardo Nascimento	L	3	2
Lucas Magalhães	Gabriel Eduardo Reiter	L	3	3
Lucas Magalhães	Kevin Tournon	W	6	4
Lucas Magalhães	Diogo Marchiori	L	6	5
Lucas Magalhães	Carla Patrícia	W	9	6
Lucas Magalhães	Gabriel Crispim Carneiro	W	12	7
Lucas Magalhães	Igor Araujo	W	15	8
Lucas Magalhães	Lucas Cunha	L	15	9
MARCELO SABIA	bruno pereira	T	1	1
MARCELO SABIA	Diego Leonardo Audibert	W	4	2
MARCELO SABIA	Axel Sarmento	T	5	3
MARCELO SABIA	Ricardo Felipe	L	5	4
MARCELO SABIA	Pedro Pertusi	L	5	5
MARCELO SABIA	Soly Waltrick Antunes Neto	W	8	6
MARCELO SABIA	Luis Delgado	T	9	7
MARCELO SABIA	Douglas Torgo Fabretti	W	12	8
MARCELO SABIA	FERNANDO ANTPACK BETTIM	W	15	9
Luiz Eduardo Brum Carrion	Victor Raffo	W	3	1
Luiz Eduardo Brum Carrion	Guilherme Cazzonato	L	3	2
Luiz Eduardo Brum Carrion	Guilherme Henrique Chimenes Kunz	W	6	3
Luiz Eduardo Brum Carrion	Bruno Zolin Rodrigues	W	9	4
Luiz Eduardo Brum Carrion	Joao Bastos	L	9	5
Luiz Eduardo Brum Carrion	Murilo Mercadante	L	9	6
Luiz Eduardo Brum Carrion	Thomas Coroa	L	9	7
Luiz Eduardo Brum Carrion	fabio cozzolino	W	12	8
Luiz Eduardo Brum Carrion	Gustavo Muzell	W	15	9
Carlos Barros	Gustavo Serafim	W	3	1
Carlos Barros	Lucas Back	L	3	2
Carlos Barros	Caio Navarro	L	3	3
Carlos Barros	Carla Patrícia	W	6	4
Carlos Barros	Cleberson Matos	W	9	5
Carlos Barros	Claudio Ferla	L	9	6
Carlos Barros	Lucca Garcia	L	9	7
Carlos Barros	Leonardo Alexandre Ferreira	W	12	8
Carlos Barros	Igor Araujo	W	15	9
Leonardo Walbrinch	Joao Bastos	L	0	1
Leonardo Walbrinch	Leonardo Alexandre Ferreira	L	0	2
Leonardo Walbrinch	Leonardo Santos Rocki	W	3	3
Leonardo Walbrinch	Guilherme Henrique Chimenes Kunz	W	6	4
Leonardo Walbrinch	Bruno Zolin Rodrigues	W	9	5
Leonardo Walbrinch	VINICIUS GOMES	W	12	6
Leonardo Walbrinch	Guilherme Banevicius	L	12	7
Leonardo Walbrinch	Francisco Bruno Silva Sousa	W	15	8
Leonardo Walbrinch	Thomas Coroa	L	15	9
Murilo Mercadante	Andrew Ariel Dias	L	0	1
Murilo Mercadante	Marcelo Antonio Turra	L	0	2
Murilo Mercadante	Robert Hermes	W	3	3
Murilo Mercadante	Djair Barros	W	6	4
Murilo Mercadante	José Roberto Favato	W	9	5
Murilo Mercadante	Luiz Eduardo Brum Carrion	W	12	6
Murilo Mercadante	Diego Cassiraga	L	12	7
Murilo Mercadante	Jean Junior	L	12	8
Murilo Mercadante	João Vidal	W	15	9
João Pedro Medeiros Zambrano	Tatiana Torricillas	W	3	1
João Pedro Medeiros Zambrano	João Vitor Munhak	W	6	2
João Pedro Medeiros Zambrano	Cauan Oliveira	L	6	3
João Pedro Medeiros Zambrano	Guilherme Moreira	W	9	4
João Pedro Medeiros Zambrano	Paulo Anderson	L	9	5
João Pedro Medeiros Zambrano	Jose Santos	W	12	6
João Pedro Medeiros Zambrano	Fernando Campista	L	12	7
João Pedro Medeiros Zambrano	João Vidal	W	15	8
João Pedro Medeiros Zambrano	Gabriel Pino Semedo	L	15	9
Sebastian Arias	Angel Aranibar Huamaní	W	3	1
Sebastian Arias	Manuel Alcaíno	L	3	2
Sebastian Arias	Paulo Anderson	L	3	3
Sebastian Arias	Renata Pacheco	W	6	4
Sebastian Arias	Thomas Coroa	L	6	5
Sebastian Arias	Marcelo Antonio Turra	W	9	6
Sebastian Arias	Jose Santos	L	9	7
Sebastian Arias	Leonardo Oliveira	W	12	8
Sebastian Arias	MATEUS LEWIN	W	15	9
JORGE DA SILVA VIEIRA	Guilherme Moreira	L	0	1
JORGE DA SILVA VIEIRA	Claudio Ferla	L	0	2
JORGE DA SILVA VIEIRA	Felipe Breda	W	3	3
JORGE DA SILVA VIEIRA	Eduardo Gomes	W	6	4
JORGE DA SILVA VIEIRA	Leonardo Alexandre Ferreira	W	9	5
JORGE DA SILVA VIEIRA	Angel Aranibar Huamaní	L	9	6
JORGE DA SILVA VIEIRA	Marcelo Guarita	W	12	7
JORGE DA SILVA VIEIRA	Cauan Oliveira	W	15	8
JORGE DA SILVA VIEIRA	Rafael Yuiti	L	15	9
Jean Junior	VINICIUS GOMES	L	0	1
Jean Junior	Felipe Breda	W	3	2
Jean Junior	Cleberson Matos	L	3	3
Jean Junior	Alex Ferreira	W	6	4
Jean Junior	Luis Pedro Ferrari Esbadalate	L	6	5
Jean Junior	José Roberto Favato	W	9	6
Jean Junior	Douglas Torgo Fabretti	W	12	7
Jean Junior	Murilo Mercadante	W	15	8
Jean Junior	Paulo Gouveia de Freitas	L	15	9
Adriano Mazzarolo	Ricardo Ishida	W	3	1
Adriano Mazzarolo	Ian Fukuda	L	3	2
Adriano Mazzarolo	VINICIUS GOMES	L	3	3
Adriano Mazzarolo	Gabriel Crispim Carneiro	W	6	4
Adriano Mazzarolo	Gabriel Silva	W	9	5
Adriano Mazzarolo	Gabriel Eduardo Reiter	L	9	6
Adriano Mazzarolo	Guilherme Moreira	W	12	7
Adriano Mazzarolo	Karolina Kruger	W	15	8
Adriano Mazzarolo	Fernando Campista	L	15	9
Augusto Grovermann	Diogo Tomasi	L	0	1
Augusto Grovermann	Maria Luiza Pereira da Silva	W	3	2
Augusto Grovermann	Igor Araujo	L	3	3
Augusto Grovermann	Vitoria Mialski	W	6	4
Augusto Grovermann	Ian Fukuda	L	6	5
Augusto Grovermann	Claiton Vargas Maurente	L	6	6
Augusto Grovermann	Carla Patrícia	W	9	7
Augusto Grovermann	Djair Barros	W	12	8
Augusto Grovermann	Aluísio Nabinger	W	15	9
Luis Delgado	Luiz Gustavo Bianchi	T	1	1
Luis Delgado	facundo facio	L	1	2
Luis Delgado	Tiarles Assis	L	1	3
Luis Delgado	Thomas Burmeister Silva	W	4	4
Luis Delgado	Bruno De Lucena	W	7	5
Luis Delgado	Victor Freitas	T	8	6
Luis Delgado	MARCELO SABIA	T	9	7
Luis Delgado	Bruno Sousa	W	12	8
Luis Delgado	Ezequiel Jerez	W	15	9
Nathan da Rosa	Renata Pacheco	W	3	1
Nathan da Rosa	Marlon Luis Aver	L	3	2
Nathan da Rosa	Vinicius Lopes de Souza Lopes de Souza	L	3	3
Nathan da Rosa	João Pedro do Couto Caetano	L	3	4
Nathan da Rosa	Diovanne Ouriques	W	6	5
Nathan da Rosa	Cleberson Matos	L	6	6
Nathan da Rosa	Bruno Barbieri Zanchin	W	9	7
Nathan da Rosa	Raul Bratti	W	12	8
Nathan da Rosa	Nikolas Sales	W	15	9
Marcelo Guarita	Otavio Gouveia	L	0	1
Marcelo Guarita	Thomas Burmeister Silva	W	3	2
Marcelo Guarita	cristian andres muñoz	W	6	3
Marcelo Guarita	Igor Araujo	L	6	4
Marcelo Guarita	Rodrigo Ciulla	L	6	5
Marcelo Guarita	Gustavo Muzell	W	9	6
Marcelo Guarita	JORGE DA SILVA VIEIRA	L	9	7
Marcelo Guarita	Gabriel Crispim Carneiro	W	12	8
Marcelo Guarita	Juliana Alves Marques	W	15	9
Kevin Tournon	Guilherme Cazzonato	L	0	1
Kevin Tournon	Diego Franche	L	0	2
Kevin Tournon	Kelvyn Leote	W	3	3
Kevin Tournon	Lucas Magalhães	L	3	4
Kevin Tournon	Bruno Barbieri Zanchin	W	6	5
Kevin Tournon	Bruno Souza	W	9	6
Kevin Tournon	Pedro Henrique Guatura Darlan	W	12	7
Kevin Tournon	Claudio Ferla	L	12	8
Kevin Tournon	Cauan Oliveira	W	15	9
cristian andres muñoz	ICARO FARIAS	W	3	1
cristian andres muñoz	Marcelo Cansian	L	3	2
cristian andres muñoz	Marcelo Guarita	L	3	3
cristian andres muñoz	Raul Bratti	L	3	4
cristian andres muñoz	Douglas Marques	W	6	5
cristian andres muñoz	Vitoria Mialski	W	9	6
cristian andres muñoz	Lucas Back	W	12	7
cristian andres muñoz	Juliana Alves Marques	W	15	8
cristian andres muñoz	Paulo Anderson	L	15	9
Jonathan Fabrizio Bellucci Lanciano	MATEUS LEWIN	L	0	1
Jonathan Fabrizio Bellucci Lanciano	Raul Bratti	L	0	2
Jonathan Fabrizio Bellucci Lanciano	Bruno Brito Tavarnes	W	3	3
Jonathan Fabrizio Bellucci Lanciano	Diovanne Ouriques	W	6	4
Jonathan Fabrizio Bellucci Lanciano	Silvano Brezolin	L	6	5
Jonathan Fabrizio Bellucci Lanciano	Camila Pastro	W	9	6
Jonathan Fabrizio Bellucci Lanciano	Braulio Benedito	W	12	7
Jonathan Fabrizio Bellucci Lanciano	Lucas Cunha	L	12	8
Jonathan Fabrizio Bellucci Lanciano	Nicolas Ricardo Reiter	W	15	9
Bruno Guerra	heitor duperron	L	0	1
Bruno Guerra	Djair Barros	L	0	2
Bruno Guerra	Matias Matricardi	L	0	3
Bruno Guerra	Bruno Brito Tavarnes	W	3	4
Bruno Guerra	Ricardo Pereira Celebroni	W	6	5
Bruno Guerra	Leonardo Alexandre Ferreira	L	6	6
Bruno Guerra	Luciano Pinheiro	W	9	7
Bruno Guerra	Pedro Henrique Guatura Darlan	W	12	8
Bruno Guerra	Endrews Oliveira	W	15	9
Fellipe Da Costa	Israel Escorizza	T	1	1
Fellipe Da Costa	Luiz Gustavo Bianchi	W	4	2
Fellipe Da Costa	João Coleoni	W	7	3
Fellipe Da Costa	Andrew Ariel Dias	W	10	4
Fellipe Da Costa	Gabriel Roide	T	11	5
Fellipe Da Costa	Pedro Turra	L	11	6
Fellipe Da Costa	Pedro Pertusi	L	11	7
Fellipe Da Costa	Jean Duarte	L	11	8
Fellipe Da Costa	Maurício Pereira	W	14	9
Diego Barbosa	Andre Gnipper	W	3	1
Diego Barbosa	Ricardo da Silva Schmitt	T	4	2
Diego Barbosa	Patricia Gonzalez Walsh	L	4	3
Diego Barbosa	Matheus Rui	W	7	4
Diego Barbosa	Gabriel Padinha	L	7	5
Diego Barbosa	Ruan silva da silva	W	10	6
Diego Barbosa	João Pedro do Couto Caetano	W	13	7
Diego Barbosa	lucas santos	T	14	8
Diego Barbosa	João Vitor De Sá Medeiros Santos	L	14	9
Lucca Garcia	LUCAS PEDREIRA SILVEIRA	W	3	1
Lucca Garcia	Rafael Yuiti	L	3	2
Lucca Garcia	Victor Raffo	W	6	3
Lucca Garcia	João Vitor Munhak	T	7	4
Lucca Garcia	Marlon Luis Aver	T	8	5
Lucca Garcia	Pedro Pertusi	L	8	6
Lucca Garcia	Carlos Barros	W	11	7
Lucca Garcia	Leonardo Danna	L	11	8
Lucca Garcia	Thiago Burda Mayer	W	14	9
Leonardo Danna	João Pedro do Couto Caetano	W	3	1
Leonardo Danna	André Miranda	L	3	2
Leonardo Danna	Esteban O’Compley	W	6	3
Leonardo Danna	Karolina Kruger	T	7	4
Leonardo Danna	Vinicius Lopes de Souza Lopes de Souza	L	7	5
Leonardo Danna	Victor Raffo	W	10	6
Leonardo Danna	Thiago Burda Mayer	T	11	7
Leonardo Danna	Lucca Garcia	W	14	8
Leonardo Danna	Christian Badenas	L	14	9
Felipe Longo	Fernando Campista	L	0	1
Felipe Longo	Jairo Borges Filho	W	3	2
Felipe Longo	Leonardo Alexandre Ferreira	W	6	3
Felipe Longo	VINICIUS GOMES	L	6	4
Felipe Longo	Vitor Silva	W	9	5
Felipe Longo	gabriel land	T	10	6
Felipe Longo	Yasmin Cipelli	W	13	7
Felipe Longo	Christian Badenas	T	14	8
Felipe Longo	Eduardo Correa	L	14	9
Luiz Gustavo Bianchi	Luis Delgado	T	1	1
Luiz Gustavo Bianchi	Fellipe Da Costa	L	1	2
Luiz Gustavo Bianchi	Jose Duarte	W	4	3
Luiz Gustavo Bianchi	Jéssica Targino	L	4	4
Luiz Gustavo Bianchi	BRUNO PARTALA	W	7	5
Luiz Gustavo Bianchi	bruno pereira	T	8	6
Luiz Gustavo Bianchi	Victor Freitas	W	11	7
Luiz Gustavo Bianchi	Maurício Pereira	W	14	8
Luiz Gustavo Bianchi	Jean Duarte	L	14	9
bruno pereira	MARCELO SABIA	T	1	1
bruno pereira	Bernardo Marcon	W	4	2
bruno pereira	Thiago Burda Mayer	L	4	3
bruno pereira	Otavio Gouveia	L	4	4
bruno pereira	Tiarles Assis	W	7	5
bruno pereira	Luiz Gustavo Bianchi	T	8	6
bruno pereira	Eduardo Nascimento	W	11	7
bruno pereira	FERNANDO ANTPACK BETTIM	W	14	8
bruno pereira	André Miranda	L	14	9
Thiago Silva	Felipe Breda	W	3	1
Thiago Silva	Pedro Turra	L	3	2
Thiago Silva	Luciano Pinheiro	W	6	3
Thiago Silva	Vitor Lugon Cacciari Martinelli	T	7	4
Thiago Silva	Mateus Reis	L	7	5
Thiago Silva	Victor hugo Pasqualino de Carvalho	L	7	6
Thiago Silva	Fabián Robledo	T	8	7
Thiago Silva	Ignacio Rzeszut	W	11	8
Thiago Silva	Francisco Bruno Silva Sousa	W	14	9
Abelardo Fukasawa	Matheus Rui	T	1	1
Abelardo Fukasawa	Mateus Ferreira	T	2	2
Abelardo Fukasawa	Eduardo Correa	L	2	3
Abelardo Fukasawa	Miguel angelo Machado	W	5	4
Abelardo Fukasawa	Ignacio Rzeszut	L	5	5
Abelardo Fukasawa	FERNANDO ANTPACK BETTIM	L	5	6
Abelardo Fukasawa	Tatiana Torricillas	W	8	7
Abelardo Fukasawa	Jose Duarte	W	11	8
Abelardo Fukasawa	Fabián Robledo	W	14	9
Nicolas Volpi	Diego Franche	W	3	1
Nicolas Volpi	Lucas Matheus	W	6	2
Nicolas Volpi	Guilherme Cazzonato	L	6	3
Nicolas Volpi	heitor duperron	L	6	4
Nicolas Volpi	Manuel Alcaíno	L	6	5
Nicolas Volpi	Diogo Avilla Sá	T	7	6
Nicolas Volpi	Yoanis Kovelis	W	10	7
Nicolas Volpi	Victor Raffo	W	13	8
Nicolas Volpi	Marlon Luis Aver	L	13	9
Erick Fava dos Reis Figueiredo Dias	Aluísio Nabinger	W	3	1
Erick Fava dos Reis Figueiredo Dias	Kaue Ramos	L	3	2
Erick Fava dos Reis Figueiredo Dias	Thiago Mota de Jesus	W	6	3
Erick Fava dos Reis Figueiredo Dias	Lucas Cunha	T	7	4
Erick Fava dos Reis Figueiredo Dias	Otavio Gouveia	W	10	5
Erick Fava dos Reis Figueiredo Dias	Andrew Ariel Dias	W	13	6
Erick Fava dos Reis Figueiredo Dias	Rodolfo Ferreira	L	13	7
Erick Fava dos Reis Figueiredo Dias	Gabriel Padinha	L	13	8
Erick Fava dos Reis Figueiredo Dias	Bruno Zolin Rodrigues	L	13	9
thiago santos	Caio Navarro	L	0	1
thiago santos	Christian Badenas	T	1	2
thiago santos	Larissa Marques	W	4	3
thiago santos	Francisco Bruno Silva Sousa	L	4	4
thiago santos	Emily Santrovitsch	W	7	5
thiago santos	Maria Luiza Pereira da Silva	W	10	6
thiago santos	João Mário Basso Nunes	W	13	7
thiago santos	gabriel land	L	13	8
thiago santos	João Pedro do Couto Caetano	L	13	9
Otavio Gouveia	Marcelo Guarita	W	3	1
Otavio Gouveia	Gabriel Pino Semedo	L	3	2
Otavio Gouveia	BRUNO PARTALA	T	4	3
Otavio Gouveia	bruno pereira	W	7	4
Otavio Gouveia	Erick Fava dos Reis Figueiredo Dias	L	7	5
Otavio Gouveia	José Paulo Reis Júnior	W	10	6
Otavio Gouveia	Andre Gnipper	L	10	7
Otavio Gouveia	Matheus Rui	W	13	8
Otavio Gouveia	Thalles Scheffer	L	13	9
Luis Pedro Ferrari Esbadalate	Giovanni Peragallo	L	0	1
Luis Pedro Ferrari Esbadalate	Thiago Mota de Jesus	L	0	2
Luis Pedro Ferrari Esbadalate	Edo Viega	W	3	3
Luis Pedro Ferrari Esbadalate	Mauricio Rio	W	6	4
Luis Pedro Ferrari Esbadalate	Jean Junior	W	9	5
Luis Pedro Ferrari Esbadalate	Renan Rudney	W	12	6
Luis Pedro Ferrari Esbadalate	Ariel Oliveira	T	13	7
Luis Pedro Ferrari Esbadalate	Guilherme Palitos	L	13	8
Luis Pedro Ferrari Esbadalate	lucas santos	L	13	9
Diogo Tomasi	Augusto Grovermann	W	3	1
Diogo Tomasi	Rodrigo Coltro	L	3	2
Diogo Tomasi	Guilherme Palitos	W	6	3
Diogo Tomasi	LUCAS PEDREIRA SILVEIRA	W	9	4
Diogo Tomasi	heitor duperron	L	9	5
Diogo Tomasi	Ariel Oliveira	L	9	6
Diogo Tomasi	Kevin Souza	T	10	7
Diogo Tomasi	Vitor Silva	W	13	8
Diogo Tomasi	Cleberson Matos	L	13	9
João Vitor Munhak	Camila Pastro	W	3	1
João Vitor Munhak	João Pedro Medeiros Zambrano	L	3	2
João Vitor Munhak	Bruno Sousa	W	6	3
João Vitor Munhak	Lucca Garcia	T	7	4
João Vitor Munhak	Emanuel De Lucena	W	10	5
João Vitor Munhak	Ricardo Vilela	L	10	6
João Vitor Munhak	Christian Badenas	L	10	7
João Vitor Munhak	Matias Matricardi	W	13	8
João Vitor Munhak	Jéssica Targino	L	13	9
Vitor Lugon Cacciari Martinelli	Chrystian Oliveira	W	3	1
Vitor Lugon Cacciari Martinelli	Pedro Lacerda	L	3	2
Vitor Lugon Cacciari Martinelli	Fernando Gonçalves	W	6	3
Vitor Lugon Cacciari Martinelli	Thiago Silva	T	7	4
Vitor Lugon Cacciari Martinelli	Andrew Ariel Dias	L	7	5
Vitor Lugon Cacciari Martinelli	João Mário Basso Nunes	L	7	6
Vitor Lugon Cacciari Martinelli	Marcus Ramos	W	10	7
Vitor Lugon Cacciari Martinelli	José Paulo Reis Júnior	W	13	8
Vitor Lugon Cacciari Martinelli	Claiton Vargas Maurente	L	13	9
Ariel Oliveira	gabriel land	L	0	1
Ariel Oliveira	Chrystian Oliveira	W	3	2
Ariel Oliveira	Luiggi Rossatto	W	6	3
Ariel Oliveira	Nicolas Ricardo Reiter	L	6	4
Ariel Oliveira	Eric Vitorino	W	9	5
Ariel Oliveira	Diogo Tomasi	W	12	6
Ariel Oliveira	Luis Pedro Ferrari Esbadalate	T	13	7
Ariel Oliveira	Pedro Mallet	L	13	8
Ariel Oliveira	Leandro Fernandes	L	13	9
Karolina Kruger	Bruno Souza	W	3	1
Karolina Kruger	Luiggi Rossatto	W	6	2
Karolina Kruger	Juliana Alves Marques	L	6	3
Karolina Kruger	Leonardo Danna	T	7	4
Karolina Kruger	Ruan silva da silva	W	10	5
Karolina Kruger	Gabriel Padinha	W	13	6
Karolina Kruger	Paulo Gouveia de Freitas	L	13	7
Karolina Kruger	Adriano Mazzarolo	L	13	8
Karolina Kruger	Andrew Ariel Dias	L	13	9
José Roberto Favato	Ricardo Vilela	T	1	1
José Roberto Favato	Iman Pinto	T	2	2
José Roberto Favato	Eduardo Wildner	W	5	3
José Roberto Favato	Diego Zaicovski	T	6	4
José Roberto Favato	Murilo Mercadante	L	6	5
José Roberto Favato	Jean Junior	L	6	6
José Roberto Favato	Sanderson Rafael Ribeiro Monteiro	T	7	7
José Roberto Favato	Ricardo da Silva Schmitt	W	10	8
José Roberto Favato	Matias Matricardi	W	13	9
João Mário Basso Nunes	Gabriel Eduardo Reiter	L	0	1
João Mário Basso Nunes	Bruno Brito Tavarnes	W	3	2
João Mário Basso Nunes	Renan Rudney	L	3	3
João Mário Basso Nunes	Diogo Avilla Sá	W	6	4
João Mário Basso Nunes	Ricardo da Silva Schmitt	T	7	5
João Mário Basso Nunes	Vitor Lugon Cacciari Martinelli	W	10	6
João Mário Basso Nunes	thiago santos	L	10	7
João Mário Basso Nunes	Victor hugo Pasqualino de Carvalho	W	13	8
João Mário Basso Nunes	João Coleoni	L	13	9
José Paulo Reis Júnior	gustavo wada	L	0	1
José Paulo Reis Júnior	Bruno De Lucena	T	1	2
José Paulo Reis Júnior	fabio cozzolino	W	4	3
José Paulo Reis Júnior	Bruno Sousa	W	7	4
José Paulo Reis Júnior	Thiago Burda Mayer	L	7	5
José Paulo Reis Júnior	Otavio Gouveia	L	7	6
José Paulo Reis Júnior	BRUNO PARTALA	W	10	7
José Paulo Reis Júnior	Vitor Lugon Cacciari Martinelli	L	10	8
José Paulo Reis Júnior	Braulio Benedito	W	13	9
Maria Luiza Pereira da Silva	Ricardo Pereira Celebroni	L	0	1
Maria Luiza Pereira da Silva	Augusto Grovermann	L	0	2
Maria Luiza Pereira da Silva	Julia Casa Granda	W	3	3
Maria Luiza Pereira da Silva	Eric Gottschalk	W	6	4
Maria Luiza Pereira da Silva	Amanda Bravo	T	7	5
Maria Luiza Pereira da Silva	thiago santos	L	7	6
Maria Luiza Pereira da Silva	Emanuel De Lucena	W	10	7
Maria Luiza Pereira da Silva	LUCAS PEDREIRA SILVEIRA	W	13	8
Maria Luiza Pereira da Silva	Diogo Avilla Sá	L	13	9
Fernando Souza	Augusto Beringuer	L	0	1
Fernando Souza	Damian Fernandez Urroz	L	0	2
Fernando Souza	Júlio César Crusaro	W	3	3
Fernando Souza	Chrystian Oliveira	W	6	4
Fernando Souza	Luciano Pinheiro	W	9	5
Fernando Souza	MATEUS LEWIN	L	9	6
Fernando Souza	Ian Fukuda	L	9	7
Fernando Souza	Braulio Benedito	T	10	8
Fernando Souza	Amanda Bravo	W	13	9
Nikolas Sales	Bruno Zolin Rodrigues	W	3	1
Nikolas Sales	Giovanni Peragallo	L	3	2
Nikolas Sales	Andrey Nogueira	W	6	3
Nikolas Sales	Cássio Mussulini	W	9	4
Nikolas Sales	Caio Navarro	L	9	5
Nikolas Sales	Rodrigo Ciulla	W	12	6
Nikolas Sales	Atila Augusto	L	12	7
Nikolas Sales	Rafael Yuiti	L	12	8
Nikolas Sales	Nathan da Rosa	L	12	9
Cauan Oliveira	lucas santos	W	3	1
Cauan Oliveira	Caio Navarro	W	6	2
Cauan Oliveira	João Pedro Medeiros Zambrano	W	9	3
Cauan Oliveira	gustavo wada	L	9	4
Cauan Oliveira	Douglas Torgo Fabretti	W	12	5
Cauan Oliveira	Augusto Beringuer	L	12	6
Cauan Oliveira	Paulo Anderson	L	12	7
Cauan Oliveira	JORGE DA SILVA VIEIRA	L	12	8
Cauan Oliveira	Kevin Tournon	L	12	9
Nicolas Ricardo Reiter	FERNANDO ANTPACK BETTIM	W	3	1
Nicolas Ricardo Reiter	VINICIUS GOMES	W	6	2
Nicolas Ricardo Reiter	Felipe Urias	L	6	3
Nicolas Ricardo Reiter	Ariel Oliveira	W	9	4
Nicolas Ricardo Reiter	Fernando Campista	L	9	5
Nicolas Ricardo Reiter	Juliana Alves Marques	W	12	6
Nicolas Ricardo Reiter	Cássio Mussulini	L	12	7
Nicolas Ricardo Reiter	Axel Sarmento	L	12	8
Nicolas Ricardo Reiter	Jonathan Fabrizio Bellucci Lanciano	L	12	9
João Vidal	BYE	W	3	1
João Vidal	Diogo Marchiori	L	3	2
João Vidal	Marcelo Antonio Turra	W	6	3
João Vidal	Michel Barbosa	W	9	4
João Vidal	Paulo Gouveia de Freitas	L	9	5
João Vidal	Iman Pinto	W	12	6
João Vidal	Pedro Dossi	L	12	7
João Vidal	João Pedro Medeiros Zambrano	L	12	8
João Vidal	Murilo Mercadante	L	12	9
MATEUS LEWIN	Jonathan Fabrizio Bellucci Lanciano	W	3	1
MATEUS LEWIN	Ruan silva da silva	W	6	2
MATEUS LEWIN	William Azevedo	L	6	3
MATEUS LEWIN	Thomas Coroa	W	9	4
MATEUS LEWIN	Rodrigo Coltro	L	9	5
MATEUS LEWIN	Fernando Souza	W	12	6
MATEUS LEWIN	Gabriel Eduardo Reiter	L	12	7
MATEUS LEWIN	EDUARDO DORCINIO	L	12	8
MATEUS LEWIN	Sebastian Arias	L	12	9
Jose Santos	Winston Chiba	W	3	1
Jose Santos	Bruno Sousa	W	6	2
Jose Santos	Kaue Ramos	W	9	3
Jose Santos	facundo facio	L	9	4
Jose Santos	Marcelo Cansian	L	9	5
Jose Santos	João Pedro Medeiros Zambrano	L	9	6
Jose Santos	Sebastian Arias	W	12	7
Jose Santos	Thomas Coroa	L	12	8
Jose Santos	Mateus Reis	L	12	9
Igor Araujo	ARTHUR VICTOR MONTEIRO SILVA	W	3	1
Igor Araujo	William Azevedo	L	3	2
Igor Araujo	Augusto Grovermann	W	6	3
Igor Araujo	Marcelo Guarita	W	9	4
Igor Araujo	Felipe Urias	L	9	5
Igor Araujo	Leonardo Oliveira	W	12	6
Igor Araujo	Marcelo Cansian	L	12	7
Igor Araujo	Lucas Magalhães	L	12	8
Igor Araujo	Carlos Barros	L	12	9
Endrews Oliveira	Ezequiel Jerez	L	0	1
Endrews Oliveira	Julia Casa Granda	W	3	2
Endrews Oliveira	Eric Gottschalk	W	6	3
Endrews Oliveira	Gabriel Eduardo Reiter	W	9	4
Endrews Oliveira	Juliana Alves Marques	W	12	5
Endrews Oliveira	heitor duperron	L	12	6
Endrews Oliveira	Eduardo Correa	L	12	7
Endrews Oliveira	Ian Fukuda	L	12	8
Endrews Oliveira	Bruno Guerra	L	12	9
Leonardo Alexandre Ferreira	Vitor Silva	L	0	1
Leonardo Alexandre Ferreira	Leonardo Walbrinch	W	3	2
Leonardo Alexandre Ferreira	Felipe Longo	L	3	3
Leonardo Alexandre Ferreira	Fabián Robledo	W	6	4
Leonardo Alexandre Ferreira	JORGE DA SILVA VIEIRA	L	6	5
Leonardo Alexandre Ferreira	Bruno Guerra	W	9	6
Leonardo Alexandre Ferreira	Lucas Cunha	L	9	7
Leonardo Alexandre Ferreira	Carlos Barros	L	9	8
Leonardo Alexandre Ferreira	Márcio Saldanha	W	12	9
Carlos Lopes	Paulo Gouveia de Freitas	L	0	1
Carlos Lopes	Victor Lima	W	3	2
Carlos Lopes	Gabriel Padinha	T	4	3
Carlos Lopes	Lucas Matheus	L	4	4
Carlos Lopes	FERNANDO ANTPACK BETTIM	T	5	5
Carlos Lopes	Sanderson Rafael Ribeiro Monteiro	T	6	6
Carlos Lopes	Ricardo Pereira Celebroni	W	9	7
Carlos Lopes	Aluísio Nabinger	L	9	8
Carlos Lopes	Pedro Henrique Guatura Darlan	W	12	9
Renan Rudney	Rafael Martins	W	3	1
Renan Rudney	Rodrigo Ciulla	L	3	2
Renan Rudney	João Mário Basso Nunes	W	6	3
Renan Rudney	Damian Fernandez Urroz	L	6	4
Renan Rudney	Victor Lima	W	9	5
Renan Rudney	Luis Pedro Ferrari Esbadalate	L	9	6
Renan Rudney	Cleberson Matos	L	9	7
Renan Rudney	Iman Pinto	W	12	8
Renan Rudney	Manuel Alcaíno	L	12	9
Djair Barros	Lucas Magalhães	L	0	1
Djair Barros	Bruno Guerra	W	3	2
Djair Barros	heitor duperron	L	3	3
Djair Barros	Murilo Mercadante	L	3	4
Djair Barros	Júlio César Crusaro	W	6	5
Djair Barros	Raul Bratti	W	9	6
Djair Barros	Axel Sarmento	L	9	7
Djair Barros	Augusto Grovermann	L	9	8
Djair Barros	Vitor Silva	W	12	9
Ezequiel Jerez	Endrews Oliveira	W	3	1
Ezequiel Jerez	Fernando Campista	L	3	2
Ezequiel Jerez	Thalles Scheffer	L	3	3
Ezequiel Jerez	Gustavo Muzell	W	6	4
Ezequiel Jerez	Michel Barbosa	L	6	5
Ezequiel Jerez	Jairo Borges Filho	W	9	6
Ezequiel Jerez	EDUARDO DORCINIO	L	9	7
Ezequiel Jerez	Camila Pastro	W	12	8
Ezequiel Jerez	Luis Delgado	L	12	9
Gustavo Muzell	Robert Hermes	W	3	1
Gustavo Muzell	Cássio Mussulini	L	3	2
Gustavo Muzell	Lucas Cunha	L	3	3
Gustavo Muzell	Ezequiel Jerez	L	3	4
Gustavo Muzell	Dhiego Garcia	W	6	5
Gustavo Muzell	Marcelo Guarita	L	6	6
Gustavo Muzell	Jairo Borges Filho	W	9	7
Gustavo Muzell	Michel Barbosa	W	12	8
Gustavo Muzell	Luiz Eduardo Brum Carrion	L	12	9
Juliana Alves Marques	Anderson Farina Styrnik	W	3	1
Juliana Alves Marques	Vitor Silva	W	6	2
Juliana Alves Marques	Karolina Kruger	W	9	3
Juliana Alves Marques	Felipe Beraldo	L	9	4
Juliana Alves Marques	Endrews Oliveira	L	9	5
Juliana Alves Marques	Nicolas Ricardo Reiter	L	9	6
Juliana Alves Marques	fabio cozzolino	W	12	7
Juliana Alves Marques	cristian andres muñoz	L	12	8
Juliana Alves Marques	Marcelo Guarita	L	12	9
Michel Barbosa	Manuel Alcaíno	L	0	1
Michel Barbosa	Aluísio Nabinger	W	3	2
Michel Barbosa	Amanda Bravo	W	6	3
Michel Barbosa	João Vidal	L	6	4
Michel Barbosa	Ezequiel Jerez	W	9	5
Michel Barbosa	Marcelo Pacaje	L	9	6
Michel Barbosa	Bruno Zolin Rodrigues	L	9	7
Michel Barbosa	Gustavo Muzell	L	9	8
Michel Barbosa	Esteban O’Compley	W	12	9
Ricardo Pereira Celebroni	Maria Luiza Pereira da Silva	W	3	1
Ricardo Pereira Celebroni	Pedro Mallet	L	3	2
Ricardo Pereira Celebroni	Kevin Souza	L	3	3
Ricardo Pereira Celebroni	Matias Matricardi	L	3	4
Ricardo Pereira Celebroni	Bruno Guerra	L	3	5
Ricardo Pereira Celebroni	Renata Pacheco	W	6	6
Ricardo Pereira Celebroni	Carlos Lopes	L	6	7
Ricardo Pereira Celebroni	Bruno Barbieri Zanchin	W	9	8
Ricardo Pereira Celebroni	Camila Pastro	W	12	9
Aluísio Nabinger	Erick Fava dos Reis Figueiredo Dias	L	0	1
Aluísio Nabinger	Michel Barbosa	L	0	2
Aluísio Nabinger	Victor Lima	L	0	3
Aluísio Nabinger	Júlio César Crusaro	L	0	4
Aluísio Nabinger	BYE	W	3	5
Aluísio Nabinger	Márcio Saldanha	W	6	6
Aluísio Nabinger	Fernando Gonçalves	W	9	7
Aluísio Nabinger	Carlos Lopes	W	12	8
Aluísio Nabinger	Augusto Grovermann	L	12	9
Thiago Burda Mayer	Cristofer Lima	W	3	1
Thiago Burda Mayer	João Coleoni	T	4	2
Thiago Burda Mayer	bruno pereira	W	7	3
Thiago Burda Mayer	Dalton Acchetta	L	7	4
Thiago Burda Mayer	José Paulo Reis Júnior	W	10	5
Thiago Burda Mayer	Raissa Arruda	L	10	6
Thiago Burda Mayer	Leonardo Danna	T	11	7
Thiago Burda Mayer	Gabriel Pino Semedo	L	11	8
Thiago Burda Mayer	Lucca Garcia	L	11	9
Francisco Bruno Silva Sousa	Claudio Ferla	W	3	1
Francisco Bruno Silva Sousa	gabriel land	T	4	2
Francisco Bruno Silva Sousa	Israel Escorizza	L	4	3
Francisco Bruno Silva Sousa	thiago santos	W	7	4
Francisco Bruno Silva Sousa	Julio Franche	W	10	5
Francisco Bruno Silva Sousa	Jean Duarte	T	11	6
Francisco Bruno Silva Sousa	André Miranda	L	11	7
Francisco Bruno Silva Sousa	Leonardo Walbrinch	L	11	8
Francisco Bruno Silva Sousa	Thiago Silva	L	11	9
Lucas Back	Miguel angelo Machado	W	3	1
Lucas Back	Carlos Barros	W	6	2
Lucas Back	facundo facio	L	6	3
Lucas Back	Diogo Marchiori	W	9	4
Lucas Back	Rafael Yuiti	L	9	5
Lucas Back	Eduardo Correa	L	9	6
Lucas Back	cristian andres muñoz	L	9	7
Lucas Back	Dhiego Garcia	T	10	8
Lucas Back	Gabriel Ienaga	T	11	9
Maurício Pereira	Diovanne Ouriques	W	3	1
Maurício Pereira	Andrew Ariel Dias	T	4	2
Maurício Pereira	Rodolfo Ferreira	L	4	3
Maurício Pereira	Mateus Ferreira	W	7	4
Maurício Pereira	Lucas Cunha	T	8	5
Maurício Pereira	Guilherme Palitos	L	8	6
Maurício Pereira	Ignacio Rzeszut	W	11	7
Maurício Pereira	Luiz Gustavo Bianchi	L	11	8
Maurício Pereira	Fellipe Da Costa	L	11	9
VINICIUS GOMES	Jean Junior	W	3	1
VINICIUS GOMES	Nicolas Ricardo Reiter	L	3	2
VINICIUS GOMES	Adriano Mazzarolo	W	6	3
VINICIUS GOMES	Felipe Longo	W	9	4
VINICIUS GOMES	Damian Fernandez Urroz	L	9	5
VINICIUS GOMES	Leonardo Walbrinch	L	9	6
VINICIUS GOMES	Matias Matricardi	T	10	7
VINICIUS GOMES	João Coleoni	L	10	8
VINICIUS GOMES	Dhiego Garcia	T	11	9
Ignacio Rzeszut	Sanderson Rafael Ribeiro Monteiro	T	1	1
Ignacio Rzeszut	Eduardo Correa	T	2	2
Ignacio Rzeszut	Pedro Pertusi	L	2	3
Ignacio Rzeszut	Matheus Lelis	W	5	4
Ignacio Rzeszut	Abelardo Fukasawa	W	8	5
Ignacio Rzeszut	Israel Escorizza	L	8	6
Ignacio Rzeszut	Maurício Pereira	L	8	7
Ignacio Rzeszut	Thiago Silva	L	8	8
Ignacio Rzeszut	Filipe Dik Barbosa de Almeida	W	11	9
BRUNO PARTALA	Julio Franche	W	3	1
BRUNO PARTALA	Felipe Beraldo	L	3	2
BRUNO PARTALA	Otavio Gouveia	T	4	3
BRUNO PARTALA	João Coleoni	L	4	4
BRUNO PARTALA	Luiz Gustavo Bianchi	L	4	5
BRUNO PARTALA	Robert Hermes	W	7	6
BRUNO PARTALA	José Paulo Reis Júnior	L	7	7
BRUNO PARTALA	Kaue Ramos	W	10	8
BRUNO PARTALA	Kevin Souza	T	11	9
Gabriel Ienaga	Pedro Pertusi	T	1	1
Gabriel Ienaga	Matheus Rui	L	1	2
Gabriel Ienaga	Yoanis Kovelis	L	1	3
Gabriel Ienaga	Jose Duarte	W	4	4
Gabriel Ienaga	Gustavo Serafim	W	7	5
Gabriel Ienaga	Pedro Mallet	L	7	6
Gabriel Ienaga	Diogo Avilla Sá	L	7	7
Gabriel Ienaga	Kelvyn Leote	W	10	8
Gabriel Ienaga	Lucas Back	T	11	9
Kevin Souza	Nicolas Buczak	L	0	1
Kevin Souza	Miguel angelo Machado	W	3	2
Kevin Souza	Ricardo Pereira Celebroni	W	6	3
Kevin Souza	Kaue Ramos	W	9	4
Kevin Souza	Augusto Beringuer	L	9	5
Kevin Souza	Cássio Mussulini	L	9	6
Kevin Souza	Diogo Tomasi	T	10	7
Kevin Souza	Diogo Avilla Sá	L	10	8
Kevin Souza	BRUNO PARTALA	T	11	9
Fabián Robledo	Guilherme Palitos	L	0	1
Fabián Robledo	Bruno Zolin Rodrigues	L	0	2
Fabián Robledo	Jonas Silva	W	3	3
Fabián Robledo	Leonardo Alexandre Ferreira	L	3	4
Fabián Robledo	Marcus Ramos	T	4	5
Fabián Robledo	Mateus Ferreira	W	7	6
Fabián Robledo	Thiago Silva	T	8	7
Fabián Robledo	Soly Waltrick Antunes Neto	W	11	8
Fabián Robledo	Abelardo Fukasawa	L	11	9
Dhiego Garcia	Felipe Fernandes	T	1	1
Dhiego Garcia	Pedro Pertusi	T	2	2
Dhiego Garcia	Iman Pinto	L	2	3
Dhiego Garcia	Marcus Ramos	T	3	4
Dhiego Garcia	Gustavo Muzell	L	3	5
Dhiego Garcia	Jonas Silva	W	6	6
Dhiego Garcia	Esteban O’Compley	W	9	7
Dhiego Garcia	Lucas Back	T	10	8
Dhiego Garcia	VINICIUS GOMES	T	11	9
FERNANDO ANTPACK BETTIM	Nicolas Ricardo Reiter	L	0	1
FERNANDO ANTPACK BETTIM	Matheus Lelis	T	1	2
FERNANDO ANTPACK BETTIM	Emanuel De Lucena	L	1	3
FERNANDO ANTPACK BETTIM	Robson Bittencourt	W	4	4
FERNANDO ANTPACK BETTIM	Carlos Lopes	T	5	5
FERNANDO ANTPACK BETTIM	Abelardo Fukasawa	W	8	6
FERNANDO ANTPACK BETTIM	Ricardo da Silva Schmitt	W	11	7
FERNANDO ANTPACK BETTIM	bruno pereira	L	11	8
FERNANDO ANTPACK BETTIM	MARCELO SABIA	L	11	9
Gustavo Serafim	Carlos Barros	L	0	1
Gustavo Serafim	Johan Cipriano	L	0	2
Gustavo Serafim	Filipe Dik Barbosa de Almeida	W	3	3
Gustavo Serafim	Emily Santrovitsch	T	4	4
Gustavo Serafim	Gabriel Ienaga	L	4	5
Gustavo Serafim	Felipe Fernandes	T	5	6
Gustavo Serafim	Soly Waltrick Antunes Neto	L	5	7
Gustavo Serafim	Matheus Lelis	W	8	8
Gustavo Serafim	Ricardo da Silva Schmitt	W	11	9
Winston Chiba	Jose Santos	L	0	1
Winston Chiba	ARTHUR VICTOR MONTEIRO SILVA	W	3	2
Winston Chiba	Atila Augusto	W	6	3
Winston Chiba	Jean Duarte	T	7	4
Winston Chiba	Pedro Mallet	W	10	5
Winston Chiba	Dalton Acchetta	L	10	6
Winston Chiba	Cristofer Lima	L	10	7
Victor hugo Pasqualino de Carvalho	Claiton Vargas Maurente	W	3	1
Victor hugo Pasqualino de Carvalho	Soly Waltrick Antunes Neto	T	4	2
Victor hugo Pasqualino de Carvalho	Dalton Acchetta	L	4	3
Victor hugo Pasqualino de Carvalho	Eduardo Nascimento	W	7	4
Victor hugo Pasqualino de Carvalho	Jean Duarte	L	7	5
Victor hugo Pasqualino de Carvalho	Thiago Silva	W	10	6
Victor hugo Pasqualino de Carvalho	gabriel land	L	10	7
Victor hugo Pasqualino de Carvalho	João Mário Basso Nunes	L	10	8
Diego Zaicovski	Patricia Gonzalez Walsh	T	1	1
Diego Zaicovski	Emanuel De Lucena	W	4	2
Diego Zaicovski	Ricardo Felipe	T	5	3
Diego Zaicovski	José Roberto Favato	T	6	4
Diego Zaicovski	Braulio Benedito	W	9	5
Diego Zaicovski	João Pedro do Couto Caetano	T	10	6
Diego Zaicovski	Ribamar José Bassan Filho	L	10	7
Diego Franche	Nicolas Volpi	L	0	1
Diego Franche	Kevin Tournon	W	3	2
Diego Franche	Lucas Matheus	T	4	3
Diego Franche	Tatiana Torricillas	W	7	4
Diego Franche	André Miranda	L	7	5
Diego Franche	Amanda Bravo	W	10	6
Diego Franche	Pedro Mallet	L	10	7
Diego Franche	Andrew Ariel Dias	L	10	8
Yasmin Cipelli	Robson Bittencourt	W	3	1
Yasmin Cipelli	Amanda Bravo	W	6	2
Yasmin Cipelli	Agustín Campo	L	6	3
Yasmin Cipelli	Julio Franche	T	7	4
Yasmin Cipelli	João Coleoni	W	10	5
Yasmin Cipelli	Rodolfo Ferreira	L	10	6
Yasmin Cipelli	Felipe Longo	L	10	7
Yasmin Cipelli	Thalles Scheffer	L	10	8
LUCAS PEDREIRA SILVEIRA	Lucca Garcia	L	0	1
LUCAS PEDREIRA SILVEIRA	Leonardo Santos Rocki	W	3	2
LUCAS PEDREIRA SILVEIRA	Claiton Vargas Maurente	W	6	3
LUCAS PEDREIRA SILVEIRA	Diogo Tomasi	L	6	4
LUCAS PEDREIRA SILVEIRA	Thalles Scheffer	T	7	5
LUCAS PEDREIRA SILVEIRA	Cristofer Lima	L	7	6
LUCAS PEDREIRA SILVEIRA	Diego Leonardo Audibert	W	10	7
LUCAS PEDREIRA SILVEIRA	Maria Luiza Pereira da Silva	L	10	8
Leonardo Oliveira	Leonardo Santos Rocki	W	3	1
Leonardo Oliveira	Guilherme Moreira	W	6	2
Leonardo Oliveira	gustavo wada	L	6	3
Leonardo Oliveira	Eric Vitorino	W	9	4
Leonardo Oliveira	Pedro Lacerda	L	9	5
Leonardo Oliveira	Igor Araujo	L	9	6
Leonardo Oliveira	Jéssica Targino	L	9	7
Leonardo Oliveira	Sebastian Arias	L	9	8
Leonardo Oliveira	fabio cozzolino	T	10	9
Matheus Rui	Abelardo Fukasawa	T	1	1
Matheus Rui	Gabriel Ienaga	W	4	2
Matheus Rui	Ricardo Vilela	L	4	3
Matheus Rui	Diego Barbosa	L	4	4
Matheus Rui	Victor Freitas	L	4	5
Matheus Rui	Guilherme Henrique Chimenes Kunz	W	7	6
Matheus Rui	Amanda Bravo	W	10	7
Matheus Rui	Otavio Gouveia	L	10	8
Braulio Benedito	Dalton Acchetta	L	0	1
Braulio Benedito	Bruno Souza	W	3	2
Braulio Benedito	Adriano Okraszewska	W	6	3
Braulio Benedito	Douglas Torgo Fabretti	L	6	4
Braulio Benedito	Diego Zaicovski	L	6	5
Braulio Benedito	Luciano Pinheiro	W	9	6
Braulio Benedito	Jonathan Fabrizio Bellucci Lanciano	L	9	7
Braulio Benedito	Fernando Souza	T	10	8
Braulio Benedito	José Paulo Reis Júnior	L	10	9
Julio Franche	BRUNO PARTALA	L	0	1
Julio Franche	Emily Santrovitsch	W	3	2
Julio Franche	Gabriel Crispim Carneiro	W	6	3
Julio Franche	Yasmin Cipelli	T	7	4
Julio Franche	Francisco Bruno Silva Sousa	L	7	5
Julio Franche	Andre Gnipper	L	7	6
Julio Franche	Kaue Ramos	W	10	7
Julio Franche	João Pedro do Couto Caetano	L	10	8
Matias Matricardi	Soly Waltrick Antunes Neto	L	0	1
Matias Matricardi	Esteban O’Compley	L	0	2
Matias Matricardi	Bruno Guerra	W	3	3
Matias Matricardi	Ricardo Pereira Celebroni	W	6	4
Matias Matricardi	Gabriel Eduardo Reiter	L	6	5
Matias Matricardi	Vitor Silva	W	9	6
Matias Matricardi	VINICIUS GOMES	T	10	7
Matias Matricardi	João Vitor Munhak	L	10	8
Matias Matricardi	José Roberto Favato	L	10	9
fabio cozzolino	Leonardo Nascimento	L	0	1
fabio cozzolino	Carlos Fazenda Jr	L	0	2
fabio cozzolino	José Paulo Reis Júnior	L	0	3
fabio cozzolino	Julia Casa Granda	W	3	4
fabio cozzolino	Eduardo Gomes	W	6	5
fabio cozzolino	Fernando Gonçalves	W	9	6
fabio cozzolino	Juliana Alves Marques	L	9	7
fabio cozzolino	Luiz Eduardo Brum Carrion	L	9	8
fabio cozzolino	Leonardo Oliveira	T	10	9
Victor Raffo	Luiz Eduardo Brum Carrion	L	0	1
Victor Raffo	Ricardo Ishida	W	3	2
Victor Raffo	Lucca Garcia	L	3	3
Victor Raffo	Pedro Henrique Guatura Darlan	W	6	4
Victor Raffo	Kaue Ramos	T	7	5
Victor Raffo	Leonardo Danna	L	7	6
Victor Raffo	Ruan silva da silva	W	10	7
Victor Raffo	Nicolas Volpi	L	10	8
Carla Patrícia	EDUARDO DORCINIO	L	0	1
Carla Patrícia	Guilherme Henrique Chimenes Kunz	L	0	2
Carla Patrícia	Jairo Borges Filho	W	3	3
Carla Patrícia	Carlos Barros	L	3	4
Carla Patrícia	Bruno Sousa	W	6	5
Carla Patrícia	Lucas Magalhães	L	6	6
Carla Patrícia	Augusto Grovermann	L	6	7
Carla Patrícia	Fernando Gonçalves	W	9	8
Carla Patrícia	Leonardo Santos Rocki	T	10	9
Amanda Bravo	Vinicius Moschen	W	3	1
Amanda Bravo	Yasmin Cipelli	L	3	2
Amanda Bravo	Michel Barbosa	L	3	3
Amanda Bravo	Bruno Barbieri Zanchin	W	6	4
Amanda Bravo	Maria Luiza Pereira da Silva	T	7	5
Amanda Bravo	Diego Franche	L	7	6
Amanda Bravo	Matheus Rui	L	7	7
Amanda Bravo	Ruan silva da silva	W	10	8
Amanda Bravo	Fernando Souza	L	10	9
Leonardo Santos Rocki	Leonardo Oliveira	L	0	1
Leonardo Santos Rocki	LUCAS PEDREIRA SILVEIRA	L	0	2
Leonardo Santos Rocki	Leonardo Walbrinch	L	0	3
Leonardo Santos Rocki	Jairo Borges Filho	L	0	4
Leonardo Santos Rocki	Filipe Dik Barbosa de Almeida	W	3	5
Leonardo Santos Rocki	Eduardo Gomes	W	6	6
Leonardo Santos Rocki	Vitor Silva	L	6	7
Leonardo Santos Rocki	Robert Hermes	W	9	8
Leonardo Santos Rocki	Carla Patrícia	T	10	9
Julia Casa Granda	Luiggi Rossatto	L	0	1
Julia Casa Granda	Endrews Oliveira	L	0	2
Julia Casa Granda	Maria Luiza Pereira da Silva	L	0	3
Julia Casa Granda	fabio cozzolino	L	0	4
Julia Casa Granda	Jonas Silva	L	0	5
Julia Casa Granda	Eduardo Wildner	W	3	6
Julia Casa Granda	Matheus Lelis	T	4	7
Julia Casa Granda	Andrey Nogueira	W	7	8
Julia Casa Granda	Jose Duarte	W	10	9
Rodrigo Ciulla	Everton Herber	W	3	1
Rodrigo Ciulla	Renan Rudney	W	6	2
Rodrigo Ciulla	Alexandre Sugano	L	6	3
Rodrigo Ciulla	Joao Bastos	L	6	4
Rodrigo Ciulla	Marcelo Guarita	W	9	5
Rodrigo Ciulla	Nikolas Sales	L	9	6
Thiago Mota de Jesus	William Azevedo	L	0	1
Thiago Mota de Jesus	Luis Pedro Ferrari Esbadalate	W	3	2
Thiago Mota de Jesus	Erick Fava dos Reis Figueiredo Dias	L	3	3
Thiago Mota de Jesus	Adriano Okraszewska	W	6	4
Thiago Mota de Jesus	Alexandre Braga	W	9	5
Thiago Mota de Jesus	Manuel Alcaíno	L	9	6
Thiago Mota de Jesus	Claiton Vargas Maurente	L	9	7
Raul Bratti	Rodolfo Ferreira	L	0	1
Raul Bratti	Jonathan Fabrizio Bellucci Lanciano	W	3	2
Raul Bratti	Guilherme Moreira	L	3	3
Raul Bratti	cristian andres muñoz	W	6	4
Raul Bratti	Atila Augusto	L	6	5
Raul Bratti	Djair Barros	L	6	6
Raul Bratti	Alex Ferreira	W	9	7
Raul Bratti	Nathan da Rosa	L	9	8
Douglas Torgo Fabretti	Emily Santrovitsch	W	3	1
Douglas Torgo Fabretti	Agustín Campo	L	3	2
Douglas Torgo Fabretti	Eduardo Gomes	W	6	3
Douglas Torgo Fabretti	Braulio Benedito	W	9	4
Douglas Torgo Fabretti	Cauan Oliveira	L	9	5
Douglas Torgo Fabretti	Atila Augusto	L	9	6
Douglas Torgo Fabretti	Jean Junior	L	9	7
Douglas Torgo Fabretti	MARCELO SABIA	L	9	8
Guilherme Moreira	JORGE DA SILVA VIEIRA	W	3	1
Guilherme Moreira	Leonardo Oliveira	L	3	2
Guilherme Moreira	Raul Bratti	W	6	3
Guilherme Moreira	João Pedro Medeiros Zambrano	L	6	4
Guilherme Moreira	Cássio Mussulini	L	6	5
Guilherme Moreira	Eric Vitorino	W	9	6
Guilherme Moreira	Adriano Mazzarolo	L	9	7
Iman Pinto	Mateus Reis	T	1	1
Iman Pinto	José Roberto Favato	T	2	2
Iman Pinto	Dhiego Garcia	W	5	3
Iman Pinto	Ricardo da Silva Schmitt	T	6	4
Iman Pinto	Marcelo Antonio Turra	W	9	5
Iman Pinto	João Vidal	L	9	6
Iman Pinto	Marlon Luis Aver	L	9	7
Iman Pinto	Renan Rudney	L	9	8
Gabriel Crispim Carneiro	Pedro Lacerda	L	0	1
Gabriel Crispim Carneiro	Jonas Silva	W	3	2
Gabriel Crispim Carneiro	Julio Franche	L	3	3
Gabriel Crispim Carneiro	Adriano Mazzarolo	L	3	4
Gabriel Crispim Carneiro	Felipe Breda	W	6	5
Gabriel Crispim Carneiro	ARTHUR VICTOR MONTEIRO SILVA	W	9	6
Gabriel Crispim Carneiro	Lucas Magalhães	L	9	7
Gabriel Crispim Carneiro	Marcelo Guarita	L	9	8
Silvano Brezolin	Agustín Campo	L	0	1
Silvano Brezolin	Camila Pastro	L	0	2
Silvano Brezolin	Anderson Farina Styrnik	W	3	3
Silvano Brezolin	Claiton Vargas Maurente	W	6	4
Silvano Brezolin	Jonathan Fabrizio Bellucci Lanciano	W	9	5
Pedro Henrique Guatura Darlan	Matheus Lelis	W	3	1
Pedro Henrique Guatura Darlan	Guilherme Banevicius	L	3	2
Pedro Henrique Guatura Darlan	Damian Fernandez Urroz	L	3	3
Pedro Henrique Guatura Darlan	Victor Raffo	L	3	4
Pedro Henrique Guatura Darlan	Jonathan de Carvalho	W	6	5
Pedro Henrique Guatura Darlan	Nicolas Buczak	W	9	6
Pedro Henrique Guatura Darlan	Kevin Tournon	L	9	7
Pedro Henrique Guatura Darlan	Bruno Guerra	L	9	8
Pedro Henrique Guatura Darlan	Carlos Lopes	L	9	9
Vitor Silva	Leonardo Alexandre Ferreira	W	3	1
Vitor Silva	Juliana Alves Marques	L	3	2
Vitor Silva	Eduardo Nascimento	W	6	3
Vitor Silva	Rodrigo Coltro	L	6	4
Vitor Silva	Felipe Longo	L	6	5
Vitor Silva	Matias Matricardi	L	6	6
Vitor Silva	Leonardo Santos Rocki	W	9	7
Vitor Silva	Diogo Tomasi	L	9	8
Vitor Silva	Djair Barros	L	9	9
Bruno Sousa	Christian Badenas	W	3	1
Bruno Sousa	Jose Santos	L	3	2
Bruno Sousa	João Vitor Munhak	L	3	3
Bruno Sousa	José Paulo Reis Júnior	L	3	4
Bruno Sousa	Carla Patrícia	L	3	5
Bruno Sousa	Andrey Nogueira	W	6	6
Bruno Sousa	ARTHUR VICTOR MONTEIRO SILVA	W	9	7
Bruno Sousa	Luis Delgado	L	9	8
Camila Pastro	João Vitor Munhak	L	0	1
Camila Pastro	Silvano Brezolin	W	3	2
Camila Pastro	Bruno Zolin Rodrigues	L	3	3
Camila Pastro	Fernando Gonçalves	L	3	4
Camila Pastro	Luiggi Rossatto	W	6	5
Camila Pastro	Jonathan Fabrizio Bellucci Lanciano	L	6	6
Camila Pastro	Felipe Fernandes	W	9	7
Camila Pastro	Ezequiel Jerez	L	9	8
Camila Pastro	Ricardo Pereira Celebroni	L	9	9
Esteban O’Compley	Pedro Mallet	L	0	1
Esteban O’Compley	Matias Matricardi	W	3	2
Esteban O’Compley	Leonardo Danna	L	3	3
Esteban O’Compley	Luciano Pinheiro	L	3	4
Esteban O’Compley	ARTHUR VICTOR MONTEIRO SILVA	L	3	5
Esteban O’Compley	Felipe Breda	W	6	6
Esteban O’Compley	Dhiego Garcia	L	6	7
Esteban O’Compley	Guilherme Henrique Chimenes Kunz	W	9	8
Esteban O’Compley	Michel Barbosa	L	9	9
Filipe Dik Barbosa de Almeida	Ribamar José Bassan Filho	L	0	1
Filipe Dik Barbosa de Almeida	Luciano Pinheiro	L	0	2
Filipe Dik Barbosa de Almeida	Gustavo Serafim	L	0	3
Filipe Dik Barbosa de Almeida	Douglas Marques	L	0	4
Filipe Dik Barbosa de Almeida	Leonardo Santos Rocki	L	0	5
Filipe Dik Barbosa de Almeida	BYE	W	3	6
Filipe Dik Barbosa de Almeida	Luiggi Rossatto	W	6	7
Filipe Dik Barbosa de Almeida	Eduardo Gomes	W	9	8
Filipe Dik Barbosa de Almeida	Ignacio Rzeszut	L	9	9
Márcio Saldanha	Marcelo Cansian	L	0	1
Márcio Saldanha	Eduardo Gomes	L	0	2
Márcio Saldanha	Emily Santrovitsch	L	0	3
Márcio Saldanha	Jonas Silva	W	3	4
Márcio Saldanha	Vitoria Mialski	L	3	5
Márcio Saldanha	Aluísio Nabinger	L	3	6
Márcio Saldanha	Felipe Breda	W	6	7
Márcio Saldanha	Jairo Borges Filho	W	9	8
Márcio Saldanha	Leonardo Alexandre Ferreira	L	9	9
Soly Waltrick Antunes Neto	Matias Matricardi	W	3	1
Soly Waltrick Antunes Neto	Victor hugo Pasqualino de Carvalho	T	4	2
Soly Waltrick Antunes Neto	gabriel land	L	4	3
Soly Waltrick Antunes Neto	Mateus Reis	L	4	4
Soly Waltrick Antunes Neto	Sanderson Rafael Ribeiro Monteiro	T	5	5
Soly Waltrick Antunes Neto	MARCELO SABIA	L	5	6
Soly Waltrick Antunes Neto	Gustavo Serafim	W	8	7
Soly Waltrick Antunes Neto	Fabián Robledo	L	8	8
Tiarles Assis	Emanuel De Lucena	T	1	1
Tiarles Assis	Patricia Gonzalez Walsh	L	1	2
Tiarles Assis	Luis Delgado	W	4	3
Tiarles Assis	Cristofer Lima	L	4	4
Tiarles Assis	bruno pereira	L	4	5
Tiarles Assis	Bruno De Lucena	L	4	6
Tiarles Assis	Guilherme Henrique Chimenes Kunz	T	5	7
Tiarles Assis	Felipe Fernandes	L	5	8
Tiarles Assis	Fernando Gonçalves	W	8	9
Ricardo da Silva Schmitt	Vitoria Mialski	W	3	1
Ricardo da Silva Schmitt	Diego Barbosa	T	4	2
Ricardo da Silva Schmitt	EDUARDO DORCINIO	T	5	3
Ricardo da Silva Schmitt	Iman Pinto	T	6	4
Ricardo da Silva Schmitt	João Mário Basso Nunes	T	7	5
Ricardo da Silva Schmitt	Eduardo Nascimento	T	8	6
Ricardo da Silva Schmitt	FERNANDO ANTPACK BETTIM	L	8	7
Ricardo da Silva Schmitt	José Roberto Favato	L	8	8
Ricardo da Silva Schmitt	Gustavo Serafim	L	8	9
Eduardo Nascimento	Kelvyn Leote	W	3	1
Eduardo Nascimento	EDUARDO DORCINIO	T	4	2
Eduardo Nascimento	Vitor Silva	L	4	3
Eduardo Nascimento	Victor hugo Pasqualino de Carvalho	L	4	4
Eduardo Nascimento	Jaison Comin	W	7	5
Eduardo Nascimento	Ricardo da Silva Schmitt	T	8	6
Eduardo Nascimento	bruno pereira	L	8	7
Victor Freitas	Cássio Mussulini	L	0	1
Victor Freitas	Tatiana Torricillas	T	1	2
Victor Freitas	Jaison Comin	L	1	3
Victor Freitas	Bernardo Marcon	W	4	4
Victor Freitas	Matheus Rui	W	7	5
Victor Freitas	Luis Delgado	T	8	6
Victor Freitas	Luiz Gustavo Bianchi	L	8	7
Felipe Fernandes	Dhiego Garcia	T	1	1
Felipe Fernandes	Jaison Comin	W	4	2
Felipe Fernandes	Andrew Ariel Dias	L	4	3
Felipe Fernandes	Emanuel De Lucena	L	4	4
Felipe Fernandes	Christian Badenas	L	4	5
Felipe Fernandes	Gustavo Serafim	T	5	6
Felipe Fernandes	Camila Pastro	L	5	7
Felipe Fernandes	Tiarles Assis	W	8	8
Jose Duarte	Ruan silva da silva	L	0	1
Jose Duarte	Eduardo Wildner	T	1	2
Jose Duarte	Luiz Gustavo Bianchi	L	1	3
Jose Duarte	Gabriel Ienaga	L	1	4
Jose Duarte	Bernardo Marcon	W	4	5
Jose Duarte	Emily Santrovitsch	T	5	6
Jose Duarte	Thomas Burmeister Silva	W	8	7
Jose Duarte	Abelardo Fukasawa	L	8	8
Jose Duarte	Julia Casa Granda	L	8	9
Miguel angelo Machado	Lucas Back	L	0	1
Miguel angelo Machado	Kevin Souza	L	0	2
Miguel angelo Machado	Robson Bittencourt	T	1	3
Miguel angelo Machado	Abelardo Fukasawa	L	1	4
Miguel angelo Machado	Larissa Marques	L	1	5
Miguel angelo Machado	Bernardo Marcon	T	2	6
Miguel angelo Machado	Eduardo Gomes	L	2	7
Miguel angelo Machado	Luiggi Rossatto	W	5	8
Miguel angelo Machado	Andrey Nogueira	W	8	9
Yoanis Kovelis	Diego Cassiraga	L	0	1
Yoanis Kovelis	Andre Gnipper	T	1	2
Yoanis Kovelis	Gabriel Ienaga	W	4	3
Yoanis Kovelis	Gabriel Padinha	L	4	4
Yoanis Kovelis	Diego Leonardo Audibert	L	4	5
Yoanis Kovelis	Jean Guilherme Pegoraro	W	7	6
Yoanis Kovelis	Nicolas Volpi	L	7	7
Yoanis Kovelis	Larissa Marques	7	8
Ruan silva da silva	Jose Duarte	W	3	1
Ruan silva da silva	MATEUS LEWIN	L	3	2
Ruan silva da silva	Cristofer Lima	T	4	3
Ruan silva da silva	Sanderson Rafael Ribeiro Monteiro	W	7	4
Ruan silva da silva	Karolina Kruger	L	7	5
Ruan silva da silva	Diego Barbosa	L	7	6
Ruan silva da silva	Victor Raffo	L	7	7
Ruan silva da silva	Amanda Bravo	L	7	8
Marcus Ramos	Raissa Arruda	T	1	1
Marcus Ramos	Ricardo Felipe	L	1	2
Marcus Ramos	Matheus Lelis	T	2	3
Marcus Ramos	Dhiego Garcia	T	3	4
Marcus Ramos	Fabián Robledo	T	4	5
Marcus Ramos	Larissa Marques	W	7	6
Marcus Ramos	Vitor Lugon Cacciari Martinelli	L	7	7
Marcus Ramos	Sanderson Rafael Ribeiro Monteiro	7	8
Emanuel De Lucena	Tiarles Assis	T	1	1
Emanuel De Lucena	Diego Zaicovski	L	1	2
Emanuel De Lucena	FERNANDO ANTPACK BETTIM	W	4	3
Emanuel De Lucena	Felipe Fernandes	W	7	4
Emanuel De Lucena	João Vitor Munhak	L	7	5
Emanuel De Lucena	Jéssica Targino	L	7	6
Emanuel De Lucena	Maria Luiza Pereira da Silva	L	7	7
Rafael Martins	Renan Rudney	L	0	1
Rafael Martins	Jéssica Targino	T	1	2
Rafael Martins	Emmanoel Amaral da Silva	W	4	3
Rafael Martins	Jaison Comin	W	7	4
Rafael Martins	Ribamar José Bassan Filho	L	7	5
Rafael Martins	Christian Badenas	L	7	6
Rafael Martins	Bruno De Lucena	7	7
Bruno De Lucena	Gabriel Padinha	L	0	1
Bruno De Lucena	José Paulo Reis Júnior	T	1	2
Bruno De Lucena	Jéssica Targino	L	1	3
Bruno De Lucena	Emmanoel Amaral da Silva	W	4	4
Bruno De Lucena	Luis Delgado	L	4	5
Bruno De Lucena	Tiarles Assis	W	7	6
Bruno De Lucena	Rafael Martins	7	7
Kaue Ramos	Edo Viega	W	3	1
Kaue Ramos	Erick Fava dos Reis Figueiredo Dias	W	6	2
Kaue Ramos	Jose Santos	L	6	3
Kaue Ramos	Kevin Souza	L	6	4
Kaue Ramos	Victor Raffo	T	7	5
Kaue Ramos	João Coleoni	L	7	6
Kaue Ramos	Julio Franche	L	7	7
Kaue Ramos	BRUNO PARTALA	L	7	8
Sanderson Rafael Ribeiro Monteiro	Ignacio Rzeszut	T	1	1
Sanderson Rafael Ribeiro Monteiro	Axel Sarmento	L	1	2
Sanderson Rafael Ribeiro Monteiro	Bernardo Marcon	W	4	3
Sanderson Rafael Ribeiro Monteiro	Ruan silva da silva	L	4	4
Sanderson Rafael Ribeiro Monteiro	Soly Waltrick Antunes Neto	T	5	5
Sanderson Rafael Ribeiro Monteiro	Carlos Lopes	T	6	6
Sanderson Rafael Ribeiro Monteiro	José Roberto Favato	T	7	7
Sanderson Rafael Ribeiro Monteiro	Marcus Ramos	7	8
Larissa Marques	Jaison Comin	T	1	1
Larissa Marques	Israel Escorizza	L	1	2
Larissa Marques	thiago santos	L	1	3
Larissa Marques	Diego Leonardo Audibert	L	1	4
Larissa Marques	Miguel angelo Machado	W	4	5
Larissa Marques	Marcus Ramos	L	4	6
Larissa Marques	Andrey Nogueira	W	7	7
Larissa Marques	Yoanis Kovelis	7	8
Diego Leonardo Audibert	Emmanoel Amaral da Silva	T	1	1
Diego Leonardo Audibert	MARCELO SABIA	L	1	2
Diego Leonardo Audibert	Mateus Ferreira	L	1	3
Diego Leonardo Audibert	Larissa Marques	W	4	4
Diego Leonardo Audibert	Yoanis Kovelis	W	7	5
Diego Leonardo Audibert	Thalles Scheffer	L	7	6
Diego Leonardo Audibert	LUCAS PEDREIRA SILVEIRA	L	7	7
Kelvyn Leote	Eduardo Nascimento	L	0	1
Kelvyn Leote	lucas santos	L	0	2
Kelvyn Leote	Kevin Tournon	L	0	3
Kelvyn Leote	Felipe Breda	L	0	4
Kelvyn Leote	ICARO FARIAS	T	1	5
Kelvyn Leote	Robson Bittencourt	W	4	6
Kelvyn Leote	Jean Guilherme Pegoraro	W	7	7
Kelvyn Leote	Gabriel Ienaga	L	7	8
Robert Hermes	Gustavo Muzell	L	0	1
Robert Hermes	Vitoria Mialski	L	0	2
Robert Hermes	Murilo Mercadante	L	0	3
Robert Hermes	Jean Guilherme Pegoraro	T	1	4
Robert Hermes	Emmanoel Amaral da Silva	W	4	5
Robert Hermes	BRUNO PARTALA	L	4	6
Robert Hermes	Chrystian Oliveira	W	7	7
Robert Hermes	Leonardo Santos Rocki	L	7	8
Eric Gottschalk	Eric Vitorino	L	0	1
Eric Gottschalk	Edo Viega	W	3	2
Eric Gottschalk	Endrews Oliveira	L	3	3
Eric Gottschalk	Maria Luiza Pereira da Silva	L	3	4
Eric Gottschalk	Jairo Borges Filho	L	3	5
Eric Gottschalk	Chrystian Oliveira	T	4	6
Eric Gottschalk	Jonas Silva	W	7	7
Nicolas Buczak	Kevin Souza	W	3	1
Nicolas Buczak	Paulo Anderson	W	6	2
Nicolas Buczak	Leandro Fernandes	L	6	3
Nicolas Buczak	Pedro Lacerda	L	6	4
Nicolas Buczak	João Pedro do Couto Caetano	L	6	5
Nicolas Buczak	Pedro Henrique Guatura Darlan	L	6	6
Nicolas Buczak	Vitoria Mialski	6	7
Bruno Souza	Karolina Kruger	L	0	1
Bruno Souza	Braulio Benedito	L	0	2
Bruno Souza	BYE	W	3	3
Bruno Souza	Atila Augusto	L	3	4
Bruno Souza	Renata Pacheco	W	6	5
Bruno Souza	Kevin Tournon	L	6	6
Gabriel Silva	Thalles Scheffer	W	3	1
Gabriel Silva	João Vitor De Sá Medeiros Santos	L	3	2
Gabriel Silva	Eric Vitorino	L	3	3
Gabriel Silva	Luiggi Rossatto	W	6	4
Gabriel Silva	Adriano Mazzarolo	L	6	5
Eric Vitorino	Eric Gottschalk	W	3	1
Eric Vitorino	Leandro Fernandes	L	3	2
Eric Vitorino	Gabriel Silva	W	6	3
Eric Vitorino	Leonardo Oliveira	L	6	4
Eric Vitorino	Ariel Oliveira	L	6	5
Eric Vitorino	Guilherme Moreira	L	6	6
Marcelo Antonio Turra	Alexandre Braga	L	0	1
Marcelo Antonio Turra	Murilo Mercadante	W	3	2
Marcelo Antonio Turra	João Vidal	L	3	3
Marcelo Antonio Turra	Johan Cipriano	W	6	4
Marcelo Antonio Turra	Iman Pinto	L	6	5
Marcelo Antonio Turra	Sebastian Arias	L	6	6
Vitoria Mialski	Ricardo da Silva Schmitt	L	0	1
Vitoria Mialski	Robert Hermes	W	3	2
Vitoria Mialski	Joao Bastos	L	3	3
Vitoria Mialski	Augusto Grovermann	L	3	4
Vitoria Mialski	Márcio Saldanha	W	6	5
Vitoria Mialski	cristian andres muñoz	L	6	6
Vitoria Mialski	Nicolas Buczak	6	7
Jairo Borges Filho	Rafael Yuiti	L	0	1
Jairo Borges Filho	Felipe Longo	L	0	2
Jairo Borges Filho	Carla Patrícia	L	0	3
Jairo Borges Filho	Leonardo Santos Rocki	W	3	4
Jairo Borges Filho	Eric Gottschalk	W	6	5
Jairo Borges Filho	Ezequiel Jerez	L	6	6
Jairo Borges Filho	Gustavo Muzell	L	6	7
Jairo Borges Filho	Márcio Saldanha	L	6	8
Luciano Pinheiro	Pedro Turra	L	0	1
Luciano Pinheiro	Filipe Dik Barbosa de Almeida	W	3	2
Luciano Pinheiro	Thiago Silva	L	3	3
Luciano Pinheiro	Esteban O’Compley	W	6	4
Luciano Pinheiro	Fernando Souza	L	6	5
Luciano Pinheiro	Braulio Benedito	L	6	6
Luciano Pinheiro	Bruno Guerra	L	6	7
Fernando Gonçalves	Paulo Anderson	L	0	1
Fernando Gonçalves	Robson Bittencourt	W	3	2
Fernando Gonçalves	Vitor Lugon Cacciari Martinelli	L	3	3
Fernando Gonçalves	Camila Pastro	W	6	4
Fernando Gonçalves	Marcelo Pacaje	L	6	5
Fernando Gonçalves	fabio cozzolino	L	6	6
Fernando Gonçalves	Aluísio Nabinger	L	6	7
Fernando Gonçalves	Carla Patrícia	L	6	8
Fernando Gonçalves	Tiarles Assis	L	6	9
Bruno Barbieri Zanchin	Andrey Nogueira	L	0	1
Bruno Barbieri Zanchin	Diogo Avilla Sá	W	3	2
Bruno Barbieri Zanchin	Jean Duarte	L	3	3
Bruno Barbieri Zanchin	Amanda Bravo	L	3	4
Bruno Barbieri Zanchin	Kevin Tournon	L	3	5
Bruno Barbieri Zanchin	Matheus Lelis	W	6	6
Bruno Barbieri Zanchin	Nathan da Rosa	L	6	7
Bruno Barbieri Zanchin	Ricardo Pereira Celebroni	L	6	8
Victor Lima	Diogo Marchiori	L	0	1
Victor Lima	Carlos Lopes	L	0	2
Victor Lima	Aluísio Nabinger	W	3	3
Victor Lima	Jonathan de Carvalho	W	6	4
Victor Lima	Renan Rudney	L	6	5
Victor Lima	Bruno Zolin Rodrigues	L	6	6
Alex Ferreira	Cleberson Matos	L	0	1
Alex Ferreira	Renata Pacheco	L	0	2
Alex Ferreira	ARTHUR VICTOR MONTEIRO SILVA	W	3	3
Alex Ferreira	Jean Junior	L	3	4
Alex Ferreira	Claiton Vargas Maurente	L	3	5
Alex Ferreira	Luiggi Rossatto	W	6	6
Alex Ferreira	Raul Bratti	L	6	7
Eduardo Gomes	Gabriel Pino Semedo	L	0	1
Eduardo Gomes	Márcio Saldanha	W	3	2
Eduardo Gomes	Douglas Torgo Fabretti	L	3	3
Eduardo Gomes	JORGE DA SILVA VIEIRA	L	3	4
Eduardo Gomes	fabio cozzolino	L	3	5
Eduardo Gomes	Leonardo Santos Rocki	L	3	6
Eduardo Gomes	Miguel angelo Machado	W	6	7
Eduardo Gomes	Filipe Dik Barbosa de Almeida	L	6	8
ARTHUR VICTOR MONTEIRO SILVA	Igor Araujo	L	0	1
ARTHUR VICTOR MONTEIRO SILVA	Winston Chiba	L	0	2
ARTHUR VICTOR MONTEIRO SILVA	Alex Ferreira	L	0	3
ARTHUR VICTOR MONTEIRO SILVA	ICARO FARIAS	W	3	4
ARTHUR VICTOR MONTEIRO SILVA	Esteban O’Compley	W	6	5
ARTHUR VICTOR MONTEIRO SILVA	Gabriel Crispim Carneiro	L	6	6
ARTHUR VICTOR MONTEIRO SILVA	Bruno Sousa	L	6	7
Luiggi Rossatto	Julia Casa Granda	W	3	1
Luiggi Rossatto	Karolina Kruger	L	3	2
Luiggi Rossatto	Ariel Oliveira	L	3	3
Luiggi Rossatto	Gabriel Silva	L	3	4
Luiggi Rossatto	Camila Pastro	L	3	5
Luiggi Rossatto	Alex Ferreira	L	3	6
Luiggi Rossatto	Filipe Dik Barbosa de Almeida	L	3	7
Luiggi Rossatto	Miguel angelo Machado	L	3	8
Luiggi Rossatto	BYE	W	6	9
Tatiana Torricillas	João Pedro Medeiros Zambrano	L	0	1
Tatiana Torricillas	Victor Freitas	T	1	2
Tatiana Torricillas	Christian Badenas	W	4	3
Tatiana Torricillas	Diego Franche	L	4	4
Tatiana Torricillas	Guilherme Palitos	L	4	5
Tatiana Torricillas	Mauricio Rio	T	5	6
Tatiana Torricillas	Abelardo Fukasawa	L	5	7
Mauricio Rio	Lucas Matheus	L	0	1
Mauricio Rio	Claiton Vargas Maurente	L	0	2
Mauricio Rio	Ricardo Ishida	W	3	3
Mauricio Rio	Luis Pedro Ferrari Esbadalate	L	3	4
Mauricio Rio	Guilherme Henrique Chimenes Kunz	T	4	5
Mauricio Rio	Tatiana Torricillas	T	5	6
Mauricio Rio	Emily Santrovitsch	5	7
Guilherme Henrique Chimenes Kunz	Leandro Fernandes	L	0	1
Guilherme Henrique Chimenes Kunz	Carla Patrícia	W	3	2
Guilherme Henrique Chimenes Kunz	Luiz Eduardo Brum Carrion	L	3	3
Guilherme Henrique Chimenes Kunz	Leonardo Walbrinch	L	3	4
Guilherme Henrique Chimenes Kunz	Mauricio Rio	T	4	5
Guilherme Henrique Chimenes Kunz	Matheus Rui	L	4	6
Guilherme Henrique Chimenes Kunz	Tiarles Assis	T	5	7
Guilherme Henrique Chimenes Kunz	Esteban O’Compley	L	5	8
Emily Santrovitsch	Douglas Torgo Fabretti	L	0	1
Emily Santrovitsch	Julio Franche	L	0	2
Emily Santrovitsch	Márcio Saldanha	W	3	3
Emily Santrovitsch	Gustavo Serafim	T	4	4
Emily Santrovitsch	thiago santos	L	4	5
Emily Santrovitsch	Jose Duarte	T	5	6
Emily Santrovitsch	Mauricio Rio	5	7
Bernardo Marcon	Eduardo Correa	T	1	1
Bernardo Marcon	bruno pereira	L	1	2
Bernardo Marcon	Sanderson Rafael Ribeiro Monteiro	L	1	3
Bernardo Marcon	Victor Freitas	L	1	4
Bernardo Marcon	Jose Duarte	L	1	5
Bernardo Marcon	Miguel angelo Machado	T	2	6
Bernardo Marcon	Robson Bittencourt	W	5	7
Bernardo Marcon	Thomas Burmeister Silva	5	8
Thomas Burmeister Silva	João Coleoni	L	0	1
Thomas Burmeister Silva	Marcelo Guarita	L	0	2
Thomas Burmeister Silva	Everton Herber	T	1	3
Thomas Burmeister Silva	Luis Delgado	L	1	4
Thomas Burmeister Silva	Matheus Lelis	T	2	5
Thomas Burmeister Silva	Douglas Marques	W	5	6
Thomas Burmeister Silva	Jose Duarte	L	5	7
Thomas Burmeister Silva	Bernardo Marcon	5	8
Mateus Ferreira	facundo facio	L	0	1
Mateus Ferreira	Abelardo Fukasawa	T	1	2
Mateus Ferreira	Diego Leonardo Audibert	W	4	3
Mateus Ferreira	Maurício Pereira	L	4	4
Mateus Ferreira	Axel Sarmento	L	4	5
Mateus Ferreira	Fabián Robledo	L	4	6
Andrey Nogueira	Bruno Barbieri Zanchin	W	3	1
Andrey Nogueira	Pedro Dossi	L	3	2
Andrey Nogueira	Nikolas Sales	L	3	3
Andrey Nogueira	Guilherme Palitos	T	4	4
Andrey Nogueira	Andre Gnipper	L	4	5
Andrey Nogueira	Bruno Sousa	L	4	6
Andrey Nogueira	Larissa Marques	L	4	7
Andrey Nogueira	Julia Casa Granda	L	4	8
Andrey Nogueira	Miguel angelo Machado	L	4	9
Chrystian Oliveira	Vitor Lugon Cacciari Martinelli	L	0	1
Chrystian Oliveira	Ariel Oliveira	L	0	2
Chrystian Oliveira	ICARO FARIAS	W	3	3
Chrystian Oliveira	Fernando Souza	L	3	4
Chrystian Oliveira	Diogo Avilla Sá	L	3	5
Chrystian Oliveira	Eric Gottschalk	T	4	6
Chrystian Oliveira	Robert Hermes	L	4	7
Jean Guilherme Pegoraro	Thomas Coroa	L	0	1
Jean Guilherme Pegoraro	Jean Duarte	L	0	2
Jean Guilherme Pegoraro	João Pedro do Couto Caetano	L	0	3
Jean Guilherme Pegoraro	Robert Hermes	T	1	4
Jean Guilherme Pegoraro	Eduardo Wildner	W	4	5
Jean Guilherme Pegoraro	Yoanis Kovelis	L	4	6
Jean Guilherme Pegoraro	Kelvyn Leote	L	4	7
Jaison Comin	Larissa Marques	T	1	1
Jaison Comin	Felipe Fernandes	L	1	2
Jaison Comin	Victor Freitas	W	4	3
Jaison Comin	Rafael Martins	L	4	4
Jaison Comin	Eduardo Nascimento	L	4	5
Matheus Lelis	Pedro Henrique Guatura Darlan	L	0	1
Matheus Lelis	FERNANDO ANTPACK BETTIM	T	1	2
Matheus Lelis	Marcus Ramos	T	2	3
Matheus Lelis	Ignacio Rzeszut	L	2	4
Matheus Lelis	Thomas Burmeister Silva	T	3	5
Matheus Lelis	Bruno Barbieri Zanchin	L	3	6
Matheus Lelis	Julia Casa Granda	T	4	7
Matheus Lelis	Gustavo Serafim	L	4	8
Carlos Fazenda Jr	Marlon Luis Aver	L	0	1
Carlos Fazenda Jr	fabio cozzolino	W	3	2
Eduardo Pompermayer	Rodrigo Coltro	L	0	1
Eduardo Pompermayer	Everton Herber	W	3	2
Jonathan de Carvalho	Jean Duarte	W	3	1
Jonathan de Carvalho	gustavo wada	L	3	2
Jonathan de Carvalho	Angel Aranibar Huamaní	L	3	3
Jonathan de Carvalho	Victor Lima	L	3	4
Jonathan de Carvalho	Pedro Henrique Guatura Darlan	L	3	5
Adriano Okraszewska	Felipe Urias	L	0	1
Adriano Okraszewska	BYE	W	3	2
Adriano Okraszewska	Braulio Benedito	L	3	3
Adriano Okraszewska	Thiago Mota de Jesus	L	3	4
Johan Cipriano	André Miranda	L	0	1
Johan Cipriano	Gustavo Serafim	W	3	2
Johan Cipriano	Claudio Ferla	L	3	3
Johan Cipriano	Marcelo Antonio Turra	L	3	4
Júlio César Crusaro	Ian Fukuda	L	0	1
Júlio César Crusaro	Thalles Scheffer	L	0	2
Júlio César Crusaro	Fernando Souza	L	0	3
Júlio César Crusaro	Aluísio Nabinger	W	3	4
Júlio César Crusaro	Djair Barros	L	3	5
Diovanne Ouriques	Maurício Pereira	L	0	1
Diovanne Ouriques	Douglas Marques	W	3	2
Diovanne Ouriques	lucas santos	L	3	3
Diovanne Ouriques	Jonathan Fabrizio Bellucci Lanciano	L	3	4
Diovanne Ouriques	Nathan da Rosa	L	3	5
Douglas Marques	Gabriel Roide	L	0	1
Douglas Marques	Diovanne Ouriques	L	0	2
Douglas Marques	Diogo Avilla Sá	L	0	3
Douglas Marques	Filipe Dik Barbosa de Almeida	W	3	4
Douglas Marques	cristian andres muñoz	L	3	5
Douglas Marques	Thomas Burmeister Silva	L	3	6
Jonas Silva	Atila Augusto	L	0	1
Jonas Silva	Gabriel Crispim Carneiro	L	0	2
Jonas Silva	Fabián Robledo	L	0	3
Jonas Silva	Márcio Saldanha	L	0	4
Jonas Silva	Julia Casa Granda	W	3	5
Jonas Silva	Dhiego Garcia	L	3	6
Jonas Silva	Eric Gottschalk	L	3	7
Jonas Silva	Robson Bittencourt	3	8
Felipe Breda	Thiago Silva	L	0	1
Felipe Breda	Jean Junior	L	0	2
Felipe Breda	JORGE DA SILVA VIEIRA	L	0	3
Felipe Breda	Kelvyn Leote	W	3	4
Felipe Breda	Gabriel Crispim Carneiro	L	3	5
Felipe Breda	Esteban O’Compley	L	3	6
Felipe Breda	Márcio Saldanha	L	3	7
Renata Pacheco	Nathan da Rosa	L	0	1
Renata Pacheco	Alex Ferreira	W	3	2
Renata Pacheco	Alexandre Braga	L	3	3
Renata Pacheco	Sebastian Arias	L	3	4
Renata Pacheco	Bruno Souza	L	3	5
Renata Pacheco	Ricardo Pereira Celebroni	L	3	6
Everton Herber	Rodrigo Ciulla	L	0	1
Everton Herber	Eduardo Pompermayer	L	0	2
Everton Herber	Thomas Burmeister Silva	T	1	3
Everton Herber	Andre Gnipper	L	1	4
Everton Herber	Robson Bittencourt	T	2	5
Robson Bittencourt	Yasmin Cipelli	L	0	1
Robson Bittencourt	Fernando Gonçalves	L	0	2
Robson Bittencourt	Miguel angelo Machado	T	1	3
Robson Bittencourt	FERNANDO ANTPACK BETTIM	L	1	4
Robson Bittencourt	Everton Herber	T	2	5
Robson Bittencourt	Kelvyn Leote	L	2	6
Robson Bittencourt	Bernardo Marcon	L	2	7
Robson Bittencourt	Jonas Silva	2	8
Eduardo Wildner	João Vitor De Sá Medeiros Santos	L	0	1
Eduardo Wildner	Jose Duarte	T	1	2
Eduardo Wildner	José Roberto Favato	L	1	3
Eduardo Wildner	Christian Badenas	L	1	4
Eduardo Wildner	Jean Guilherme Pegoraro	L	1	5
Eduardo Wildner	Julia Casa Granda	L	1	6
Emmanoel Amaral da Silva	Diego Leonardo Audibert	T	1	1
Emmanoel Amaral da Silva	Ricardo Vilela	L	1	2
Emmanoel Amaral da Silva	Rafael Martins	L	1	3
Emmanoel Amaral da Silva	Bruno De Lucena	L	1	4
Emmanoel Amaral da Silva	Robert Hermes	L	1	5
Emmanoel Amaral da Silva	ICARO FARIAS	1	6
ICARO FARIAS	cristian andres muñoz	L	0	1
ICARO FARIAS	Vinicius Lopes de Souza Lopes de Souza	L	0	2
ICARO FARIAS	Chrystian Oliveira	L	0	3
ICARO FARIAS	ARTHUR VICTOR MONTEIRO SILVA	L	0	4
ICARO FARIAS	Kelvyn Leote	T	1	5
ICARO FARIAS	Emmanoel Amaral da Silva	1	6
Rodrigo Moraes	Pedro Dossi	L	0	1
Vinicius Moschen	Amanda Bravo	L	0	1
Anderson Farina Styrnik	Juliana Alves Marques	L	0	1
Anderson Farina Styrnik	Angel Aranibar Huamaní	L	0	2
Anderson Farina Styrnik	Silvano Brezolin	L	0	3
Bruno Brito Tavarnes	Lucas Cunha	L	0	1
Bruno Brito Tavarnes	João Mário Basso Nunes	L	0	2
Bruno Brito Tavarnes	Jonathan Fabrizio Bellucci Lanciano	L	0	3
Bruno Brito Tavarnes	Bruno Guerra	L	0	4
Edo Viega	Kaue Ramos	L	0	1
Edo Viega	Eric Gottschalk	L	0	2
Edo Viega	Luis Pedro Ferrari Esbadalate	L	0	3
Ricardo Ishida	Adriano Mazzarolo	L	0	1
Ricardo Ishida	Victor Raffo	L	0	2
Ricardo Ishida	Mauricio Rio	L	0	3
Alexandre Braga	Marcelo Antonio Turra	W	3	1
Alexandre Braga	Augusto Beringuer	L	3	2
Alexandre Braga	Renata Pacheco	W	6	3
Alexandre Braga	Caio Navarro	L	6	4
Alexandre Braga	Thiago Mota de Jesus	L	6	5
