Jon Eng [US]	Shar Rivera [PR]	W	3	1
Jon Eng [US]	Stephen Richardson [US]	W	6	2
Jon Eng [US]	Aidan Khus [US]	T	7	3
Jon Eng [US]	Gabriel Perez [US]	W	10	4
Jon Eng [US]	Eric Ridgeway [AE]	W	13	5
Jon Eng [US]	Jared Woitalla [US]	W	16	6
Jon Eng [US]	Anthony Bruno [US]	T	17	7
Jon Eng [US]	James Hart [US]	W	20	8
Jon Eng [US]	Ramon Miranda [PR]	W	23	9
Jon Eng [US]	Aidan Khus [US]	W	26	10
Aidan Khus [US]	Jose Torres [PR]	W	3	1
Aidan Khus [US]	Juan David Oganes [PR]	W	6	2
Aidan Khus [US]	Jon Eng [US]	T	7	3
Aidan Khus [US]	Maddox Corcoran [US]	W	10	4
Aidan Khus [US]	Anthonie Ramirez [PR]	W	13	5
Aidan Khus [US]	Anthony Bruno [US]	L	13	6
Aidan Khus [US]	Karl Alvarez [PR]	W	16	7
Aidan Khus [US]	Anthony Bruno [US]	W	19	8
Aidan Khus [US]	Alex Rubin [US]	W	22	9
Aidan Khus [US]	Jon Eng [US]	L	22	10
Ramon Miranda [PR]	Braulio Rivera [PR]	W	3	1
Ramon Miranda [PR]	Bodden Castillo [PR]	W	6	2
Ramon Miranda [PR]	David Cooper [US]	W	9	3
Ramon Miranda [PR]	Frank Zapata [PR]	W	12	4
Ramon Miranda [PR]	Juan Oliveras [PR]	W	15	5
Ramon Miranda [PR]	Carlos Medina Astete [PE]	T	16	6
Ramon Miranda [PR]	James Hart [US]	T	17	7
Ramon Miranda [PR]	Gabriel Perez [US]	W	20	8
Ramon Miranda [PR]	Jon Eng [US]	L	20	9
Alex Rubin [US]	Carlos Ramos [PR]	W	3	1
Alex Rubin [US]	Gabriel Rosa [PR]	W	6	2
Alex Rubin [US]	Jose Carlos Burgos [PR]	T	7	3
Alex Rubin [US]	Carlos Medina Astete [PE]	L	7	4
Alex Rubin [US]	Shar Rivera [PR]	W	10	5
Alex Rubin [US]	Emmanuel Alicea [PR]	W	13	6
Alex Rubin [US]	Eduardo Meléndez [PR]	W	16	7
Alex Rubin [US]	Carlos Medina Astete [PE]	W	19	8
Alex Rubin [US]	Aidan Khus [US]	L	19	9
Carlos Medina Astete [PE]	Connor Finton [US]	W	3	1
Carlos Medina Astete [PE]	David Fernandez [MX]	W	6	2
Carlos Medina Astete [PE]	Jared Woitalla [US]	T	7	3
Carlos Medina Astete [PE]	Alex Rubin [US]	W	10	4
Carlos Medina Astete [PE]	Jerry Han [US]	W	13	5
Carlos Medina Astete [PE]	Ramon Miranda [PR]	T	14	6
Carlos Medina Astete [PE]	Emmanuel Cruz [PR]	W	17	7
Carlos Medina Astete [PE]	Alex Rubin [US]	L	17	8
Anthony Bruno [US]	Jesus Garcia [PR]	W	3	1
Anthony Bruno [US]	Casey Bennink [AE]	W	6	2
Anthony Bruno [US]	Jacob Peltier [US]	T	7	3
Anthony Bruno [US]	Jean Paul Diaz Ortiz [PR]	W	10	4
Anthony Bruno [US]	Hasan Kunukcu [US]	W	13	5
Anthony Bruno [US]	Aidan Khus [US]	W	16	6
Anthony Bruno [US]	Jon Eng [US]	T	17	7
Anthony Bruno [US]	Aidan Khus [US]	L	17	8
Gabriel Perez [US]	Andy Gray [US]	W	3	1
Gabriel Perez [US]	Beatriz Díaz [PR]	W	6	2
Gabriel Perez [US]	Julio Santos [PR]	T	7	3
Gabriel Perez [US]	Jon Eng [US]	L	7	4
Gabriel Perez [US]	Frank Zapata [PR]	W	10	5
Gabriel Perez [US]	Juan Oliveras [PR]	W	13	6
Gabriel Perez [US]	Ludwig Llanos [PR]	W	16	7
Gabriel Perez [US]	Ramon Miranda [PR]	L	16	8
James Hart [US]	Alberto Medina Soto [PR]	W	3	1
James Hart [US]	Julio Santos [PR]	L	3	2
James Hart [US]	Edward Rivera [PR]	W	6	3
James Hart [US]	Nathaniel Rivera [PR]	W	9	4
James Hart [US]	Connor Finton [US]	W	12	5
James Hart [US]	David Cooper [US]	W	15	6
James Hart [US]	Ramon Miranda [PR]	T	16	7
James Hart [US]	Jon Eng [US]	L	16	8
James Cox [NL]	Ciaran Farah [CA]	T	1	1
James Cox [NL]	Samuel Ruiz [PR]	L	1	2
James Cox [NL]	Ajay Sridhar [US]	W	4	3
James Cox [NL]	Carlos Pastor [PR]	W	7	4
James Cox [NL]	Diego Contes [PR]	W	10	5
James Cox [NL]	Andy Gray [US]	W	13	6
James Cox [NL]	Eric Ridgeway [AE]	W	16	7
Juan Flores [US]	Jose Gabriel Gómez Pérez [PR]	W	3	1
Juan Flores [US]	Rafael Perez [PR]	T	4	2
Juan Flores [US]	Ciaran Farah [CA]	T	5	3
Juan Flores [US]	Aaron Noel Santos [US]	T	6	4
Juan Flores [US]	Prin Basser [US]	W	9	5
Juan Flores [US]	Clayton May [US]	W	12	6
Juan Flores [US]	Carlos Rodil [PR]	W	15	7
Jared Woitalla [US]	Ricardo Rivera Luciano [PR]	W	3	1
Jared Woitalla [US]	Juan Pérez [PR]	W	6	2
Jared Woitalla [US]	Carlos Medina Astete [PE]	T	7	3
Jared Woitalla [US]	Jose Carlos Burgos [PR]	W	10	4
Jared Woitalla [US]	Ludwig Llanos [PR]	W	13	5
Jared Woitalla [US]	Jon Eng [US]	L	13	6
Jared Woitalla [US]	Jerry Han [US]	T	14	7
Jerry Han [US]	Wilfredo Crespo [US]	T	1	1
Jerry Han [US]	Juan Pereira [PR]	W	4	2
Jerry Han [US]	Orlando Álvarez [PR]	W	7	3
Jerry Han [US]	Karl Alvarez [PR]	W	10	4
Jerry Han [US]	Carlos Medina Astete [PE]	L	10	5
Jerry Han [US]	Anthonie Ramirez [PR]	W	13	6
Jerry Han [US]	Jared Woitalla [US]	T	14	7
Emmanuel Cruz [PR]	Orlando Álvarez [PR]	T	1	1
Emmanuel Cruz [PR]	Sedrick Serrano [PR]	W	4	2
Emmanuel Cruz [PR]	Nelson Barros [BR]	T	5	3
Emmanuel Cruz [PR]	Nelson Martinez Guzman [PR]	W	8	4
Emmanuel Cruz [PR]	Tyler Annaert [CA]	W	11	5
Emmanuel Cruz [PR]	Eduardo Meléndez [PR]	W	14	6
Emmanuel Cruz [PR]	Carlos Medina Astete [PE]	L	14	7
Nelson Barros [BR]	Robert Simpson [CA]	T	1	1
Nelson Barros [BR]	Diego Contes [PR]	W	4	2
Nelson Barros [BR]	Emmanuel Cruz [PR]	T	5	3
Nelson Barros [BR]	Gabriel Smart [US]	W	8	4
Nelson Barros [BR]	José Torres [PR]	W	11	5
Nelson Barros [BR]	Ludwig Llanos [PR]	L	11	6
Nelson Barros [BR]	Jose Carlos Burgos [PR]	W	14	7
Jacob Peltier [US]	Nathan Brower [US]	W	3	1
Jacob Peltier [US]	Carlos Pastor [PR]	W	6	2
Jacob Peltier [US]	Anthony Bruno [US]	T	7	3
Jacob Peltier [US]	Eric Ridgeway [AE]	L	7	4
Jacob Peltier [US]	Beatriz Díaz [PR]	T	8	5
Jacob Peltier [US]	Brian Gonzalez Carventes [PR]	W	11	6
Jacob Peltier [US]	José Torres [PR]	W	14	7
Joshua Cohen [AE]	Jose Marzan [PR]	T	1	1
Joshua Cohen [AE]	Aaron Noel Santos [US]	T	2	2
Joshua Cohen [AE]	Carlos Rodriguez Conesa [PR]	W	5	3
Joshua Cohen [AE]	José Torres [PR]	L	5	4
Joshua Cohen [AE]	Wilfredo Crespo [US]	W	8	5
Joshua Cohen [AE]	Carlos Traverzo [PR]	W	11	6
Joshua Cohen [AE]	Jalen Jones [US]	W	14	7
Tyler Annaert [CA]	Richard Fernandez [US]	T	1	1
Tyler Annaert [CA]	Wilfredo Crespo [US]	T	2	2
Tyler Annaert [CA]	Jeric Vera [PR]	W	5	3
Tyler Annaert [CA]	Ismanuel Rivera [PR]	W	8	4
Tyler Annaert [CA]	Emmanuel Cruz [PR]	L	8	5
Tyler Annaert [CA]	Julio Santos [PR]	W	11	6
Tyler Annaert [CA]	Cristian Rodriguez [PR]	W	14	7
Karl Alvarez [PR]	Jose Gonzalez [PR]	W	3	1
Karl Alvarez [PR]	Sheldon Kuppan [GB]	W	6	2
Karl Alvarez [PR]	Hector Hoyos [PR]	T	7	3
Karl Alvarez [PR]	Jerry Han [US]	L	7	4
Karl Alvarez [PR]	Sylvester Kwon [US]	W	10	5
Karl Alvarez [PR]	Hasan Kunukcu [US]	W	13	6
Karl Alvarez [PR]	Aidan Khus [US]	L	13	7
David Cooper [US]	Royer Espinosa [PR]	W	3	1
David Cooper [US]	Parker Greenwald [US]	W	6	2
David Cooper [US]	Ramon Miranda [PR]	L	6	3
David Cooper [US]	David Fernandez [MX]	W	9	4
David Cooper [US]	Matthew Brower [US]	W	12	5
David Cooper [US]	James Hart [US]	L	12	6
David Cooper [US]	Connor Finton [US]	T	13	7
Maddox Corcoran [US]	Aaron Noel Santos [US]	T	1	1
Maddox Corcoran [US]	Clayton May [US]	W	4	2
Maddox Corcoran [US]	Carlos Traverzo [PR]	W	7	3
Maddox Corcoran [US]	Aidan Khus [US]	L	7	4
Maddox Corcoran [US]	Jose Horta [PR]	W	10	5
Maddox Corcoran [US]	Eric Ridgeway [AE]	L	10	6
Maddox Corcoran [US]	Andy Gray [US]	W	13	7
Aaron Noel Santos [US]	Maddox Corcoran [US]	T	1	1
Aaron Noel Santos [US]	Joshua Cohen [AE]	T	2	2
Aaron Noel Santos [US]	Kenneth Miranda [PR]	W	5	3
Aaron Noel Santos [US]	Juan Flores [US]	T	6	4
Aaron Noel Santos [US]	David Fernandez [MX]	W	9	5
Aaron Noel Santos [US]	Nathaniel Rivera [PR]	W	12	6
Aaron Noel Santos [US]	Gabriel Smart [US]	T	13	7
Ludwig Llanos [PR]	Ajay Sridhar [US]	W	3	1
Ludwig Llanos [PR]	Brian Gonzalez Carventes [PR]	W	6	2
Ludwig Llanos [PR]	Victor Carrillo [PR]	W	9	3
Ludwig Llanos [PR]	Juan Oliveras [PR]	T	10	4
Ludwig Llanos [PR]	Jared Woitalla [US]	L	10	5
Ludwig Llanos [PR]	Nelson Barros [BR]	W	13	6
Ludwig Llanos [PR]	Gabriel Perez [US]	L	13	7
Eric Ridgeway [AE]	Gustavo Miranda [PR]	T	1	1
Eric Ridgeway [AE]	Ricardo Montes [PR]	W	4	2
Eric Ridgeway [AE]	Adam Reinhardt [US]	W	7	3
Eric Ridgeway [AE]	Jacob Peltier [US]	W	10	4
Eric Ridgeway [AE]	Jon Eng [US]	L	10	5
Eric Ridgeway [AE]	Maddox Corcoran [US]	W	13	6
Eric Ridgeway [AE]	James Cox [NL]	L	13	7
Connor Finton [US]	Carlos Medina Astete [PE]	L	0	1
Connor Finton [US]	Tony Santos [US]	W	3	2
Connor Finton [US]	Emanuel Hernandez [PR]	W	6	3
Connor Finton [US]	Casey Bennink [AE]	W	9	4
Connor Finton [US]	James Hart [US]	L	9	5
Connor Finton [US]	Jose Gonzalez [PR]	W	12	6
Connor Finton [US]	David Cooper [US]	T	13	7
Juan Oliveras [PR]	Armando Arce [PR]	W	3	1
Juan Oliveras [PR]	Jose Medina [PR]	W	6	2
Juan Oliveras [PR]	Nathaniel Rivera [PR]	W	9	3
Juan Oliveras [PR]	Ludwig Llanos [PR]	T	10	4
Juan Oliveras [PR]	Ramon Miranda [PR]	L	10	5
Juan Oliveras [PR]	Gabriel Perez [US]	L	10	6
Juan Oliveras [PR]	Braulio Rivera [PR]	W	13	7
Anthonie Ramirez [PR]	Jean Paul Diaz Ortiz [PR]	T	1	1
Anthonie Ramirez [PR]	Sebasthian Padilla [PR]	W	4	2
Anthonie Ramirez [PR]	Christian Lugo [PR]	W	7	3
Anthonie Ramirez [PR]	Julio Santos [PR]	W	10	4
Anthonie Ramirez [PR]	Aidan Khus [US]	L	10	5
Anthonie Ramirez [PR]	Jerry Han [US]	L	10	6
Anthonie Ramirez [PR]	Sylvester Kwon [US]	W	13	7
Hasan Kunukcu [US]	Lesme Flores [PR]	W	3	1
Hasan Kunukcu [US]	Victor Carrillo [PR]	T	4	2
Hasan Kunukcu [US]	Christian Solis [PR]	W	7	3
Hasan Kunukcu [US]	Hector Hoyos [PR]	W	10	4
Hasan Kunukcu [US]	Anthony Bruno [US]	L	10	5
Hasan Kunukcu [US]	Karl Alvarez [PR]	L	10	6
Hasan Kunukcu [US]	Orlando Álvarez [PR]	W	13	7
Raul Santiago [PR]	Clayton May [US]	T	1	1
Raul Santiago [PR]	Kenneth Miranda [PR]	T	2	2
Raul Santiago [PR]	Bodden Castillo [PR]	W	5	3
Raul Santiago [PR]	Ciaran Farah [CA]	T	6	4
Raul Santiago [PR]	Bryan Ortiz-Serrano [PR]	W	9	5
Raul Santiago [PR]	Matthew Brower [US]	W	12	6
Raul Santiago [PR]	Sheldon Kuppan [GB]	T	13	7
Jose Horta [PR]	Brian Gonzalez Carventes [PR]	L	0	1
Jose Horta [PR]	Ajay Sridhar [US]	T	1	2
Jose Horta [PR]	Sedrick Serrano [PR]	W	4	3
Jose Horta [PR]	Orlando Álvarez [PR]	W	7	4
Jose Horta [PR]	Maddox Corcoran [US]	L	7	5
Jose Horta [PR]	Ricardo Rivera Luciano [PR]	W	10	6
Jose Horta [PR]	Ciaran Farah [CA]	W	13	7
Parker Greenwald [US]	Matthew Brower [US]	W	3	1
Parker Greenwald [US]	David Cooper [US]	L	3	2
Parker Greenwald [US]	Stephen Richardson [US]	W	6	3
Parker Greenwald [US]	Shar Rivera [PR]	T	7	4
Parker Greenwald [US]	Clayton May [US]	L	7	5
Parker Greenwald [US]	Jean Paul Diaz Ortiz [PR]	W	10	6
Parker Greenwald [US]	Adam Reinhardt [US]	W	13	7
Sheldon Kuppan [GB]	Matthew Thompson Soto [US]	W	3	1
Sheldon Kuppan [GB]	Karl Alvarez [PR]	L	3	2
Sheldon Kuppan [GB]	Shar Rivera [PR]	L	3	3
Sheldon Kuppan [GB]	Jose Marzan [PR]	W	6	4
Sheldon Kuppan [GB]	Juan Escalera [US]	W	9	5
Sheldon Kuppan [GB]	Ciaran Farah [CA]	W	12	6
Sheldon Kuppan [GB]	Raul Santiago [PR]	T	13	7
Zach Cohen [US]	Gilberto Acosta [PR]	T	1	1
Zach Cohen [US]	Jose Marzan [PR]	T	2	2
Zach Cohen [US]	Prin Basser [US]	T	3	3
Zach Cohen [US]	Matthew Thompson Soto [US]	T	4	4
Zach Cohen [US]	Robert Simpson [CA]	W	7	5
Zach Cohen [US]	Frank Zapata [PR]	W	10	6
Zach Cohen [US]	Clayton May [US]	W	13	7
Matthew Brower [US]	Parker Greenwald [US]	L	0	1
Matthew Brower [US]	Dallas White [US]	W	3	2
Matthew Brower [US]	Bryan Ortiz-Serrano [PR]	W	6	3
Matthew Brower [US]	Jose Gonzalez [PR]	W	9	4
Matthew Brower [US]	David Cooper [US]	L	9	5
Matthew Brower [US]	Raul Santiago [PR]	L	9	6
Matthew Brower [US]	Prin Basser [US]	W	12	7
Eduardo Meléndez [PR]	Juan Pérez [PR]	L	0	1
Eduardo Meléndez [PR]	Jose Torres [PR]	W	3	2
Eduardo Meléndez [PR]	Lesme Flores [PR]	W	6	3
Eduardo Meléndez [PR]	Nick Alvarez [US]	W	9	4
Eduardo Meléndez [PR]	Brian Gonzalez Carventes [PR]	W	12	5
Eduardo Meléndez [PR]	Emmanuel Cruz [PR]	L	12	6
Eduardo Meléndez [PR]	Alex Rubin [US]	L	12	7
Gabriel Smart [US]	Christian Lugo [PR]	T	1	1
Gabriel Smart [US]	Carlos Rodriguez Conesa [PR]	T	2	2
Gabriel Smart [US]	Wilfredo Crespo [US]	W	5	3
Gabriel Smart [US]	Nelson Barros [BR]	L	5	4
Gabriel Smart [US]	Nelson Martinez Guzman [PR]	W	8	5
Gabriel Smart [US]	Beatriz Díaz [PR]	W	11	6
Gabriel Smart [US]	Aaron Noel Santos [US]	T	12	7
Carlos Rodil [PR]	Sylvester Kwon [US]	T	1	1
Carlos Rodil [PR]	Jeric Vera [PR]	T	2	2
Carlos Rodil [PR]	Robert Simpson [CA]	T	3	3
Carlos Rodil [PR]	Nathan Brower [US]	W	6	4
Carlos Rodil [PR]	Christian J Ayala Hernandez [PR]	W	9	5
Carlos Rodil [PR]	Ahmed Cruz [PR]	W	12	6
Carlos Rodil [PR]	Juan Flores [US]	L	12	7
Jose Gonzalez [PR]	Karl Alvarez [PR]	L	0	1
Jose Gonzalez [PR]	Armando Arce [PR]	W	3	2
Jose Gonzalez [PR]	Paul Vallejo [PR]	W	6	3
Jose Gonzalez [PR]	Matthew Brower [US]	L	6	4
Jose Gonzalez [PR]	Casey Bennink [AE]	W	9	5
Jose Gonzalez [PR]	Connor Finton [US]	L	9	6
Jose Gonzalez [PR]	Brian Gonzalez Carventes [PR]	W	12	7
Christian J Ayala Hernandez [PR]	Juan Escalera [US]	W	3	1
Christian J Ayala Hernandez [PR]	Jose Carlos Burgos [PR]	L	3	2
Christian J Ayala Hernandez [PR]	Michael Hunter [IE]	W	6	3
Christian J Ayala Hernandez [PR]	Brian Gonzalez Carventes [PR]	L	6	4
Christian J Ayala Hernandez [PR]	Carlos Rodil [PR]	L	6	5
Christian J Ayala Hernandez [PR]	Nelson Martinez Guzman [PR]	W	9	6
Christian J Ayala Hernandez [PR]	Ahmed Cruz [PR]	W	12	7
Nick Alvarez [US]	José Torres [PR]	L	0	1
Nick Alvarez [US]	Juan Escalera [US]	W	3	2
Nick Alvarez [US]	Ahmed Cruz [PR]	W	6	3
Nick Alvarez [US]	Eduardo Meléndez [PR]	L	6	4
Nick Alvarez [US]	Ciaran Farah [CA]	L	6	5
Nick Alvarez [US]	Michael Salcedo []	W	9	6
Nick Alvarez [US]	Ricardo Montes [PR]	W	12	7
Jose Carlos Burgos [PR]	Tony Santos [US]	W	3	1
Jose Carlos Burgos [PR]	Christian J Ayala Hernandez [PR]	W	6	2
Jose Carlos Burgos [PR]	Alex Rubin [US]	T	7	3
Jose Carlos Burgos [PR]	Jared Woitalla [US]	L	7	4
Jose Carlos Burgos [PR]	Adam Reinhardt [US]	W	10	5
Jose Carlos Burgos [PR]	Cristian Rodriguez [PR]	T	11	6
Jose Carlos Burgos [PR]	Nelson Barros [BR]	L	11	7
Julio Santos [PR]	John Díaz [PR]	W	3	1
Julio Santos [PR]	James Hart [US]	W	6	2
Julio Santos [PR]	Gabriel Perez [US]	T	7	3
Julio Santos [PR]	Anthonie Ramirez [PR]	L	7	4
Julio Santos [PR]	Carlos Traverzo [PR]	T	8	5
Julio Santos [PR]	Tyler Annaert [CA]	L	8	6
Julio Santos [PR]	Ismanuel Rivera [PR]	W	11	7
José Torres [PR]	Nick Alvarez [US]	W	3	1
José Torres [PR]	Frank Zapata [PR]	T	4	2
José Torres [PR]	Nelson Martinez Guzman [PR]	T	5	3
José Torres [PR]	Joshua Cohen [AE]	W	8	4
José Torres [PR]	Nelson Barros [BR]	L	8	5
José Torres [PR]	Rafael Perez [PR]	W	11	6
José Torres [PR]	Jacob Peltier [US]	L	11	7
Beatriz Díaz [PR]	Edwin Rivera [US]	W	3	1
Beatriz Díaz [PR]	Gabriel Perez [US]	L	3	2
Beatriz Díaz [PR]	Andy Gray [US]	T	4	3
Beatriz Díaz [PR]	Jose J Reyes [PR]	W	7	4
Beatriz Díaz [PR]	Jacob Peltier [US]	T	8	5
Beatriz Díaz [PR]	Gabriel Smart [US]	L	8	6
Beatriz Díaz [PR]	Calvin Yau [US]	W	11	7
Kenneth Miranda [PR]	Joshua Villanueva [PR]	T	1	1
Kenneth Miranda [PR]	Raul Santiago [PR]	T	2	2
Kenneth Miranda [PR]	Aaron Noel Santos [US]	L	2	3
Kenneth Miranda [PR]	Carlos Rodriguez Conesa [PR]	W	5	4
Kenneth Miranda [PR]	Akdiel Flores [PR]	W	8	5
Kenneth Miranda [PR]	Jalen Jones [US]	L	8	6
Kenneth Miranda [PR]	Matthew Thompson Soto [US]	W	11	7
Cristian Rodriguez [PR]	Hector Hoyos [PR]	L	0	1
Cristian Rodriguez [PR]	Clifton Dalgard [US]	T	1	2
Cristian Rodriguez [PR]	Joshua Villanueva [PR]	W	4	3
Cristian Rodriguez [PR]	Christian Solis [PR]	W	7	4
Cristian Rodriguez [PR]	Jean Paul Diaz Ortiz [PR]	W	10	5
Cristian Rodriguez [PR]	Jose Carlos Burgos [PR]	T	11	6
Cristian Rodriguez [PR]	Tyler Annaert [CA]	L	11	7
Jalen Jones [US]	Casey Bennink [AE]	L	0	1
Jalen Jones [US]	Carlos Ramos [PR]	W	3	2
Jalen Jones [US]	Ismanuel Rivera [PR]	T	4	3
Jalen Jones [US]	Akdiel Flores [PR]	T	5	4
Jalen Jones [US]	Victor Carrillo [PR]	W	8	5
Jalen Jones [US]	Kenneth Miranda [PR]	W	11	6
Jalen Jones [US]	Joshua Cohen [AE]	L	11	7
Michael Hunter [IE]	Clifton Dalgard [US]	W	3	1
Michael Hunter [IE]	Hector Hoyos [PR]	L	3	2
Michael Hunter [IE]	Christian J Ayala Hernandez [PR]	L	3	3
Michael Hunter [IE]	Juan David Oganes [PR]	T	4	4
Michael Hunter [IE]	Ricardo Montes [PR]	T	5	5
Michael Hunter [IE]	Armando Arce [PR]	W	8	6
Michael Hunter [IE]	Samuel Ruiz [PR]	W	11	7
Clayton May [US]	Raul Santiago [PR]	T	1	1
Clayton May [US]	Maddox Corcoran [US]	L	1	2
Clayton May [US]	Gustavo Miranda [PR]	W	4	3
Clayton May [US]	Samuel Ruiz [PR]	W	7	4
Clayton May [US]	Parker Greenwald [US]	W	10	5
Clayton May [US]	Juan Flores [US]	L	10	6
Clayton May [US]	Zach Cohen [US]	L	10	7
Andy Gray [US]	Gabriel Perez [US]	L	0	1
Andy Gray [US]	Nathan Brower [US]	W	3	2
Andy Gray [US]	Beatriz Díaz [PR]	T	4	3
Andy Gray [US]	Christian Lugo [PR]	W	7	4
Andy Gray [US]	Braulio Rivera [PR]	W	10	5
Andy Gray [US]	James Cox [NL]	L	10	6
Andy Gray [US]	Maddox Corcoran [US]	L	10	7
Hector Hoyos [PR]	Cristian Rodriguez [PR]	W	3	1
Hector Hoyos [PR]	Michael Hunter [IE]	W	6	2
Hector Hoyos [PR]	Karl Alvarez [PR]	T	7	3
Hector Hoyos [PR]	Hasan Kunukcu [US]	L	7	4
Hector Hoyos [PR]	Emmanuel Alicea [PR]	L	7	5
Hector Hoyos [PR]	Adam Reinhardt [US]	L	7	6
Hector Hoyos [PR]	Shar Rivera [PR]	W	10	7
Orlando Álvarez [PR]	Emmanuel Cruz [PR]	T	1	1
Orlando Álvarez [PR]	Gustavo Miranda [PR]	W	4	2
Orlando Álvarez [PR]	Jerry Han [US]	L	4	3
Orlando Álvarez [PR]	Jose Horta [PR]	L	4	4
Orlando Álvarez [PR]	Joshua Villanueva [PR]	W	7	5
Orlando Álvarez [PR]	Shar Rivera [PR]	W	10	6
Orlando Álvarez [PR]	Hasan Kunukcu [US]	L	10	7
Braulio Rivera [PR]	Ramon Miranda [PR]	L	0	1
Braulio Rivera [PR]	Akdiel Flores [PR]	T	1	2
Braulio Rivera [PR]	Clifton Dalgard [US]	W	4	3
Braulio Rivera [PR]	Royer Espinosa [PR]	W	7	4
Braulio Rivera [PR]	Andy Gray [US]	L	7	5
Braulio Rivera [PR]	Juan David Oganes [PR]	W	10	6
Braulio Rivera [PR]	Juan Oliveras [PR]	L	10	7
Sylvester Kwon [US]	Carlos Rodil [PR]	T	1	1
Sylvester Kwon [US]	Ciaran Farah [CA]	L	1	2
Sylvester Kwon [US]	Kevin Santiago [PR]	W	4	3
Sylvester Kwon [US]	Alberto Medina Soto [PR]	W	7	4
Sylvester Kwon [US]	Karl Alvarez [PR]	L	7	5
Sylvester Kwon [US]	Sedrick Serrano [PR]	W	10	6
Sylvester Kwon [US]	Anthonie Ramirez [PR]	L	10	7
Adam Reinhardt [US]	Nelson Martinez Guzman [PR]	T	1	1
Adam Reinhardt [US]	Gilberto Acosta [PR]	W	4	2
Adam Reinhardt [US]	Eric Ridgeway [AE]	L	4	3
Adam Reinhardt [US]	Juan Pereira [PR]	W	7	4
Adam Reinhardt [US]	Jose Carlos Burgos [PR]	L	7	5
Adam Reinhardt [US]	Hector Hoyos [PR]	W	10	6
Adam Reinhardt [US]	Parker Greenwald [US]	L	10	7
Juan David Oganes [PR]	Jessica Burke [US]	W	3	1
Juan David Oganes [PR]	Aidan Khus [US]	L	3	2
Juan David Oganes [PR]	Casey Bennink [AE]	L	3	3
Juan David Oganes [PR]	Michael Hunter [IE]	T	4	4
Juan David Oganes [PR]	Alberto Medina Soto [PR]	W	7	5
Juan David Oganes [PR]	Braulio Rivera [PR]	L	7	6
Juan David Oganes [PR]	Nathan Brower [US]	W	10	7
Joshua Villanueva [PR]	Kenneth Miranda [PR]	T	1	1
Joshua Villanueva [PR]	Christian Lugo [PR]	L	1	2
Joshua Villanueva [PR]	Cristian Rodriguez [PR]	L	1	3
Joshua Villanueva [PR]	Jose Gabriel Gómez Pérez [PR]	W	4	4
Joshua Villanueva [PR]	Orlando Álvarez [PR]	L	4	5
Joshua Villanueva [PR]	Robert Simpson [CA]	W	7	6
Joshua Villanueva [PR]	Sedrick Serrano [PR]	W	10	7
Emmanuel Alicea [PR]	Paul Vallejo [PR]	W	3	1
Emmanuel Alicea [PR]	Nathaniel Rivera [PR]	L	3	2
Emmanuel Alicea [PR]	Juan Pérez [PR]	T	4	3
Emmanuel Alicea [PR]	Jesus Garcia [PR]	W	7	4
Emmanuel Alicea [PR]	Hector Hoyos [PR]	W	10	5
Emmanuel Alicea [PR]	Alex Rubin [US]	L	10	6
Ciaran Farah [CA]	James Cox [NL]	T	1	1
Ciaran Farah [CA]	Sylvester Kwon [US]	W	4	2
Ciaran Farah [CA]	Juan Flores [US]	T	5	3
Ciaran Farah [CA]	Raul Santiago [PR]	T	6	4
Ciaran Farah [CA]	Nick Alvarez [US]	W	9	5
Ciaran Farah [CA]	Sheldon Kuppan [GB]	L	9	6
Ciaran Farah [CA]	Jose Horta [PR]	L	9	7
Brian Gonzalez Carventes [PR]	Jose Horta [PR]	W	3	1
Brian Gonzalez Carventes [PR]	Ludwig Llanos [PR]	L	3	2
Brian Gonzalez Carventes [PR]	Jose Medina [PR]	W	6	3
Brian Gonzalez Carventes [PR]	Christian J Ayala Hernandez [PR]	W	9	4
Brian Gonzalez Carventes [PR]	Eduardo Meléndez [PR]	L	9	5
Brian Gonzalez Carventes [PR]	Jacob Peltier [US]	L	9	6
Brian Gonzalez Carventes [PR]	Jose Gonzalez [PR]	L	9	7
Ajay Sridhar [US]	Ludwig Llanos [PR]	L	0	1
Ajay Sridhar [US]	Jose Horta [PR]	T	1	2
Ajay Sridhar [US]	James Cox [NL]	L	1	3
Ajay Sridhar [US]	Carlos Ramos [PR]	W	4	4
Ajay Sridhar [US]	Jesus Garcia [PR]	W	7	5
Ajay Sridhar [US]	Calvin Yau [US]	T	8	6
Ajay Sridhar [US]	Rafael Perez [PR]	T	9	7
Rafael Perez [PR]	Bryan Ortiz-Serrano [PR]	W	3	1
Rafael Perez [PR]	Juan Flores [US]	T	4	2
Rafael Perez [PR]	Frank Zapata [PR]	L	4	3
Rafael Perez [PR]	Victor Carrillo [PR]	T	5	4
Rafael Perez [PR]	Ismanuel Rivera [PR]	W	8	5
Rafael Perez [PR]	José Torres [PR]	L	8	6
Rafael Perez [PR]	Ajay Sridhar [US]	T	9	7
Ahmed Cruz [PR]	Stephen Richardson [US]	L	0	1
Ahmed Cruz [PR]	Matthew Thompson Soto [US]	W	3	2
Ahmed Cruz [PR]	Nick Alvarez [US]	L	3	3
Ahmed Cruz [PR]	Gabriel Rosa [PR]	W	6	4
Ahmed Cruz [PR]	Lesme Flores [PR]	W	9	5
Ahmed Cruz [PR]	Carlos Rodil [PR]	L	9	6
Ahmed Cruz [PR]	Christian J Ayala Hernandez [PR]	L	9	7
Prin Basser [US]	Juan Pereira [PR]	T	1	1
Prin Basser [US]	Robert Simpson [CA]	T	2	2
Prin Basser [US]	Zach Cohen [US]	T	3	3
Prin Basser [US]	Jose Medina [PR]	W	6	4
Prin Basser [US]	Juan Flores [US]	L	6	5
Prin Basser [US]	Gabriel Rosa [PR]	W	9	6
Prin Basser [US]	Matthew Brower [US]	L	9	7
Bodden Castillo [PR]	Calvin Yau [US]	W	3	1
Bodden Castillo [PR]	Ramon Miranda [PR]	L	3	2
Bodden Castillo [PR]	Raul Santiago [PR]	L	3	3
Bodden Castillo [PR]	Juan Escalera [US]	L	3	4
Bodden Castillo [PR]	Gabriel Rosa [PR]	L	3	5
Bodden Castillo [PR]	Carlos Rodriguez Conesa [PR]	W	6	6
Bodden Castillo [PR]	Michael Salcedo []	W	9	7
Gabriel Rosa [PR]	Marissa Antunez-Tapia [US]	W	3	1
Gabriel Rosa [PR]	Alex Rubin [US]	L	3	2
Gabriel Rosa [PR]	David Fernandez [MX]	L	3	3
Gabriel Rosa [PR]	Ahmed Cruz [PR]	L	3	4
Gabriel Rosa [PR]	Bodden Castillo [PR]	W	6	5
Gabriel Rosa [PR]	Prin Basser [US]	L	6	6
Gabriel Rosa [PR]	Dallas White [US]	W	9	7
Nathaniel Rivera [PR]	Akdiel Flores [PR]	W	3	1
Nathaniel Rivera [PR]	Emmanuel Alicea [PR]	W	6	2
Nathaniel Rivera [PR]	Juan Oliveras [PR]	L	6	3
Nathaniel Rivera [PR]	James Hart [US]	L	6	4
Nathaniel Rivera [PR]	Eliezer Hernandez [PR]	W	9	5
Nathaniel Rivera [PR]	Aaron Noel Santos [US]	L	9	6
Frank Zapata [PR]	Eliezer Hernandez [PR]	W	3	1
Frank Zapata [PR]	José Torres [PR]	T	4	2
Frank Zapata [PR]	Rafael Perez [PR]	W	7	3
Frank Zapata [PR]	Ramon Miranda [PR]	L	7	4
Frank Zapata [PR]	Gabriel Perez [US]	L	7	5
Frank Zapata [PR]	Zach Cohen [US]	L	7	6
Frank Zapata [PR]	Casey Bennink [AE]	T	8	7
Casey Bennink [AE]	Jalen Jones [US]	W	3	1
Casey Bennink [AE]	Anthony Bruno [US]	L	3	2
Casey Bennink [AE]	Juan David Oganes [PR]	W	6	3
Casey Bennink [AE]	Connor Finton [US]	L	6	4
Casey Bennink [AE]	Jose Gonzalez [PR]	L	6	5
Casey Bennink [AE]	David Fernandez [MX]	T	7	6
Casey Bennink [AE]	Frank Zapata [PR]	T	8	7
Ismanuel Rivera [PR]	Kevin Santiago [PR]	T	1	1
Ismanuel Rivera [PR]	Christian Ramos [PR]	W	4	2
Ismanuel Rivera [PR]	Jalen Jones [US]	T	5	3
Ismanuel Rivera [PR]	Tyler Annaert [CA]	L	5	4
Ismanuel Rivera [PR]	Rafael Perez [PR]	L	5	5
Ismanuel Rivera [PR]	Richard Fernandez [US]	W	8	6
Ismanuel Rivera [PR]	Julio Santos [PR]	L	8	7
Samuel Ruiz [PR]	Carlos Traverzo [PR]	T	1	1
Samuel Ruiz [PR]	James Cox [NL]	W	4	2
Samuel Ruiz [PR]	Jean Paul Diaz Ortiz [PR]	L	4	3
Samuel Ruiz [PR]	Clayton May [US]	L	4	4
Samuel Ruiz [PR]	Edward Rivera [PR]	W	7	5
Samuel Ruiz [PR]	Matthew Thompson Soto [US]	T	8	6
Samuel Ruiz [PR]	Michael Hunter [IE]	L	8	7
Matthew Thompson Soto [US]	Sheldon Kuppan [GB]	L	0	1
Matthew Thompson Soto [US]	Ahmed Cruz [PR]	L	0	2
Matthew Thompson Soto [US]	Jessica Burke [US]	W	3	3
Matthew Thompson Soto [US]	Zach Cohen [US]	T	4	4
Matthew Thompson Soto [US]	Jose J Reyes [PR]	W	7	5
Matthew Thompson Soto [US]	Samuel Ruiz [PR]	T	8	6
Matthew Thompson Soto [US]	Kenneth Miranda [PR]	L	8	7
Ricardo Montes [PR]	Sebasthian Padilla [PR]	T	1	1
Ricardo Montes [PR]	Eric Ridgeway [AE]	L	1	2
Ricardo Montes [PR]	Diego Contes [PR]	L	1	3
Ricardo Montes [PR]	Tony Santos [US]	W	4	4
Ricardo Montes [PR]	Michael Hunter [IE]	T	5	5
Ricardo Montes [PR]	Stephen Richardson [US]	W	8	6
Ricardo Montes [PR]	Nick Alvarez [US]	L	8	7
Clifton Dalgard [US]	Michael Hunter [IE]	L	0	1
Clifton Dalgard [US]	Cristian Rodriguez [PR]	T	1	2
Clifton Dalgard [US]	Braulio Rivera [PR]	L	1	3
Clifton Dalgard [US]	Ricardo Rivera Luciano [PR]	L	1	4
Clifton Dalgard [US]	Gustavo Miranda [PR]	W	4	5
Clifton Dalgard [US]	Edwin Rivera [US]	T	5	6
Clifton Dalgard [US]	Nelson Martinez Guzman [PR]	W	8	7
Calvin Yau [US]	Bodden Castillo [PR]	L	0	1
Calvin Yau [US]	Jesus Garcia [PR]	L	0	2
Calvin Yau [US]	Jose Torres [PR]	T	1	3
Calvin Yau [US]	Ricardo Rivera [PR]	W	4	4
Calvin Yau [US]	Marvin Fuentes [US]	W	7	5
Calvin Yau [US]	Ajay Sridhar [US]	T	8	6
Calvin Yau [US]	Beatriz Díaz [PR]	L	8	7
Edwin Rivera [US]	Beatriz Díaz [PR]	L	0	1
Edwin Rivera [US]	Edward Rivera [PR]	L	0	2
Edwin Rivera [US]	John Díaz [PR]	L	0	3
Edwin Rivera [US]	Marissa Antunez-Tapia [US]	W	3	4
Edwin Rivera [US]	Nathan Brower [US]	T	4	5
Edwin Rivera [US]	Clifton Dalgard [US]	T	5	6
Edwin Rivera [US]	Robert Simpson [CA]	W	8	7
Carlos Traverzo [PR]	Samuel Ruiz [PR]	T	1	1
Carlos Traverzo [PR]	Kevin Santiago [PR]	W	4	2
Carlos Traverzo [PR]	Maddox Corcoran [US]	L	4	3
Carlos Traverzo [PR]	Gilberto Acosta [PR]	W	7	4
Carlos Traverzo [PR]	Julio Santos [PR]	T	8	5
Carlos Traverzo [PR]	Joshua Cohen [AE]	L	8	6
Shar Rivera [PR]	Jon Eng [US]	L	0	1
Shar Rivera [PR]	Jose Gabriel Gómez Pérez [PR]	W	3	2
Shar Rivera [PR]	Sheldon Kuppan [GB]	W	6	3
Shar Rivera [PR]	Parker Greenwald [US]	T	7	4
Shar Rivera [PR]	Alex Rubin [US]	L	7	5
Shar Rivera [PR]	Orlando Álvarez [PR]	L	7	6
Shar Rivera [PR]	Hector Hoyos [PR]	L	7	7
Sedrick Serrano [PR]	Diego Contes [PR]	T	1	1
Sedrick Serrano [PR]	Emmanuel Cruz [PR]	L	1	2
Sedrick Serrano [PR]	Jose Horta [PR]	L	1	3
Sedrick Serrano [PR]	Gustavo Miranda [PR]	W	4	4
Sedrick Serrano [PR]	Juan Pereira [PR]	W	7	5
Sedrick Serrano [PR]	Sylvester Kwon [US]	L	7	6
Sedrick Serrano [PR]	Joshua Villanueva [PR]	L	7	7
Nathan Brower [US]	Jacob Peltier [US]	L	0	1
Nathan Brower [US]	Andy Gray [US]	L	0	2
Nathan Brower [US]	Marissa Antunez-Tapia [US]	W	3	3
Nathan Brower [US]	Carlos Rodil [PR]	L	3	4
Nathan Brower [US]	Edwin Rivera [US]	T	4	5
Nathan Brower [US]	Jesus Garcia [PR]	W	7	6
Nathan Brower [US]	Juan David Oganes [PR]	L	7	7
Jean Paul Diaz Ortiz [PR]	Anthonie Ramirez [PR]	T	1	1
Jean Paul Diaz Ortiz [PR]	Richard Fernandez [US]	W	4	2
Jean Paul Diaz Ortiz [PR]	Samuel Ruiz [PR]	W	7	3
Jean Paul Diaz Ortiz [PR]	Anthony Bruno [US]	L	7	4
Jean Paul Diaz Ortiz [PR]	Cristian Rodriguez [PR]	L	7	5
Jean Paul Diaz Ortiz [PR]	Parker Greenwald [US]	L	7	6
David Fernandez [MX]	Marvin Fuentes [US]	W	3	1
David Fernandez [MX]	Carlos Medina Astete [PE]	L	3	2
David Fernandez [MX]	Gabriel Rosa [PR]	W	6	3
David Fernandez [MX]	David Cooper [US]	L	6	4
David Fernandez [MX]	Aaron Noel Santos [US]	L	6	5
David Fernandez [MX]	Casey Bennink [AE]	T	7	6
Ricardo Rivera Luciano [PR]	Jared Woitalla [US]	L	0	1
Ricardo Rivera Luciano [PR]	Marvin Fuentes [US]	T	1	2
Ricardo Rivera Luciano [PR]	Jose J Reyes [PR]	L	1	3
Ricardo Rivera Luciano [PR]	Clifton Dalgard [US]	W	4	4
Ricardo Rivera Luciano [PR]	Carlos Pastor [PR]	W	7	5
Ricardo Rivera Luciano [PR]	Jose Horta [PR]	L	7	6
Carlos Pastor [PR]	Emanuel Hernandez [PR]	W	3	1
Carlos Pastor [PR]	Jacob Peltier [US]	L	3	2
Carlos Pastor [PR]	Alberto Medina Soto [PR]	T	4	3
Carlos Pastor [PR]	James Cox [NL]	L	4	4
Carlos Pastor [PR]	Ricardo Rivera Luciano [PR]	L	4	5
Carlos Pastor [PR]	Edward Rivera [PR]	W	7	6
Diego Contes [PR]	Sedrick Serrano [PR]	T	1	1
Diego Contes [PR]	Nelson Barros [BR]	L	1	2
Diego Contes [PR]	Ricardo Montes [PR]	W	4	3
Diego Contes [PR]	Juan Pérez [PR]	W	7	4
Diego Contes [PR]	James Cox [NL]	L	7	5
Michael Salcedo []	LATE	L	0	1
Michael Salcedo []	Lesme Flores [PR]	L	0	2
Michael Salcedo []	Eliezer Hernandez [PR]	L	0	3
Michael Salcedo []	Jessica Burke [US]	W	3	4
Michael Salcedo []	Carlos Rodriguez Conesa [PR]	W	6	5
Michael Salcedo []	Nick Alvarez [US]	L	6	6
Michael Salcedo []	Bodden Castillo [PR]	L	6	7
Dallas White [US]	Victor Carrillo [PR]	L	0	1
Dallas White [US]	Matthew Brower [US]	L	0	2
Dallas White [US]	Carlos Ramos [PR]	T	1	3
Dallas White [US]	Richard Fernandez [US]	T	2	4
Dallas White [US]	Kevin Santiago [PR]	T	3	5
Dallas White [US]	Jessica Burke [US]	W	6	6
Dallas White [US]	Gabriel Rosa [PR]	L	6	7
Jessica Burke [US]	Juan David Oganes [PR]	L	0	1
Jessica Burke [US]	Paul Vallejo [PR]	L	0	2
Jessica Burke [US]	Matthew Thompson Soto [US]	L	0	3
Jessica Burke [US]	Michael Salcedo []	L	0	4
Jessica Burke [US]	BYE	W	3	5
Jessica Burke [US]	Dallas White [US]	L	3	6
Jessica Burke [US]	Armando Arce [PR]	W	6	7
Juan Escalera [US]	Christian J Ayala Hernandez [PR]	L	0	1
Juan Escalera [US]	Nick Alvarez [US]	L	0	2
Juan Escalera [US]	BYE	W	3	3
Juan Escalera [US]	Bodden Castillo [PR]	W	6	4
Juan Escalera [US]	Sheldon Kuppan [GB]	L	6	5
Lesme Flores [PR]	Hasan Kunukcu [US]	L	0	1
Lesme Flores [PR]	Michael Salcedo []	W	3	2
Lesme Flores [PR]	Eduardo Meléndez [PR]	L	3	3
Lesme Flores [PR]	John Díaz [PR]	W	6	4
Lesme Flores [PR]	Ahmed Cruz [PR]	L	6	5
Bryan Ortiz-Serrano [PR]	Rafael Perez [PR]	L	0	1
Bryan Ortiz-Serrano [PR]	John Díaz [PR]	W	3	2
Bryan Ortiz-Serrano [PR]	Matthew Brower [US]	L	3	3
Bryan Ortiz-Serrano [PR]	Emanuel Hernandez [PR]	W	6	4
Bryan Ortiz-Serrano [PR]	Raul Santiago [PR]	L	6	5
Eliezer Hernandez [PR]	Frank Zapata [PR]	L	0	1
Eliezer Hernandez [PR]	Alberto Medina Soto [PR]	L	0	2
Eliezer Hernandez [PR]	Michael Salcedo []	W	3	3
Eliezer Hernandez [PR]	Edward Rivera [PR]	W	6	4
Eliezer Hernandez [PR]	Nathaniel Rivera [PR]	L	6	5
Christian Ramos [PR]	Carlos Rodriguez Conesa [PR]	T	1	1
Christian Ramos [PR]	Ismanuel Rivera [PR]	L	1	2
Christian Ramos [PR]	Jose Marzan [PR]	T	2	3
Christian Ramos [PR]	Jeric Vera [PR]	T	3	4
Christian Ramos [PR]	Jose Medina [PR]	W	6	5
Nelson Martinez Guzman [PR]	Adam Reinhardt [US]	T	1	1
Nelson Martinez Guzman [PR]	Ricardo Rivera [PR]	W	4	2
Nelson Martinez Guzman [PR]	José Torres [PR]	T	5	3
Nelson Martinez Guzman [PR]	Emmanuel Cruz [PR]	L	5	4
Nelson Martinez Guzman [PR]	Gabriel Smart [US]	L	5	5
Nelson Martinez Guzman [PR]	Christian J Ayala Hernandez [PR]	L	5	6
Nelson Martinez Guzman [PR]	Clifton Dalgard [US]	L	5	7
Carlos Rodriguez Conesa [PR]	Christian Ramos [PR]	T	1	1
Carlos Rodriguez Conesa [PR]	Gabriel Smart [US]	T	2	2
Carlos Rodriguez Conesa [PR]	Joshua Cohen [AE]	L	2	3
Carlos Rodriguez Conesa [PR]	Kenneth Miranda [PR]	L	2	4
Carlos Rodriguez Conesa [PR]	Michael Salcedo []	L	2	5
Carlos Rodriguez Conesa [PR]	Bodden Castillo [PR]	L	2	6
Carlos Rodriguez Conesa [PR]	Edward Rivera [PR]	W	5	7
Jesus Garcia [PR]	Anthony Bruno [US]	L	0	1
Jesus Garcia [PR]	Calvin Yau [US]	W	3	2
Jesus Garcia [PR]	Royer Espinosa [PR]	T	4	3
Jesus Garcia [PR]	Emmanuel Alicea [PR]	L	4	4
Jesus Garcia [PR]	Ajay Sridhar [US]	L	4	5
Jesus Garcia [PR]	Nathan Brower [US]	L	4	6
Jesus Garcia [PR]	Carlos Ramos [PR]	T	5	7
Carlos Ramos [PR]	Alex Rubin [US]	L	0	1
Carlos Ramos [PR]	Jalen Jones [US]	L	0	2
Carlos Ramos [PR]	Dallas White [US]	T	1	3
Carlos Ramos [PR]	Ajay Sridhar [US]	L	1	4
Carlos Ramos [PR]	Armando Arce [PR]	L	1	5
Carlos Ramos [PR]	BYE	W	4	6
Carlos Ramos [PR]	Jesus Garcia [PR]	T	5	7
Stephen Richardson [US]	Ahmed Cruz [PR]	W	3	1
Stephen Richardson [US]	Jon Eng [US]	L	3	2
Stephen Richardson [US]	Parker Greenwald [US]	L	3	3
Stephen Richardson [US]	Robert Simpson [CA]	T	4	4
Stephen Richardson [US]	Christian Solis [PR]	T	5	5
Stephen Richardson [US]	Ricardo Montes [PR]	L	5	6
Richard Fernandez [US]	Tyler Annaert [CA]	T	1	1
Richard Fernandez [US]	Jean Paul Diaz Ortiz [PR]	L	1	2
Richard Fernandez [US]	Gilberto Acosta [PR]	L	1	3
Richard Fernandez [US]	Dallas White [US]	T	2	4
Richard Fernandez [US]	Jose Torres [PR]	W	5	5
Richard Fernandez [US]	Ismanuel Rivera [PR]	L	5	6
Wilfredo Crespo [US]	Jerry Han [US]	T	1	1
Wilfredo Crespo [US]	Tyler Annaert [CA]	T	2	2
Wilfredo Crespo [US]	Gabriel Smart [US]	L	2	3
Wilfredo Crespo [US]	Sebasthian Padilla [PR]	W	5	4
Wilfredo Crespo [US]	Joshua Cohen [AE]	L	5	5
Victor Carrillo [PR]	Dallas White [US]	W	3	1
Victor Carrillo [PR]	Hasan Kunukcu [US]	T	4	2
Victor Carrillo [PR]	Ludwig Llanos [PR]	L	4	3
Victor Carrillo [PR]	Rafael Perez [PR]	T	5	4
Victor Carrillo [PR]	Jalen Jones [US]	L	5	5
Akdiel Flores [PR]	Nathaniel Rivera [PR]	L	0	1
Akdiel Flores [PR]	Braulio Rivera [PR]	T	1	2
Akdiel Flores [PR]	Marvin Fuentes [US]	W	4	3
Akdiel Flores [PR]	Jalen Jones [US]	T	5	4
Akdiel Flores [PR]	Kenneth Miranda [PR]	L	5	5
Christian Solis [PR]	Ricardo Rivera [PR]	T	1	1
Christian Solis [PR]	Jose J Reyes [PR]	W	4	2
Christian Solis [PR]	Hasan Kunukcu [US]	L	4	3
Christian Solis [PR]	Cristian Rodriguez [PR]	L	4	4
Christian Solis [PR]	Stephen Richardson [US]	T	5	5
Sebasthian Padilla [PR]	Ricardo Montes [PR]	T	1	1
Sebasthian Padilla [PR]	Anthonie Ramirez [PR]	L	1	2
Sebasthian Padilla [PR]	Armando Arce [PR]	T	2	3
Sebasthian Padilla [PR]	Wilfredo Crespo [US]	L	2	4
Sebasthian Padilla [PR]	Jose Gabriel Gómez Pérez [PR]	W	5	5
Robert Simpson [CA]	Nelson Barros [BR]	T	1	1
Robert Simpson [CA]	Prin Basser [US]	T	2	2
Robert Simpson [CA]	Carlos Rodil [PR]	T	3	3
Robert Simpson [CA]	Stephen Richardson [US]	T	4	4
Robert Simpson [CA]	Zach Cohen [US]	L	4	5
Robert Simpson [CA]	Joshua Villanueva [PR]	L	4	6
Robert Simpson [CA]	Edwin Rivera [US]	L	4	7
Armando Arce [PR]	Juan Oliveras [PR]	L	0	1
Armando Arce [PR]	Jose Gonzalez [PR]	L	0	2
Armando Arce [PR]	Sebasthian Padilla [PR]	T	1	3
Armando Arce [PR]	Marvin Fuentes [US]	L	1	4
Armando Arce [PR]	Carlos Ramos [PR]	W	4	5
Armando Arce [PR]	Michael Hunter [IE]	L	4	6
Armando Arce [PR]	Jessica Burke [US]	L	4	7
Alberto Medina Soto [PR]	James Hart [US]	L	0	1
Alberto Medina Soto [PR]	Eliezer Hernandez [PR]	W	3	2
Alberto Medina Soto [PR]	Carlos Pastor [PR]	T	4	3
Alberto Medina Soto [PR]	Sylvester Kwon [US]	L	4	4
Alberto Medina Soto [PR]	Juan David Oganes [PR]	L	4	5
Juan Pereira [PR]	Prin Basser [US]	T	1	1
Juan Pereira [PR]	Jerry Han [US]	L	1	2
Juan Pereira [PR]	Ricardo Rivera [PR]	W	4	3
Juan Pereira [PR]	Adam Reinhardt [US]	L	4	4
Juan Pereira [PR]	Sedrick Serrano [PR]	L	4	5
Jose J Reyes [PR]	Jeric Vera [PR]	T	1	1
Jose J Reyes [PR]	Christian Solis [PR]	L	1	2
Jose J Reyes [PR]	Ricardo Rivera Luciano [PR]	W	4	3
Jose J Reyes [PR]	Beatriz Díaz [PR]	L	4	4
Jose J Reyes [PR]	Matthew Thompson Soto [US]	L	4	5
Marvin Fuentes [US]	David Fernandez [MX]	L	0	1
Marvin Fuentes [US]	Ricardo Rivera Luciano [PR]	T	1	2
Marvin Fuentes [US]	Akdiel Flores [PR]	L	1	3
Marvin Fuentes [US]	Armando Arce [PR]	W	4	4
Marvin Fuentes [US]	Calvin Yau [US]	L	4	5
Juan Pérez [PR]	Eduardo Meléndez [PR]	W	3	1
Juan Pérez [PR]	Jared Woitalla [US]	L	3	2
Juan Pérez [PR]	Emmanuel Alicea [PR]	T	4	3
Juan Pérez [PR]	Diego Contes [PR]	L	4	4
Christian Lugo [PR]	Gabriel Smart [US]	T	1	1
Christian Lugo [PR]	Joshua Villanueva [PR]	W	4	2
Christian Lugo [PR]	Anthonie Ramirez [PR]	L	4	3
Christian Lugo [PR]	Andy Gray [US]	L	4	4
Gilberto Acosta [PR]	Zach Cohen [US]	T	1	1
Gilberto Acosta [PR]	Adam Reinhardt [US]	L	1	2
Gilberto Acosta [PR]	Richard Fernandez [US]	W	4	3
Gilberto Acosta [PR]	Carlos Traverzo [PR]	L	4	4
Royer Espinosa [PR]	David Cooper [US]	L	0	1
Royer Espinosa [PR]	Marissa Antunez-Tapia [US]	W	3	2
Royer Espinosa [PR]	Jesus Garcia [PR]	T	4	3
Royer Espinosa [PR]	Braulio Rivera [PR]	L	4	4
Edward Rivera [PR]	Jose Medina [PR]	L	0	1
Edward Rivera [PR]	Edwin Rivera [US]	W	3	2
Edward Rivera [PR]	James Hart [US]	L	3	3
Edward Rivera [PR]	Eliezer Hernandez [PR]	L	3	4
Edward Rivera [PR]	Samuel Ruiz [PR]	L	3	5
Edward Rivera [PR]	Carlos Pastor [PR]	L	3	6
Edward Rivera [PR]	Carlos Rodriguez Conesa [PR]	L	3	7
Jose Medina [PR]	Edward Rivera [PR]	W	3	1
Jose Medina [PR]	Juan Oliveras [PR]	L	3	2
Jose Medina [PR]	Brian Gonzalez Carventes [PR]	L	3	3
Jose Medina [PR]	Prin Basser [US]	L	3	4
Jose Medina [PR]	Christian Ramos [PR]	L	3	5
Kevin Santiago [PR]	Ismanuel Rivera [PR]	T	1	1
Kevin Santiago [PR]	Carlos Traverzo [PR]	L	1	2
Kevin Santiago [PR]	Sylvester Kwon [US]	L	1	3
Kevin Santiago [PR]	Jose Torres [PR]	T	2	4
Kevin Santiago [PR]	Dallas White [US]	T	3	5
Jose Marzan [PR]	Joshua Cohen [AE]	T	1	1
Jose Marzan [PR]	Zach Cohen [US]	T	2	2
Jose Marzan [PR]	Christian Ramos [PR]	T	3	3
Jose Marzan [PR]	Sheldon Kuppan [GB]	L	3	4
Jeric Vera [PR]	Jose J Reyes [PR]	T	1	1
Jeric Vera [PR]	Carlos Rodil [PR]	T	2	2
Jeric Vera [PR]	Tyler Annaert [CA]	L	2	3
Jeric Vera [PR]	Christian Ramos [PR]	T	3	4
Emanuel Hernandez [PR]	Carlos Pastor [PR]	L	0	1
Emanuel Hernandez [PR]	BYE	W	3	2
Emanuel Hernandez [PR]	Connor Finton [US]	L	3	3
Emanuel Hernandez [PR]	Bryan Ortiz-Serrano [PR]	L	3	4
John Díaz [PR]	Julio Santos [PR]	L	0	1
John Díaz [PR]	Bryan Ortiz-Serrano [PR]	L	0	2
John Díaz [PR]	Edwin Rivera [US]	W	3	3
John Díaz [PR]	Lesme Flores [PR]	L	3	4
Paul Vallejo [PR]	Emmanuel Alicea [PR]	L	0	1
Paul Vallejo [PR]	Jessica Burke [US]	W	3	2
Paul Vallejo [PR]	Jose Gonzalez [PR]	L	3	3
Jose Torres [PR]	Aidan Khus [US]	L	0	1
Jose Torres [PR]	Eduardo Meléndez [PR]	L	0	2
Jose Torres [PR]	Calvin Yau [US]	T	1	3
Jose Torres [PR]	Kevin Santiago [PR]	T	2	4
Jose Torres [PR]	Richard Fernandez [US]	L	2	5
Gustavo Miranda [PR]	Eric Ridgeway [AE]	T	1	1
Gustavo Miranda [PR]	Orlando Álvarez [PR]	L	1	2
Gustavo Miranda [PR]	Clayton May [US]	L	1	3
Gustavo Miranda [PR]	Sedrick Serrano [PR]	L	1	4
Gustavo Miranda [PR]	Clifton Dalgard [US]	L	1	5
Jose Gabriel Gómez Pérez [PR]	Juan Flores [US]	L	0	1
Jose Gabriel Gómez Pérez [PR]	Shar Rivera [PR]	L	0	2
Jose Gabriel Gómez Pérez [PR]	Tony Santos [US]	T	1	3
Jose Gabriel Gómez Pérez [PR]	Joshua Villanueva [PR]	L	1	4
Jose Gabriel Gómez Pérez [PR]	Sebasthian Padilla [PR]	L	1	5
Tony Santos [US]	Jose Carlos Burgos [PR]	L	0	1
Tony Santos [US]	Connor Finton [US]	L	0	2
Tony Santos [US]	Jose Gabriel Gómez Pérez [PR]	T	1	3
Tony Santos [US]	Ricardo Montes [PR]	L	1	4
Ricardo Rivera [PR]	Christian Solis [PR]	T	1	1
Ricardo Rivera [PR]	Nelson Martinez Guzman [PR]	L	1	2
Ricardo Rivera [PR]	Juan Pereira [PR]	L	1	3
Ricardo Rivera [PR]	Calvin Yau [US]	L	1	4
Marissa Antunez-Tapia [US]	Gabriel Rosa [PR]	L	0	1
Marissa Antunez-Tapia [US]	Royer Espinosa [PR]	L	0	2
Marissa Antunez-Tapia [US]	Nathan Brower [US]	L	0	3
Marissa Antunez-Tapia [US]	Edwin Rivera [US]	L	0	4
