Brent Tonisson [AU]	Dean Croaker [AU]	W	3	1
Brent Tonisson [AU]	Jimmy Farrugia [AU]	T	4	2
Brent Tonisson [AU]	Alan Shao [AU]	W	7	3
Brent Tonisson [AU]	Jorge Soria [AU]	W	10	4
Brent Tonisson [AU]	Jacob Sparks [AU]	W	13	5
Brent Tonisson [AU]	Tom Bourke [AU]	W	16	6
Brent Tonisson [AU]	Shane Quinn [AU]	W	19	7
Brent Tonisson [AU]	Chen Junhan [AU]	W	22	8
Brent Tonisson [AU]	MattheW Burris [AU]	T	23	9
Brent Tonisson [AU]	Christian Delloiaco [AU]	W	26	10
Brent Tonisson [AU]	Angus Johnson [AU]	W	29	11
Brent Tonisson [AU]	MattheW Burris [AU]	L	29	12
Brent Tonisson [AU]	Courtney Fox [AU]	W	32	13
Brent Tonisson [AU]	Jeremy L‚ÑπÔ∏èm ü§üüòéü§ü [AU]	T	33	14
Brent Tonisson [AU]	Shane Quinn [AU]	W	36	15
Brent Tonisson [AU]	Courtney Fox [AU]	W	39	16
Brent Tonisson [AU]	Jeremy L‚ÑπÔ∏èm ü§üüòéü§ü [AU]	W	42	17
Jeremy L‚ÑπÔ∏èm ü§üüòéü§ü [AU]	Alexander Cannavo [AU]	W	3	1
Jeremy L‚ÑπÔ∏èm ü§üüòéü§ü [AU]	Jacob McSpadden [AU]	W	6	2
Jeremy L‚ÑπÔ∏èm ü§üüòéü§ü [AU]	Joshua Sparks [AU]	W	9	3
Jeremy L‚ÑπÔ∏èm ü§üüòéü§ü [AU]	Yasuyuki Handa [AU]	W	12	4
Jeremy L‚ÑπÔ∏èm ü§üüòéü§ü [AU]	Jettano Posani [AU]	L	12	5
Jeremy L‚ÑπÔ∏èm ü§üüòéü§ü [AU]	Shane Quinn [AU]	T	13	6
Jeremy L‚ÑπÔ∏èm ü§üüòéü§ü [AU]	Adam Beale [AU]	W	16	7
Jeremy L‚ÑπÔ∏èm ü§üüòéü§ü [AU]	Derick Dao [AU]	W	19	8
Jeremy L‚ÑπÔ∏èm ü§üüòéü§ü [AU]	Courtney Fox [AU]	L	19	9
Jeremy L‚ÑπÔ∏èm ü§üüòéü§ü [AU]	Jeremy Evans [AU]	W	22	10
Jeremy L‚ÑπÔ∏èm ü§üüòéü§ü [AU]	Stefan Cocks [AU]	W	25	11
Jeremy L‚ÑπÔ∏èm ü§üüòéü§ü [AU]	Natalie Millar [AU]	W	28	12
Jeremy L‚ÑπÔ∏èm ü§üüòéü§ü [AU]	MattheW Burris [AU]	T	29	13
Jeremy L‚ÑπÔ∏èm ü§üüòéü§ü [AU]	Brent Tonisson [AU]	T	30	14
Jeremy L‚ÑπÔ∏èm ü§üüòéü§ü [AU]	MattheW Burris [AU]	W	33	15
Jeremy L‚ÑπÔ∏èm ü§üüòéü§ü [AU]	Angus Johnson [AU]	W	36	16
Jeremy L‚ÑπÔ∏èm ü§üüòéü§ü [AU]	Brent Tonisson [AU]	L	36	17
Angus Johnson [AU]	Blake Davies [AU]	W	3	1
Angus Johnson [AU]	Hayden Matthews [AU]	W	6	2
Angus Johnson [AU]	Christian Allen [AU]	W	9	3
Angus Johnson [AU]	Benjamin Hall [AU]	L	9	4
Angus Johnson [AU]	Tyler Bishop [AU]	W	12	5
Angus Johnson [AU]	Melinda McFadden [AU]	W	15	6
Angus Johnson [AU]	charles limbrick [AU]	W	18	7
Angus Johnson [AU]	Courtney Fox [AU]	T	19	8
Angus Johnson [AU]	Keegan Burt [AU]	W	22	9
Angus Johnson [AU]	Courtney Fox [AU]	W	25	10
Angus Johnson [AU]	Brent Tonisson [AU]	L	25	11
Angus Johnson [AU]	Ruben Cortez [AU]	W	28	12
Angus Johnson [AU]	Shane Quinn [AU]	W	31	13
Angus Johnson [AU]	MattheW Burris [AU]	T	32	14
Angus Johnson [AU]	James Williams [AU]	W	35	15
Angus Johnson [AU]	Jeremy L‚ÑπÔ∏èm ü§üüòéü§ü [AU]	L	35	16
Courtney Fox [AU]	Derick Dao [AU]	L	0	1
Courtney Fox [AU]	Jiahe Liang [AU]	W	3	2
Courtney Fox [AU]	Daniel Li [AU]	W	6	3
Courtney Fox [AU]	Joshua Martin [AU]	W	9	4
Courtney Fox [AU]	Vignesh Krishnan Krishnan [AU]	W	12	5
Courtney Fox [AU]	Mia Fountain [AU]	W	15	6
Courtney Fox [AU]	Keller Huang [AU]	W	18	7
Courtney Fox [AU]	Angus Johnson [AU]	T	19	8
Courtney Fox [AU]	Jeremy L‚ÑπÔ∏èm ü§üüòéü§ü [AU]	W	22	9
Courtney Fox [AU]	Angus Johnson [AU]	L	22	10
Courtney Fox [AU]	Chen Junhan [AU]	W	25	11
Courtney Fox [AU]	Hayden Matthews [AU]	W	28	12
Courtney Fox [AU]	Brent Tonisson [AU]	L	28	13
Courtney Fox [AU]	Natalie Millar [AU]	W	31	14
Courtney Fox [AU]	Jeremy Evans [AU]	W	34	15
Courtney Fox [AU]	Brent Tonisson [AU]	L	34	16
MattheW Burris [AU]	bailey rieck [AU]	W	3	1
MattheW Burris [AU]	Paul Ashton [AU]	W	6	2
MattheW Burris [AU]	Xiaoran Wu [AU]	W	9	3
MattheW Burris [AU]	Joshua Wilson [AU]	W	12	4
MattheW Burris [AU]	Mathew masefield [AU]	W	15	5
MattheW Burris [AU]	Keegan Burt [AU]	W	18	6
MattheW Burris [AU]	Chen Junhan [AU]	T	19	7
MattheW Burris [AU]	Christian Delloiaco [AU]	T	20	8
MattheW Burris [AU]	Brent Tonisson [AU]	T	21	9
MattheW Burris [AU]	Tom Bourke [AU]	W	24	10
MattheW Burris [AU]	Kelvin Nguyen [AU]	W	27	11
MattheW Burris [AU]	Brent Tonisson [AU]	W	30	12
MattheW Burris [AU]	Jeremy L‚ÑπÔ∏èm ü§üüòéü§ü [AU]	T	31	13
MattheW Burris [AU]	Angus Johnson [AU]	T	32	14
MattheW Burris [AU]	Jeremy L‚ÑπÔ∏èm ü§üüòéü§ü [AU]	L	32	15
Jeremy Evans [AU]	Benjamin Hall [AU]	L	0	1
Jeremy Evans [AU]	Jay Tyrrell [AU]	W	3	2
Jeremy Evans [AU]	Kieran Johnson [AU]	W	6	3
Jeremy Evans [AU]	Simon Williams [AU]	W	9	4
Jeremy Evans [AU]	Hayden Matthews [AU]	W	12	5
Jeremy Evans [AU]	Nathan Canty-Seghers [AU]	W	15	6
Jeremy Evans [AU]	Jake Cruwys [AU]	W	18	7
Jeremy Evans [AU]	Shang Jun Chua [AU]	T	19	8
Jeremy Evans [AU]	Christian Delloiaco [AU]	L	19	9
Jeremy Evans [AU]	Jeremy L‚ÑπÔ∏èm ü§üüòéü§ü [AU]	L	19	10
Jeremy Evans [AU]	Miguel Angelo Villar [AU]	W	22	11
Jeremy Evans [AU]	Shang Jun Chua [AU]	W	25	12
Jeremy Evans [AU]	Harrison Hodges [AU]	W	28	13
Jeremy Evans [AU]	Tom Bourke [AU]	W	31	14
Jeremy Evans [AU]	Courtney Fox [AU]	L	31	15
James Williams [AU]	Joshua Wilson [AU]	L	0	1
James Williams [AU]	Kenneth Peake [AU]	W	3	2
James Williams [AU]	Timothy Gallagher [AU]	W	6	3
James Williams [AU]	Derick Dao [AU]	L	6	4
James Williams [AU]	bailey rieck [AU]	W	9	5
James Williams [AU]	Kazuo Nakamura [AU]	W	12	6
James Williams [AU]	Joshua Glen [AU]	W	15	7
James Williams [AU]	Miguel Angelo Villar [AU]	L	15	8
James Williams [AU]	Jake Lazzari [AU]	W	18	9
James Williams [AU]	Stefan Cocks [AU]	L	18	10
James Williams [AU]	Max McInnis [AU]	W	21	11
James Williams [AU]	Sameer Sangwan [AU]	W	24	12
James Williams [AU]	Vignesh Krishnan Krishnan [AU]	W	27	13
James Williams [AU]	Ruben Cortez [AU]	W	30	14
James Williams [AU]	Angus Johnson [AU]	L	30	15
Shane Quinn [AU]	Jeremy Mora [AU]	W	3	1
Shane Quinn [AU]	Sameer Sangwan [AU]	W	6	2
Shane Quinn [AU]	Ben Anderson [AU]	W	9	3
Shane Quinn [AU]	Archie de Vries [AU]	W	12	4
Shane Quinn [AU]	Benjamin Hall [AU]	W	15	5
Shane Quinn [AU]	Jeremy L‚ÑπÔ∏èm ü§üüòéü§ü [AU]	T	16	6
Shane Quinn [AU]	Brent Tonisson [AU]	L	16	7
Shane Quinn [AU]	Kai Chung [AU]	L	16	8
Shane Quinn [AU]	Peter Seo [AU]	W	19	9
Shane Quinn [AU]	Keegan Burt [AU]	W	22	10
Shane Quinn [AU]	Tom Bourke [AU]	T	23	11
Shane Quinn [AU]	Billy Nguyen [AU]	W	26	12
Shane Quinn [AU]	Angus Johnson [AU]	L	26	13
Shane Quinn [AU]	Geoff Woodhead [NZ]	W	29	14
Shane Quinn [AU]	Brent Tonisson [AU]	L	29	15
Natalie Millar [AU]	Duy Le [AU]	W	3	1
Natalie Millar [AU]	ASADO QURESHI [AU]	W	6	2
Natalie Millar [AU]	Tyler Bishop [AU]	L	6	3
Natalie Millar [AU]	Jake Lazzari [AU]	W	9	4
Natalie Millar [AU]	Kai Chung [AU]	L	9	5
Natalie Millar [AU]	Julian Luvara [AU]	W	12	6
Natalie Millar [AU]	Ruben Cortez [AU]	W	15	7
Natalie Millar [AU]	Jake Cruwys [AU]	W	18	8
Natalie Millar [AU]	Miguel Angelo Villar [AU]	T	19	9
Natalie Millar [AU]	Tait Tran [AU]	W	22	10
Natalie Millar [AU]	Vignesh Krishnan Krishnan [AU]	W	25	11
Natalie Millar [AU]	Jeremy L‚ÑπÔ∏èm ü§üüòéü§ü [AU]	L	25	12
Natalie Millar [AU]	Hayden Matthews [AU]	W	28	13
Natalie Millar [AU]	Courtney Fox [AU]	L	28	14
Keegan Burt [AU]	DONGXU LI [AU]	W	3	1
Keegan Burt [AU]	Christofer Gozali [AU]	W	6	2
Keegan Burt [AU]	Jake Lazzari [AU]	W	9	3
Keegan Burt [AU]	Robin Sangwan [AU]	W	12	4
Keegan Burt [AU]	Melinda McFadden [AU]	W	15	5
Keegan Burt [AU]	MattheW Burris [AU]	L	15	6
Keegan Burt [AU]	Derick Dao [AU]	T	16	7
Keegan Burt [AU]	Tait Tran [AU]	W	19	8
Keegan Burt [AU]	Angus Johnson [AU]	L	19	9
Keegan Burt [AU]	Shane Quinn [AU]	L	19	10
Keegan Burt [AU]	Tait Tran [AU]	W	22	11
Keegan Burt [AU]	Harrison Hodges [AU]	L	22	12
Keegan Burt [AU]	Keller Huang [AU]	W	25	13
Keegan Burt [AU]	Hayden Matthews [AU]	W	28	14
Harrison Hodges [AU]	Ethan Cooper [AU]	W	3	1
Harrison Hodges [AU]	Kye Edmondston [AU]	W	6	2
Harrison Hodges [AU]	Joshua Courtney [AU]	W	9	3
Harrison Hodges [AU]	Jake Cruwys [AU]	L	9	4
Harrison Hodges [AU]	Billy Nguyen [AU]	L	9	5
Harrison Hodges [AU]	Kelvin Duong [AU]	W	12	6
Harrison Hodges [AU]	Melinda McFadden [AU]	T	13	7
Harrison Hodges [AU]	Max Prescott [AU]	W	16	8
Harrison Hodges [AU]	Derick Dao [AU]	W	19	9
Harrison Hodges [AU]	Vignesh Krishnan Krishnan [AU]	L	19	10
Harrison Hodges [AU]	Scott Langford [AU]	W	22	11
Harrison Hodges [AU]	Keegan Burt [AU]	W	25	12
Harrison Hodges [AU]	Jeremy Evans [AU]	L	25	13
Harrison Hodges [AU]	Christian Delloiaco [AU]	W	28	14
Tom Bourke [AU]	Alex Price [AU]	W	3	1
Tom Bourke [AU]	Jarrad Paxton [AU]	T	4	2
Tom Bourke [AU]	Stefan Cocks [AU]	W	7	3
Tom Bourke [AU]	Sebastian McFadden [AU]	W	10	4
Tom Bourke [AU]	Robert Seymour [AU]	W	13	5
Tom Bourke [AU]	Brent Tonisson [AU]	L	13	6
Tom Bourke [AU]	Max Prescott [AU]	W	16	7
Tom Bourke [AU]	Peter Seo [AU]	W	19	8
Tom Bourke [AU]	Kai Chung [AU]	W	22	9
Tom Bourke [AU]	MattheW Burris [AU]	L	22	10
Tom Bourke [AU]	Shane Quinn [AU]	T	23	11
Tom Bourke [AU]	Kelvin Nguyen [AU]	W	26	12
Tom Bourke [AU]	Chen Junhan [AU]	T	27	13
Tom Bourke [AU]	Jeremy Evans [AU]	L	27	14
Stefan Cocks [AU]	Peter Seo [AU]	W	3	1
Stefan Cocks [AU]	troy fisher [AU]	T	4	2
Stefan Cocks [AU]	Tom Bourke [AU]	L	4	3
Stefan Cocks [AU]	Blake Davies [AU]	T	5	4
Stefan Cocks [AU]	Corey Munro [AU]	W	8	5
Stefan Cocks [AU]	Jules klupsas [AU]	W	11	6
Stefan Cocks [AU]	Louis Pozzacchio [AU]	W	14	7
Stefan Cocks [AU]	Max McInnis [AU]	T	15	8
Stefan Cocks [AU]	Sineth Akmeemana [AU]	W	18	9
Stefan Cocks [AU]	James Williams [AU]	W	21	10
Stefan Cocks [AU]	Jeremy L‚ÑπÔ∏èm ü§üüòéü§ü [AU]	L	21	11
Stefan Cocks [AU]	Keller Huang [AU]	W	24	12
Stefan Cocks [AU]	Ruben Cortez [AU]	L	24	13
Stefan Cocks [AU]	Shang Jun Chua [AU]	W	27	14
Ruben Cortez [AU]	Alec Elhindi [AU]	W	3	1
Ruben Cortez [AU]	Sean Takemoto [AU]	W	6	2
Ruben Cortez [AU]	Joshua Wilson [AU]	L	6	3
Ruben Cortez [AU]	Darcy Miller [AU]	W	9	4
Ruben Cortez [AU]	Joshua Glen [AU]	L	9	5
Ruben Cortez [AU]	Yuanxu Li [AU]	W	12	6
Ruben Cortez [AU]	Natalie Millar [AU]	L	12	7
Ruben Cortez [AU]	Robin Sangwan [AU]	W	15	8
Ruben Cortez [AU]	Yufan Liu [AU]	W	18	9
Ruben Cortez [AU]	Max McInnis [AU]	W	21	10
Ruben Cortez [AU]	Kai Chung [AU]	W	24	11
Ruben Cortez [AU]	Angus Johnson [AU]	L	24	12
Ruben Cortez [AU]	Stefan Cocks [AU]	W	27	13
Ruben Cortez [AU]	James Williams [AU]	L	27	14
Kelvin Nguyen [AU]	Michael Chan [AU]	W	3	1
Kelvin Nguyen [AU]	yuhao xia [AU]	W	6	2
Kelvin Nguyen [AU]	Fareez Sanif [AU]	L	6	3
Kelvin Nguyen [AU]	Sam Clayfield [AU]	T	7	4
Kelvin Nguyen [AU]	Anas Somtua [AU]	W	10	5
Kelvin Nguyen [AU]	Sameer Sangwan [AU]	T	11	6
Kelvin Nguyen [AU]	Nick Bell [AU]	W	14	7
Kelvin Nguyen [AU]	Yasuyuki Handa [AU]	W	17	8
Kelvin Nguyen [AU]	Geoff Woodhead [NZ]	W	20	9
Kelvin Nguyen [AU]	Keller Huang [AU]	W	23	10
Kelvin Nguyen [AU]	MattheW Burris [AU]	L	23	11
Kelvin Nguyen [AU]	Tom Bourke [AU]	L	23	12
Kelvin Nguyen [AU]	Miguel Angelo Villar [AU]	W	26	13
Kelvin Nguyen [AU]	Chen Junhan [AU]	T	27	14
Sameer Sangwan [AU]	Corey Munro [AU]	W	3	1
Sameer Sangwan [AU]	Shane Quinn [AU]	L	3	2
Sameer Sangwan [AU]	Alex Crockford [AU]	T	4	3
Sameer Sangwan [AU]	Rui Crocitta [AU]	W	7	4
Sameer Sangwan [AU]	Chuyao Zhou [AU]	W	10	5
Sameer Sangwan [AU]	Kelvin Nguyen [AU]	T	11	6
Sameer Sangwan [AU]	Marco Giovannini [AU]	W	14	7
Sameer Sangwan [AU]	Qihan Zhang [AU]	W	17	8
Sameer Sangwan [AU]	Tim Franklin [AU]	T	18	9
Sameer Sangwan [AU]	Hayden Matthews [AU]	L	18	10
Sameer Sangwan [AU]	Mia Fountain [AU]	W	21	11
Sameer Sangwan [AU]	James Williams [AU]	L	21	12
Sameer Sangwan [AU]	Tait Tran [AU]	W	24	13
Sameer Sangwan [AU]	Kai Chung [AU]	W	27	14
Chen Junhan [AU]	Alistair Menzies [AU]	W	3	1
Chen Junhan [AU]	Timothy Gallagher [AU]	W	6	2
Chen Junhan [AU]	Brendan Cliffe [AU]	W	9	3
Chen Junhan [AU]	Adam Beale [AU]	W	12	4
Chen Junhan [AU]	Fareez Sanif [AU]	W	15	5
Chen Junhan [AU]	Jake Cruwys [AU]	W	18	6
Chen Junhan [AU]	MattheW Burris [AU]	T	19	7
Chen Junhan [AU]	Brent Tonisson [AU]	L	19	8
Chen Junhan [AU]	Keller Huang [AU]	L	19	9
Chen Junhan [AU]	Scott Langford [AU]	W	22	10
Chen Junhan [AU]	Courtney Fox [AU]	L	22	11
Chen Junhan [AU]	Christian Delloiaco [AU]	W	25	12
Chen Junhan [AU]	Tom Bourke [AU]	T	26	13
Chen Junhan [AU]	Kelvin Nguyen [AU]	T	27	14
Miguel Angelo Villar [AU]	Nick Bell [AU]	L	0	1
Miguel Angelo Villar [AU]	Zach Quince [AU]	W	3	2
Miguel Angelo Villar [AU]	Christian Hasbani [AU]	W	6	3
Miguel Angelo Villar [AU]	Mia Fountain [AU]	L	6	4
Miguel Angelo Villar [AU]	Alexander Jemison [AU]	W	9	5
Miguel Angelo Villar [AU]	Robin Sangwan [AU]	W	12	6
Miguel Angelo Villar [AU]	Sean Takemoto [AU]	W	15	7
Miguel Angelo Villar [AU]	James Williams [AU]	W	18	8
Miguel Angelo Villar [AU]	Natalie Millar [AU]	T	19	9
Miguel Angelo Villar [AU]	Mathew masefield [AU]	T	20	10
Miguel Angelo Villar [AU]	Jeremy Evans [AU]	L	20	11
Miguel Angelo Villar [AU]	Jack underwood [AU]	W	23	12
Miguel Angelo Villar [AU]	Kelvin Nguyen [AU]	L	23	13
Miguel Angelo Villar [AU]	Billy Nguyen [AU]	W	26	14
Geoff Woodhead [NZ]	Billy Nguyen [AU]	L	0	1
Geoff Woodhead [NZ]	Ryan Burt [AU]	W	3	2
Geoff Woodhead [NZ]	Donna Pedder [AU]	W	6	3
Geoff Woodhead [NZ]	Ben Anderson [AU]	W	9	4
Geoff Woodhead [NZ]	Ethan Lee [AU]	W	12	5
Geoff Woodhead [NZ]	Sean Takemoto [AU]	W	15	6
Geoff Woodhead [NZ]	Christian Delloiaco [AU]	L	15	7
Geoff Woodhead [NZ]	charles limbrick [AU]	W	18	8
Geoff Woodhead [NZ]	Kelvin Nguyen [AU]	L	18	9
Geoff Woodhead [NZ]	Mia Fountain [AU]	W	21	10
Geoff Woodhead [NZ]	Keller Huang [AU]	T	22	11
Geoff Woodhead [NZ]	Vignesh Krishnan Krishnan [AU]	T	23	12
Geoff Woodhead [NZ]	Billy Nguyen [AU]	W	26	13
Geoff Woodhead [NZ]	Shane Quinn [AU]	L	26	14
Mathew masefield [AU]	Runfeng Wang [AU]	W	3	1
Mathew masefield [AU]	David Younan [AU]	W	6	2
Mathew masefield [AU]	Joshua Martin [AU]	W	9	3
Mathew masefield [AU]	Ethan Lee [AU]	W	12	4
Mathew masefield [AU]	MattheW Burris [AU]	L	12	5
Mathew masefield [AU]	Christian Delloiaco [AU]	L	12	6
Mathew masefield [AU]	Archie de Vries [AU]	W	15	7
Mathew masefield [AU]	Nathan Canty-Seghers [AU]	T	16	8
Mathew masefield [AU]	Darcy Miller [AU]	W	19	9
Mathew masefield [AU]	Miguel Angelo Villar [AU]	T	20	10
Mathew masefield [AU]	Billy Nguyen [AU]	L	20	11
Mathew masefield [AU]	Kai Chung [AU]	L	20	12
Mathew masefield [AU]	Jack underwood [AU]	W	23	13
Mathew masefield [AU]	Vignesh Krishnan Krishnan [AU]	W	26	14
Christian Delloiaco [AU]	Callum Pinnegar [AU]	W	3	1
Christian Delloiaco [AU]	Ben Nolan [AU]	W	6	2
Christian Delloiaco [AU]	Yufan Liu [AU]	W	9	3
Christian Delloiaco [AU]	Mitchell Demnar [AU]	W	12	4
Christian Delloiaco [AU]	Jake Cruwys [AU]	L	12	5
Christian Delloiaco [AU]	Mathew masefield [AU]	W	15	6
Christian Delloiaco [AU]	Geoff Woodhead [NZ]	W	18	7
Christian Delloiaco [AU]	MattheW Burris [AU]	T	19	8
Christian Delloiaco [AU]	Jeremy Evans [AU]	W	22	9
Christian Delloiaco [AU]	Brent Tonisson [AU]	L	22	10
Christian Delloiaco [AU]	Hayden Matthews [AU]	L	22	11
Christian Delloiaco [AU]	Chen Junhan [AU]	L	22	12
Christian Delloiaco [AU]	Mia Fountain [AU]	W	25	13
Christian Delloiaco [AU]	Harrison Hodges [AU]	L	25	14
Hayden Matthews [AU]	Georgia Smith [AU]	W	3	1
Hayden Matthews [AU]	Angus Johnson [AU]	L	3	2
Hayden Matthews [AU]	WaiLok Tse [AU]	W	6	3
Hayden Matthews [AU]	Christian Allen [AU]	W	9	4
Hayden Matthews [AU]	Jeremy Evans [AU]	L	9	5
Hayden Matthews [AU]	Lewis Gall [NZ]	T	10	6
Hayden Matthews [AU]	Sam Hynes [AU]	W	13	7
Hayden Matthews [AU]	Siu Chun Lee [AU]	W	16	8
Hayden Matthews [AU]	Christofer Gozali [AU]	W	19	9
Hayden Matthews [AU]	Sameer Sangwan [AU]	W	22	10
Hayden Matthews [AU]	Christian Delloiaco [AU]	W	25	11
Hayden Matthews [AU]	Courtney Fox [AU]	L	25	12
Hayden Matthews [AU]	Natalie Millar [AU]	L	25	13
Hayden Matthews [AU]	Keegan Burt [AU]	L	25	14
Shang Jun Chua [AU]	Qihan Zhang [AU]	T	1	1
Shang Jun Chua [AU]	Mia Fountain [AU]	W	4	2
Shang Jun Chua [AU]	David Frans Daritan [AU]	W	7	3
Shang Jun Chua [AU]	Yuanxu Li [AU]	T	8	4
Shang Jun Chua [AU]	Kelvin Duong [AU]	W	11	5
Shang Jun Chua [AU]	Jimmy Farrugia [AU]	W	14	6
Shang Jun Chua [AU]	Fareez Sanif [AU]	W	17	7
Shang Jun Chua [AU]	Jeremy Evans [AU]	T	18	8
Shang Jun Chua [AU]	Vignesh Krishnan Krishnan [AU]	T	19	9
Shang Jun Chua [AU]	Billy Nguyen [AU]	T	20	10
Shang Jun Chua [AU]	Jack underwood [AU]	W	23	11
Shang Jun Chua [AU]	Jeremy Evans [AU]	L	23	12
Shang Jun Chua [AU]	Kai Chung [AU]	T	24	13
Shang Jun Chua [AU]	Stefan Cocks [AU]	L	24	14
Kai Chung [AU]	Tyler Bishop [AU]	L	0	1
Kai Chung [AU]	Tan Loc Thuan Nguyen [AU]	W	3	2
Kai Chung [AU]	Cherakee Evans [AU]	W	6	3
Kai Chung [AU]	Joseph Shankar [AU]	W	9	4
Kai Chung [AU]	Natalie Millar [AU]	W	12	5
Kai Chung [AU]	Yasuyuki Handa [AU]	T	13	6
Kai Chung [AU]	Jettano Posani [AU]	W	16	7
Kai Chung [AU]	Shane Quinn [AU]	W	19	8
Kai Chung [AU]	Tom Bourke [AU]	L	19	9
Kai Chung [AU]	Jack underwood [AU]	T	20	10
Kai Chung [AU]	Ruben Cortez [AU]	L	20	11
Kai Chung [AU]	Mathew masefield [AU]	W	23	12
Kai Chung [AU]	Shang Jun Chua [AU]	T	24	13
Kai Chung [AU]	Sameer Sangwan [AU]	L	24	14
Mia Fountain [AU]	Beau McElroy [AU]	W	3	1
Mia Fountain [AU]	Shang Jun Chua [AU]	L	3	2
Mia Fountain [AU]	Christofer Gozali [AU]	W	6	3
Mia Fountain [AU]	Miguel Angelo Villar [AU]	W	9	4
Mia Fountain [AU]	Siu Chun Lee [AU]	W	12	5
Mia Fountain [AU]	Courtney Fox [AU]	L	12	6
Mia Fountain [AU]	Alec Elhindi [AU]	L	12	7
Mia Fountain [AU]	Sam Clayfield [AU]	W	15	8
Mia Fountain [AU]	Simon Williams [AU]	W	18	9
Mia Fountain [AU]	Geoff Woodhead [NZ]	L	18	10
Mia Fountain [AU]	Sameer Sangwan [AU]	L	18	11
Mia Fountain [AU]	Max McInnis [AU]	W	21	12
Mia Fountain [AU]	Christian Delloiaco [AU]	L	21	13
Mia Fountain [AU]	Jack underwood [AU]	W	24	14
Vignesh Krishnan Krishnan [AU]	Simon Williams [AU]	W	3	1
Vignesh Krishnan Krishnan [AU]	Nathan Canty-Seghers [AU]	L	3	2
Vignesh Krishnan Krishnan [AU]	Aaryanna Churchill [AU]	W	6	3
Vignesh Krishnan Krishnan [AU]	Brendon Schofield [AU]	W	9	4
Vignesh Krishnan Krishnan [AU]	Courtney Fox [AU]	L	9	5
Vignesh Krishnan Krishnan [AU]	Jesse Owers [AU]	W	12	6
Vignesh Krishnan Krishnan [AU]	Yufan Liu [AU]	W	15	7
Vignesh Krishnan Krishnan [AU]	Benjamin Hall [AU]	W	18	8
Vignesh Krishnan Krishnan [AU]	Shang Jun Chua [AU]	T	19	9
Vignesh Krishnan Krishnan [AU]	Harrison Hodges [AU]	W	22	10
Vignesh Krishnan Krishnan [AU]	Natalie Millar [AU]	L	22	11
Vignesh Krishnan Krishnan [AU]	Geoff Woodhead [NZ]	T	23	12
Vignesh Krishnan Krishnan [AU]	James Williams [AU]	L	23	13
Vignesh Krishnan Krishnan [AU]	Mathew masefield [AU]	L	23	14
Billy Nguyen [AU]	Geoff Woodhead [NZ]	W	3	1
Billy Nguyen [AU]	Cherakee Evans [AU]	W	6	2
Billy Nguyen [AU]	Archie de Vries [AU]	L	6	3
Billy Nguyen [AU]	Julian Luvara [AU]	W	9	4
Billy Nguyen [AU]	Harrison Hodges [AU]	W	12	5
Billy Nguyen [AU]	Keller Huang [AU]	L	12	6
Billy Nguyen [AU]	Cameron Luttrell [AU]	W	15	7
Billy Nguyen [AU]	Jack underwood [AU]	T	16	8
Billy Nguyen [AU]	Adam Beale [AU]	W	19	9
Billy Nguyen [AU]	Shang Jun Chua [AU]	T	20	10
Billy Nguyen [AU]	Mathew masefield [AU]	W	23	11
Billy Nguyen [AU]	Shane Quinn [AU]	L	23	12
Billy Nguyen [AU]	Geoff Woodhead [NZ]	L	23	13
Billy Nguyen [AU]	Miguel Angelo Villar [AU]	L	23	14
Keller Huang [AU]	Ryan Burt [AU]	W	3	1
Keller Huang [AU]	Joshua Glen [AU]	L	3	2
Keller Huang [AU]	James Xu [NZ]	W	6	3
Keller Huang [AU]	Luke McMahon [AU]	W	9	4
Keller Huang [AU]	Peter Ghionis [AU]	W	12	5
Keller Huang [AU]	Billy Nguyen [AU]	W	15	6
Keller Huang [AU]	Courtney Fox [AU]	L	15	7
Keller Huang [AU]	Alec Elhindi [AU]	W	18	8
Keller Huang [AU]	Chen Junhan [AU]	W	21	9
Keller Huang [AU]	Kelvin Nguyen [AU]	L	21	10
Keller Huang [AU]	Geoff Woodhead [NZ]	T	22	11
Keller Huang [AU]	Stefan Cocks [AU]	L	22	12
Keller Huang [AU]	Keegan Burt [AU]	L	22	13
Keller Huang [AU]	Tait Tran [AU]	T	23	14
Tait Tran [AU]	David Nguyen [AU]	W	3	1
Tait Tran [AU]	Kieran Johnson [AU]	W	6	2
Tait Tran [AU]	Melinda McFadden [AU]	L	6	3
Tait Tran [AU]	Sky Mathieson [AU]	T	7	4
Tait Tran [AU]	KELVIN YAP [AU]	W	10	5
Tait Tran [AU]	Jettano Posani [AU]	W	13	6
Tait Tran [AU]	Junxi Li [CN]	W	16	7
Tait Tran [AU]	Keegan Burt [AU]	L	16	8
Tait Tran [AU]	Joshua Sparks [AU]	W	19	9
Tait Tran [AU]	Natalie Millar [AU]	L	19	10
Tait Tran [AU]	Keegan Burt [AU]	L	19	11
Tait Tran [AU]	Scott Langford [AU]	W	22	12
Tait Tran [AU]	Sameer Sangwan [AU]	L	22	13
Tait Tran [AU]	Keller Huang [AU]	T	23	14
Scott Langford [AU]	Jorge Soria [AU]	T	1	1
Scott Langford [AU]	Blake Lobina [AU]	L	1	2
Scott Langford [AU]	Angela Yap [AU]	W	4	3
Scott Langford [AU]	Thomas Holland [AU]	W	7	4
Scott Langford [AU]	Sky Mathieson [AU]	W	10	5
Scott Langford [AU]	Junxi Li [CN]	L	10	6
Scott Langford [AU]	Rui Crocitta [AU]	W	13	7
Scott Langford [AU]	Bayley Janssen [AU]	W	16	8
Scott Langford [AU]	Aiden Harrison [AU]	W	19	9
Scott Langford [AU]	Chen Junhan [AU]	L	19	10
Scott Langford [AU]	Harrison Hodges [AU]	L	19	11
Scott Langford [AU]	Tait Tran [AU]	L	19	12
Scott Langford [AU]	Max McInnis [AU]	L	19	13
Scott Langford [AU]	BYE	W	22	14
Max McInnis [AU]	Peter Ghionis [AU]	L	0	1
Max McInnis [AU]	Aurora O'Reilly [AU]	W	3	2
Max McInnis [AU]	Jose de la garma [AU]	W	6	3
Max McInnis [AU]	Jacob McSpadden [AU]	W	9	4
Max McInnis [AU]	Robin Sangwan [AU]	W	12	5
Max McInnis [AU]	Peter Seo [AU]	T	13	6
Max McInnis [AU]	Dante Sun [AU]	T	14	7
Max McInnis [AU]	Stefan Cocks [AU]	T	15	8
Max McInnis [AU]	charles limbrick [AU]	W	18	9
Max McInnis [AU]	Ruben Cortez [AU]	L	18	10
Max McInnis [AU]	James Williams [AU]	L	18	11
Max McInnis [AU]	Mia Fountain [AU]	L	18	12
Max McInnis [AU]	Scott Langford [AU]	W	21	13
Jack underwood [AU]	Lucas Hamilton-Foster [AU]	T	1	1
Jack underwood [AU]	Zhecheng Cao [AU]	W	4	2
Jack underwood [AU]	Jimmy Chen [AU]	T	5	3
Jack underwood [AU]	troy fisher [AU]	T	6	4
Jack underwood [AU]	David Younan [AU]	W	9	5
Jack underwood [AU]	Joshua Courtney [AU]	W	12	6
Jack underwood [AU]	Ethan Cooper [AU]	W	15	7
Jack underwood [AU]	Billy Nguyen [AU]	T	16	8
Jack underwood [AU]	Nathan Canty-Seghers [AU]	W	19	9
Jack underwood [AU]	Kai Chung [AU]	T	20	10
Jack underwood [AU]	Shang Jun Chua [AU]	L	20	11
Jack underwood [AU]	Miguel Angelo Villar [AU]	L	20	12
Jack underwood [AU]	Mathew masefield [AU]	L	20	13
Jack underwood [AU]	Mia Fountain [AU]	L	20	14
Robbie Caldwell [AU]	troy fisher [AU]	L	0	1
Robbie Caldwell [AU]	Runfeng Wang [AU]	W	3	2
Robbie Caldwell [AU]	yuhao xia [AU]	W	6	3
Robbie Caldwell [AU]	Siu Chun Lee [AU]	L	6	4
Robbie Caldwell [AU]	Christian Hasbani [AU]	W	9	5
Robbie Caldwell [AU]	Jasper Greenwood [AU]	W	12	6
Robbie Caldwell [AU]	Nathan Canty-Seghers [AU]	L	12	7
Robbie Caldwell [AU]	Kazuo Nakamura [AU]	W	15	8
Robbie Caldwell [AU]	Alec Elhindi [AU]	W	18	9
Tim Franklin [AU]	Ethan Lee [AU]	L	0	1
Tim Franklin [AU]	Vincent Sutinah [AU]	T	1	2
Tim Franklin [AU]	Christine Ashkenazy [AU]	W	4	3
Tim Franklin [AU]	Jacob Powell [AU]	W	7	4
Tim Franklin [AU]	Sebastian McFadden [AU]	W	10	5
Tim Franklin [AU]	yuhao xia [AU]	T	11	6
Tim Franklin [AU]	Jackson Doyle [AU]	W	14	7
Tim Franklin [AU]	Dante Sun [AU]	W	17	8
Tim Franklin [AU]	Sameer Sangwan [AU]	T	18	9
Blake Davies [AU]	Angus Johnson [AU]	L	0	1
Blake Davies [AU]	Simon Sloan [AU]	T	1	2
Blake Davies [AU]	Nicholas Daniel [AU]	W	4	3
Blake Davies [AU]	Stefan Cocks [AU]	T	5	4
Blake Davies [AU]	Callum Pinnegar [AU]	W	8	5
Blake Davies [AU]	Sebastian McFadden [AU]	W	11	6
Blake Davies [AU]	Sam Clayfield [AU]	T	12	7
Blake Davies [AU]	Sean Takemoto [AU]	W	15	8
Blake Davies [AU]	Jake Cruwys [AU]	W	18	9
Jesse Owers [AU]	Mitchell Demnar [AU]	L	0	1
Jesse Owers [AU]	Christina Cao [AU]	W	3	2
Jesse Owers [AU]	Samuel Frazier [AU]	L	3	3
Jesse Owers [AU]	Xu Chi [AU]	W	6	4
Jesse Owers [AU]	Lauren Szmandiuk [AU]	W	9	5
Jesse Owers [AU]	Vignesh Krishnan Krishnan [AU]	L	9	6
Jesse Owers [AU]	Tyler Bishop [AU]	W	12	7
Jesse Owers [AU]	Timothy Gallagher [AU]	W	15	8
Jesse Owers [AU]	James Xu [NZ]	W	18	9
Melinda McFadden [AU]	Julian Luvara [AU]	W	3	1
Melinda McFadden [AU]	James Xu [NZ]	W	6	2
Melinda McFadden [AU]	Tait Tran [AU]	W	9	3
Melinda McFadden [AU]	Aiden Harrison [AU]	W	12	4
Melinda McFadden [AU]	Keegan Burt [AU]	L	12	5
Melinda McFadden [AU]	Angus Johnson [AU]	L	12	6
Melinda McFadden [AU]	Harrison Hodges [AU]	T	13	7
Melinda McFadden [AU]	yuhao xia [AU]	W	16	8
Melinda McFadden [AU]	Jimmy Chen [AU]	T	17	9
Ethan Lee [AU]	Tim Franklin [AU]	W	3	1
Ethan Lee [AU]	Max Prescott [AU]	W	6	2
Ethan Lee [AU]	Kazuo Nakamura [AU]	W	9	3
Ethan Lee [AU]	Mathew masefield [AU]	L	9	4
Ethan Lee [AU]	Geoff Woodhead [NZ]	L	9	5
Ethan Lee [AU]	Darcy Miller [AU]	T	10	6
Ethan Lee [AU]	Anton Piccio [AU]	W	13	7
Ethan Lee [AU]	Jacob Sparks [AU]	T	14	8
Ethan Lee [AU]	Sky Mathieson [AU]	W	17	9
Jacob Sparks [AU]	Jackson Doyle [AU]	T	1	1
Jacob Sparks [AU]	Gordon Liu [AU]	W	4	2
Jacob Sparks [AU]	Jimmy Farrugia [AU]	W	7	3
Jacob Sparks [AU]	Damian Chadban [AU]	W	10	4
Jacob Sparks [AU]	Brent Tonisson [AU]	L	10	5
Jacob Sparks [AU]	Qihan Zhang [AU]	L	10	6
Jacob Sparks [AU]	Mitchell Demnar [AU]	W	13	7
Jacob Sparks [AU]	Ethan Lee [AU]	T	14	8
Jacob Sparks [AU]	Yasuyuki Handa [AU]	W	17	9
Dante Sun [AU]	Marco Giovannini [AU]	T	1	1
Dante Sun [AU]	Jackson Doyle [AU]	W	4	2
Dante Sun [AU]	Blake Lobina [AU]	W	7	3
Dante Sun [AU]	Jettano Posani [AU]	L	7	4
Dante Sun [AU]	David Frans Daritan [AU]	W	10	5
Dante Sun [AU]	Markus Janssen [AU]	W	13	6
Dante Sun [AU]	Max McInnis [AU]	T	14	7
Dante Sun [AU]	Tim Franklin [AU]	L	14	8
Dante Sun [AU]	Qihan Zhang [AU]	W	17	9
Blake Lobina [AU]	David Frans Daritan [AU]	T	1	1
Blake Lobina [AU]	Scott Langford [AU]	W	4	2
Blake Lobina [AU]	Dante Sun [AU]	L	4	3
Blake Lobina [AU]	Jarrad Paxton [AU]	T	5	4
Blake Lobina [AU]	Duy Le [AU]	W	8	5
Blake Lobina [AU]	Marco Giovannini [AU]	L	8	6
Blake Lobina [AU]	Jules klupsas [AU]	W	11	7
Blake Lobina [AU]	Damian Chadban [AU]	W	14	8
Blake Lobina [AU]	Ben Anderson [AU]	W	17	9
Jorge Soria [AU]	Scott Langford [AU]	T	1	1
Jorge Soria [AU]	Dylan van der Riet [AU]	W	4	2
Jorge Soria [AU]	Thomas Holland [AU]	W	7	3
Jorge Soria [AU]	Brent Tonisson [AU]	L	7	4
Jorge Soria [AU]	Beau McElroy [AU]	T	8	5
Jorge Soria [AU]	Jackson Doyle [AU]	L	8	6
Jorge Soria [AU]	Mervin Chiang [AU]	W	11	7
Jorge Soria [AU]	Alexander Cannavo [AU]	W	14	8
Jorge Soria [AU]	Marco Giovannini [AU]	W	17	9
Jimmy Chen [AU]	Aaron Bennett [AU]	W	3	1
Jimmy Chen [AU]	Robert Seymour [AU]	T	4	2
Jimmy Chen [AU]	Jack underwood [AU]	T	5	3
Jimmy Chen [AU]	Tristan Young [AU]	W	8	4
Jimmy Chen [AU]	Jasper Greenwood [AU]	T	9	5
Jimmy Chen [AU]	Boris Lee [AU]	T	10	6
Jimmy Chen [AU]	Peter Ghionis [AU]	W	13	7
Jimmy Chen [AU]	Ryan Burt [AU]	W	16	8
Jimmy Chen [AU]	Melinda McFadden [AU]	T	17	9
Alex Crockford [AU]	Keqi Zhao [AU]	L	0	1
Alex Crockford [AU]	Xu Chi [AU]	W	3	2
Alex Crockford [AU]	Sameer Sangwan [AU]	T	4	3
Alex Crockford [AU]	Benjamin Small [AU]	W	7	4
Alex Crockford [AU]	Jimmy Farrugia [AU]	L	7	5
Alex Crockford [AU]	Tristan Young [AU]	W	10	6
Alex Crockford [AU]	Sky Mathieson [AU]	T	11	7
Alex Crockford [AU]	James Ocsona [AU]	W	14	8
Alex Crockford [AU]	Fareez Sanif [AU]	W	17	9
Benjamin Hall [AU]	Jeremy Evans [AU]	W	3	1
Benjamin Hall [AU]	Nick Bell [AU]	W	6	2
Benjamin Hall [AU]	Julian Zincone [AU]	W	9	3
Benjamin Hall [AU]	Angus Johnson [AU]	W	12	4
Benjamin Hall [AU]	Shane Quinn [AU]	L	12	5
Benjamin Hall [AU]	Derick Dao [AU]	L	12	6
Benjamin Hall [AU]	Timothy Gallagher [AU]	W	15	7
Benjamin Hall [AU]	Vignesh Krishnan Krishnan [AU]	L	15	8
Benjamin Hall [AU]	Louis Pozzacchio [AU]	T	16	9
Nathan Canty-Seghers [AU]	Hadyn Joyce [AU]	W	3	1
Nathan Canty-Seghers [AU]	Vignesh Krishnan Krishnan [AU]	W	6	2
Nathan Canty-Seghers [AU]	Adam Beale [AU]	L	6	3
Nathan Canty-Seghers [AU]	Joshua Sparks [AU]	W	9	4
Nathan Canty-Seghers [AU]	Joshua Wilson [AU]	W	12	5
Nathan Canty-Seghers [AU]	Jeremy Evans [AU]	L	12	6
Nathan Canty-Seghers [AU]	Robbie Caldwell [AU]	W	15	7
Nathan Canty-Seghers [AU]	Mathew masefield [AU]	T	16	8
Nathan Canty-Seghers [AU]	Jack underwood [AU]	L	16	9
Derick Dao [AU]	Courtney Fox [AU]	W	3	1
Derick Dao [AU]	Kazuo Nakamura [AU]	L	3	2
Derick Dao [AU]	Keelan Ambosta [AU]	W	6	3
Derick Dao [AU]	James Williams [AU]	W	9	4
Derick Dao [AU]	Boris Lee [AU]	W	12	5
Derick Dao [AU]	Benjamin Hall [AU]	W	15	6
Derick Dao [AU]	Keegan Burt [AU]	T	16	7
Derick Dao [AU]	Jeremy L‚ÑπÔ∏èm ü§üüòéü§ü [AU]	L	16	8
Derick Dao [AU]	Harrison Hodges [AU]	L	16	9
Jettano Posani [AU]	Cameron Luttrell [AU]	W	3	1
Jettano Posani [AU]	Pippin Greening [AU]	W	6	2
Jettano Posani [AU]	Jasper Greenwood [AU]	T	7	3
Jettano Posani [AU]	Dante Sun [AU]	W	10	4
Jettano Posani [AU]	Jeremy L‚ÑπÔ∏èm ü§üüòéü§ü [AU]	W	13	5
Jettano Posani [AU]	Tait Tran [AU]	L	13	6
Jettano Posani [AU]	Kai Chung [AU]	L	13	7
Jettano Posani [AU]	Joshua Sparks [AU]	L	13	8
Jettano Posani [AU]	Joshua Martin [AU]	W	16	9
Adam Beale [AU]	Kevin Johns [AU]	W	3	1
Adam Beale [AU]	Junxi Li [CN]	W	6	2
Adam Beale [AU]	Nathan Canty-Seghers [AU]	W	9	3
Adam Beale [AU]	Chen Junhan [AU]	L	9	4
Adam Beale [AU]	Markus Janssen [AU]	T	10	5
Adam Beale [AU]	Bayley Janssen [AU]	W	13	6
Adam Beale [AU]	Jeremy L‚ÑπÔ∏èm ü§üüòéü§ü [AU]	L	13	7
Adam Beale [AU]	ASADO QURESHI [AU]	W	16	8
Adam Beale [AU]	Billy Nguyen [AU]	L	16	9
Peter Seo [AU]	Stefan Cocks [AU]	L	0	1
Peter Seo [AU]	Jeremy Mora [AU]	W	3	2
Peter Seo [AU]	Pippin Greening [AU]	W	6	3
Peter Seo [AU]	Kye Edmondston [AU]	W	9	4
Peter Seo [AU]	Aiden Harrison [AU]	W	12	5
Peter Seo [AU]	Max McInnis [AU]	T	13	6
Peter Seo [AU]	ASADO QURESHI [AU]	W	16	7
Peter Seo [AU]	Tom Bourke [AU]	L	16	8
Peter Seo [AU]	Shane Quinn [AU]	L	16	9
Jimmy Farrugia [AU]	Bayley Janssen [AU]	W	3	1
Jimmy Farrugia [AU]	Brent Tonisson [AU]	T	4	2
Jimmy Farrugia [AU]	Jacob Sparks [AU]	L	4	3
Jimmy Farrugia [AU]	Callum Cusack [AU]	W	7	4
Jimmy Farrugia [AU]	Alex Crockford [AU]	W	10	5
Jimmy Farrugia [AU]	Shang Jun Chua [AU]	L	10	6
Jimmy Farrugia [AU]	Ryan Burt [AU]	L	10	7
Jimmy Farrugia [AU]	Liuyishan Guo [AU]	W	13	8
Jimmy Farrugia [AU]	Dylan van der Riet [AU]	W	16	9
Siu Chun Lee [AU]	Christina Cao [AU]	W	3	1
Siu Chun Lee [AU]	Archie de Vries [AU]	L	3	2
Siu Chun Lee [AU]	Ethan Cooper [AU]	W	6	3
Siu Chun Lee [AU]	Robbie Caldwell [AU]	W	9	4
Siu Chun Lee [AU]	Mia Fountain [AU]	L	9	5
Siu Chun Lee [AU]	Joshua Sparks [AU]	T	10	6
Siu Chun Lee [AU]	Robert Seymour [AU]	W	13	7
Siu Chun Lee [AU]	Hayden Matthews [AU]	L	13	8
Siu Chun Lee [AU]	Sam Hynes [AU]	W	16	9
Junxi Li [CN]	Marcus Dwyer [AU]	W	3	1
Junxi Li [CN]	Adam Beale [AU]	L	3	2
Junxi Li [CN]	Ehren Roebuck [AU]	W	6	3
Junxi Li [CN]	Louis Pozzacchio [AU]	W	9	4
Junxi Li [CN]	Nick Bell [AU]	T	10	5
Junxi Li [CN]	Scott Langford [AU]	W	13	6
Junxi Li [CN]	Tait Tran [AU]	L	13	7
Junxi Li [CN]	Darcy Miller [AU]	L	13	8
Junxi Li [CN]	Ismaael Farhad [AU]	W	16	9
Aiden Harrison [AU]	Sam Rumsey [AU]	W	3	1
Aiden Harrison [AU]	Rui Crocitta [AU]	W	6	2
Aiden Harrison [AU]	Louis Pozzacchio [AU]	W	9	3
Aiden Harrison [AU]	Melinda McFadden [AU]	L	9	4
Aiden Harrison [AU]	Peter Seo [AU]	L	9	5
Aiden Harrison [AU]	Ben Anderson [AU]	T	10	6
Aiden Harrison [AU]	Dylan van der Riet [AU]	W	13	7
Aiden Harrison [AU]	Alan Shao [AU]	W	16	8
Aiden Harrison [AU]	Scott Langford [AU]	L	16	9
Christofer Gozali [AU]	Xu Chi [AU]	W	3	1
Christofer Gozali [AU]	Keegan Burt [AU]	L	3	2
Christofer Gozali [AU]	Mia Fountain [AU]	L	3	3
Christofer Gozali [AU]	Thomas Quilliam [AU]	T	4	4
Christofer Gozali [AU]	Paul Ashton [AU]	W	7	5
Christofer Gozali [AU]	Jason Chun [AU]	W	10	6
Christofer Gozali [AU]	Tan Loc Thuan Nguyen [AU]	W	13	7
Christofer Gozali [AU]	Fareez Sanif [AU]	W	16	8
Christofer Gozali [AU]	Hayden Matthews [AU]	L	16	9
Joshua Sparks [AU]	Joseph Shankar [AU]	W	3	1
Joshua Sparks [AU]	Keqi Zhao [AU]	W	6	2
Joshua Sparks [AU]	Jeremy L‚ÑπÔ∏èm ü§üüòéü§ü [AU]	L	6	3
Joshua Sparks [AU]	Nathan Canty-Seghers [AU]	L	6	4
Joshua Sparks [AU]	Chloe Appleby [AU]	W	9	5
Joshua Sparks [AU]	Siu Chun Lee [AU]	T	10	6
Joshua Sparks [AU]	Liuyishan Guo [AU]	W	13	7
Joshua Sparks [AU]	Jettano Posani [AU]	W	16	8
Joshua Sparks [AU]	Tait Tran [AU]	L	16	9
Jarrad Paxton [AU]	Justin Payne [AU]	W	3	1
Jarrad Paxton [AU]	Tom Bourke [AU]	T	4	2
Jarrad Paxton [AU]	Marco Giovannini [AU]	L	4	3
Jarrad Paxton [AU]	Blake Lobina [AU]	T	5	4
Jarrad Paxton [AU]	Ethan Stoeckert [AU]	T	6	5
Jarrad Paxton [AU]	Matthew Liu [AU]	T	7	6
Jarrad Paxton [AU]	Raymond Ramajo [PH]	W	10	7
Jarrad Paxton [AU]	Yuanxu Li [AU]	W	13	8
Jarrad Paxton [AU]	Kye Edmondston [AU]	W	16	9
Darcy Miller [AU]	WaiLok Tse [AU]	L	0	1
Darcy Miller [AU]	George Zaidan [AU]	W	3	2
Darcy Miller [AU]	Jee Ong [AU]	W	6	3
Darcy Miller [AU]	Ruben Cortez [AU]	L	6	4
Darcy Miller [AU]	Cherakee Evans [AU]	W	9	5
Darcy Miller [AU]	Ethan Lee [AU]	T	10	6
Darcy Miller [AU]	Chuyao Zhou [AU]	W	13	7
Darcy Miller [AU]	Junxi Li [CN]	W	16	8
Darcy Miller [AU]	Mathew masefield [AU]	L	16	9
Louis Pozzacchio [AU]	Lauren Szmandiuk [AU]	W	3	1
Louis Pozzacchio [AU]	Ismaael Farhad [AU]	W	6	2
Louis Pozzacchio [AU]	Aiden Harrison [AU]	L	6	3
Louis Pozzacchio [AU]	Junxi Li [CN]	L	6	4
Louis Pozzacchio [AU]	Christian Allen [AU]	W	9	5
Louis Pozzacchio [AU]	Tyler Bishop [AU]	W	12	6
Louis Pozzacchio [AU]	Stefan Cocks [AU]	L	12	7
Louis Pozzacchio [AU]	Joshua Courtney [AU]	W	15	8
Louis Pozzacchio [AU]	Benjamin Hall [AU]	T	16	9
Bayley Janssen [AU]	Jimmy Farrugia [AU]	L	0	1
Bayley Janssen [AU]	Christine Ashkenazy [AU]	T	1	2
Bayley Janssen [AU]	Ross Hamilton [AU]	W	4	3
Bayley Janssen [AU]	Vincent Sutinah [AU]	W	7	4
Bayley Janssen [AU]	Mitchell Demnar [AU]	W	10	5
Bayley Janssen [AU]	Adam Beale [AU]	L	10	6
Bayley Janssen [AU]	Simon Sloan [AU]	W	13	7
Bayley Janssen [AU]	Scott Langford [AU]	L	13	8
Bayley Janssen [AU]	Ryan Burt [AU]	W	16	9
Jake Cruwys [AU]	Brendon Schofield [AU]	W	3	1
Jake Cruwys [AU]	Bradley Cannan-cole [AU]	W	6	2
Jake Cruwys [AU]	Kelvin Duong [AU]	W	9	3
Jake Cruwys [AU]	Harrison Hodges [AU]	W	12	4
Jake Cruwys [AU]	Christian Delloiaco [AU]	W	15	5
Jake Cruwys [AU]	Chen Junhan [AU]	L	15	6
Jake Cruwys [AU]	Jeremy Evans [AU]	L	15	7
Jake Cruwys [AU]	Natalie Millar [AU]	L	15	8
Jake Cruwys [AU]	Blake Davies [AU]	L	15	9
Alec Elhindi [AU]	Ruben Cortez [AU]	L	0	1
Alec Elhindi [AU]	Alistair Menzies [AU]	W	3	2
Alec Elhindi [AU]	Cameron Luttrell [AU]	W	6	3
Alec Elhindi [AU]	charles limbrick [AU]	L	6	4
Alec Elhindi [AU]	Ismaael Farhad [AU]	W	9	5
Alec Elhindi [AU]	James Xu [NZ]	W	12	6
Alec Elhindi [AU]	Mia Fountain [AU]	W	15	7
Alec Elhindi [AU]	Keller Huang [AU]	L	15	8
Alec Elhindi [AU]	Robbie Caldwell [AU]	L	15	9
Sam Clayfield [AU]	Archie de Vries [AU]	L	0	1
Sam Clayfield [AU]	Beau McElroy [AU]	W	3	2
Sam Clayfield [AU]	Josh Wallis [AU]	W	6	3
Sam Clayfield [AU]	Kelvin Nguyen [AU]	T	7	4
Sam Clayfield [AU]	Damian Chadban [AU]	W	10	5
Sam Clayfield [AU]	Nick Bell [AU]	T	11	6
Sam Clayfield [AU]	Blake Davies [AU]	T	12	7
Sam Clayfield [AU]	Mia Fountain [AU]	L	12	8
Sam Clayfield [AU]	WaiLok Tse [AU]	W	15	9
Archie de Vries [AU]	Sam Clayfield [AU]	W	3	1
Archie de Vries [AU]	Siu Chun Lee [AU]	W	6	2
Archie de Vries [AU]	Billy Nguyen [AU]	W	9	3
Archie de Vries [AU]	Shane Quinn [AU]	L	9	4
Archie de Vries [AU]	Sean Takemoto [AU]	L	9	5
Archie de Vries [AU]	Joshua Wilson [AU]	W	12	6
Archie de Vries [AU]	Mathew masefield [AU]	L	12	7
Archie de Vries [AU]	Yufan Liu [AU]	L	12	8
Archie de Vries [AU]	Christina Cao [AU]	W	15	9
James Xu [NZ]	Ashton Grant [AU]	W	3	1
James Xu [NZ]	Melinda McFadden [AU]	L	3	2
James Xu [NZ]	Keller Huang [AU]	L	3	3
James Xu [NZ]	George Zaidan [AU]	W	6	4
James Xu [NZ]	Kieran Johnson [AU]	W	9	5
James Xu [NZ]	Alec Elhindi [AU]	L	9	6
James Xu [NZ]	Jay Tyrrell [AU]	W	12	7
James Xu [NZ]	Cameron Luttrell [AU]	W	15	8
James Xu [NZ]	Jesse Owers [AU]	L	15	9
Robin Sangwan [AU]	Vincent Sutinah [AU]	W	3	1
Robin Sangwan [AU]	Jeb Collins [AU]	W	6	2
Robin Sangwan [AU]	Joshua Glen [AU]	W	9	3
Robin Sangwan [AU]	Keegan Burt [AU]	L	9	4
Robin Sangwan [AU]	Max McInnis [AU]	L	9	5
Robin Sangwan [AU]	Miguel Angelo Villar [AU]	L	9	6
Robin Sangwan [AU]	Kenny Banh [AU]	W	12	7
Robin Sangwan [AU]	Ruben Cortez [AU]	L	12	8
Robin Sangwan [AU]	Joshua Courtney [AU]	W	15	9
charles limbrick [AU]	William Rue [AU]	W	3	1
charles limbrick [AU]	Jasper Greenwood [AU]	L	3	2
charles limbrick [AU]	Jamie Harris [AU]	W	6	3
charles limbrick [AU]	Alec Elhindi [AU]	W	9	4
charles limbrick [AU]	Kazuo Nakamura [AU]	W	12	5
charles limbrick [AU]	Joshua Glen [AU]	W	15	6
charles limbrick [AU]	Angus Johnson [AU]	L	15	7
charles limbrick [AU]	Geoff Woodhead [NZ]	L	15	8
charles limbrick [AU]	Max McInnis [AU]	L	15	9
Simon Williams [AU]	Vignesh Krishnan Krishnan [AU]	L	0	1
Simon Williams [AU]	DONGXU LI [AU]	W	3	2
Simon Williams [AU]	Matthew Dobrovsak [AU]	W	6	3
Simon Williams [AU]	Jeremy Evans [AU]	L	6	4
Simon Williams [AU]	Julian Luvara [AU]	L	6	5
Simon Williams [AU]	Joey Wenceslao [AU]	W	9	6
Simon Williams [AU]	Alexander Jemison [AU]	W	12	7
Simon Williams [AU]	Haoyuan Liu [CN]	W	15	8
Simon Williams [AU]	Mia Fountain [AU]	L	15	9
David Younan [AU]	Joshua Grob [AU]	W	3	1
David Younan [AU]	Mathew masefield [AU]	L	3	2
David Younan [AU]	Haoyuan Liu [CN]	L	3	3
David Younan [AU]	Joey Wenceslao [AU]	W	6	4
David Younan [AU]	Jack underwood [AU]	L	6	5
David Younan [AU]	Alistair Menzies [AU]	W	9	6
David Younan [AU]	Jake Lazzari [AU]	L	9	7
David Younan [AU]	Matthew Liu [AU]	W	12	8
David Younan [AU]	Julian Luvara [AU]	W	15	9
Jake Lazzari [AU]	Luke McMahon [AU]	W	3	1
Jake Lazzari [AU]	Alexander Jemison [AU]	W	6	2
Jake Lazzari [AU]	Keegan Burt [AU]	L	6	3
Jake Lazzari [AU]	Natalie Millar [AU]	L	6	4
Jake Lazzari [AU]	Joshua Courtney [AU]	L	6	5
Jake Lazzari [AU]	Ehren Roebuck [AU]	W	9	6
Jake Lazzari [AU]	David Younan [AU]	W	12	7
Jake Lazzari [AU]	Julian Luvara [AU]	W	15	8
Jake Lazzari [AU]	James Williams [AU]	L	15	9
Haoyuan Liu [CN]	Sky Mathieson [AU]	W	3	1
Haoyuan Liu [CN]	Joshua Courtney [AU]	L	3	2
Haoyuan Liu [CN]	David Younan [AU]	W	6	3
Haoyuan Liu [CN]	Xiaoran Wu [AU]	W	9	4
Haoyuan Liu [CN]	Yasuyuki Handa [AU]	L	9	5
Haoyuan Liu [CN]	Timothy Gallagher [AU]	L	9	6
Haoyuan Liu [CN]	Michael Gleeson [AU]	W	12	7
Haoyuan Liu [CN]	Simon Williams [AU]	L	12	8
Haoyuan Liu [CN]	Kazuo Nakamura [AU]	W	15	9
KELVIN YAP [AU]	Thomas Quilliam [AU]	L	0	1
KELVIN YAP [AU]	Lucas Hamilton-Foster [AU]	T	1	2
KELVIN YAP [AU]	Kevin Johns [AU]	W	4	3
KELVIN YAP [AU]	Fangrao Feng [AU]	W	7	4
KELVIN YAP [AU]	Tait Tran [AU]	L	7	5
KELVIN YAP [AU]	Benjamin Small [AU]	W	10	6
KELVIN YAP [AU]	Ben Anderson [AU]	T	11	7
KELVIN YAP [AU]	Nick Bell [AU]	T	12	8
KELVIN YAP [AU]	Ashton Grant [AU]	W	15	9
Yufan Liu [AU]	Antonio Segorbe [AU]	W	3	1
Yufan Liu [AU]	Donna Pedder [AU]	W	6	2
Yufan Liu [AU]	Christian Delloiaco [AU]	L	6	3
Yufan Liu [AU]	Lauren Szmandiuk [AU]	W	9	4
Yufan Liu [AU]	Max Prescott [AU]	L	9	5
Yufan Liu [AU]	Michael Gleeson [AU]	W	12	6
Yufan Liu [AU]	Vignesh Krishnan Krishnan [AU]	L	12	7
Yufan Liu [AU]	Archie de Vries [AU]	W	15	8
Yufan Liu [AU]	Ruben Cortez [AU]	L	15	9
Bradley Cannan-cole [AU]	Chris Currenti [AU]	W	3	1
Bradley Cannan-cole [AU]	Jake Cruwys [AU]	L	3	2
Bradley Cannan-cole [AU]	Luke McMahon [AU]	L	3	3
Bradley Cannan-cole [AU]	James Pattison [AU]	W	6	4
Bradley Cannan-cole [AU]	Kenny Banh [AU]	W	9	5
Bradley Cannan-cole [AU]	Cameron Luttrell [AU]	L	9	6
Bradley Cannan-cole [AU]	Joshua Martin [AU]	L	9	7
Bradley Cannan-cole [AU]	Bowen Shen [AU]	W	12	8
Bradley Cannan-cole [AU]	Alexander Jemison [AU]	W	15	9
Jay Tyrrell [AU]	Chuyao Zhou [AU]	L	0	1
Jay Tyrrell [AU]	Jeremy Evans [AU]	L	0	2
Jay Tyrrell [AU]	Runzhe Wu [AU]	W	3	3
Jay Tyrrell [AU]	Christian Hasbani [AU]	L	3	4
Jay Tyrrell [AU]	Antonio Segorbe [AU]	W	6	5
Jay Tyrrell [AU]	Ben Nolan [AU]	W	9	6
Jay Tyrrell [AU]	James Xu [NZ]	L	9	7
Jay Tyrrell [AU]	Brendon Schofield [AU]	W	12	8
Jay Tyrrell [AU]	Vincent Sutinah [AU]	W	15	9
Sineth Akmeemana [AU]	Nathan Morrow [AU]	L	0	1
Sineth Akmeemana [AU]	Marcus Dwyer [AU]	L	0	2
Sineth Akmeemana [AU]	Aaron Bennett [AU]	L	0	3
Sineth Akmeemana [AU]	Kevin Borquez [AU]	W	3	4
Sineth Akmeemana [AU]	Jamie Harris [AU]	W	6	5
Sineth Akmeemana [AU]	Jacob McSpadden [AU]	W	9	6
Sineth Akmeemana [AU]	Brendon Schofield [AU]	W	12	7
Sineth Akmeemana [AU]	Joshua Glen [AU]	W	15	8
Sineth Akmeemana [AU]	Stefan Cocks [AU]	L	15	9
Marco Giovannini [AU]	Dante Sun [AU]	T	1	1
Marco Giovannini [AU]	Jules klupsas [AU]	W	4	2
Marco Giovannini [AU]	Jarrad Paxton [AU]	W	7	3
Marco Giovannini [AU]	Jasper Greenwood [AU]	T	8	4
Marco Giovannini [AU]	ASADO QURESHI [AU]	L	8	5
Marco Giovannini [AU]	Blake Lobina [AU]	W	11	6
Marco Giovannini [AU]	Sameer Sangwan [AU]	L	11	7
Marco Giovannini [AU]	Markus Janssen [AU]	W	14	8
Marco Giovannini [AU]	Jorge Soria [AU]	L	14	9
Yasuyuki Handa [AU]	Markus Janssen [AU]	W	3	1
Yasuyuki Handa [AU]	Jesse Becker [AU]	W	6	2
Yasuyuki Handa [AU]	Peter Ghionis [AU]	W	9	3
Yasuyuki Handa [AU]	Jeremy L‚ÑπÔ∏èm ü§üüòéü§ü [AU]	L	9	4
Yasuyuki Handa [AU]	Haoyuan Liu [CN]	W	12	5
Yasuyuki Handa [AU]	Kai Chung [AU]	T	13	6
Yasuyuki Handa [AU]	Qihan Zhang [AU]	T	14	7
Yasuyuki Handa [AU]	Kelvin Nguyen [AU]	L	14	8
Yasuyuki Handa [AU]	Jacob Sparks [AU]	L	14	9
yuhao xia [AU]	Tan Loc Thuan Nguyen [AU]	W	3	1
yuhao xia [AU]	Kelvin Nguyen [AU]	L	3	2
yuhao xia [AU]	Robbie Caldwell [AU]	L	3	3
yuhao xia [AU]	Keelan Ambosta [AU]	W	6	4
yuhao xia [AU]	Jose de la garma [AU]	W	9	5
yuhao xia [AU]	Tim Franklin [AU]	T	10	6
yuhao xia [AU]	Lewis Gall [NZ]	W	13	7
yuhao xia [AU]	Melinda McFadden [AU]	L	13	8
yuhao xia [AU]	Max Prescott [AU]	T	14	9
Peter Ghionis [AU]	Max McInnis [AU]	W	3	1
Peter Ghionis [AU]	Bowen Shen [AU]	W	6	2
Peter Ghionis [AU]	Yasuyuki Handa [AU]	L	6	3
Peter Ghionis [AU]	Alexander Jemison [AU]	W	9	4
Peter Ghionis [AU]	Keller Huang [AU]	L	9	5
Peter Ghionis [AU]	Anton Piccio [AU]	T	10	6
Peter Ghionis [AU]	Jimmy Chen [AU]	L	10	7
Peter Ghionis [AU]	troy fisher [AU]	W	13	8
Peter Ghionis [AU]	Xiaoran Wu [AU]	T	14	9
Max Prescott [AU]	Liuyishan Guo [AU]	W	3	1
Max Prescott [AU]	Ethan Lee [AU]	L	3	2
Max Prescott [AU]	Ben Nolan [AU]	W	6	3
Max Prescott [AU]	Samuel Frazier [AU]	W	9	4
Max Prescott [AU]	Yufan Liu [AU]	W	12	5
Max Prescott [AU]	Fareez Sanif [AU]	T	13	6
Max Prescott [AU]	Tom Bourke [AU]	L	13	7
Max Prescott [AU]	Harrison Hodges [AU]	L	13	8
Max Prescott [AU]	yuhao xia [AU]	T	14	9
Qihan Zhang [AU]	Shang Jun Chua [AU]	T	1	1
Qihan Zhang [AU]	Sebastian McFadden [AU]	L	1	2
Qihan Zhang [AU]	Zak Hamilton [AU]	W	4	3
Qihan Zhang [AU]	Bowen Shen [AU]	W	7	4
Qihan Zhang [AU]	Simon Sloan [AU]	W	10	5
Qihan Zhang [AU]	Jacob Sparks [AU]	W	13	6
Qihan Zhang [AU]	Yasuyuki Handa [AU]	T	14	7
Qihan Zhang [AU]	Sameer Sangwan [AU]	L	14	8
Qihan Zhang [AU]	Dante Sun [AU]	L	14	9
Ben Anderson [AU]	Jacob Powell [AU]	W	3	1
Ben Anderson [AU]	Kaitlin Callaghan [AU]	W	6	2
Ben Anderson [AU]	Shane Quinn [AU]	L	6	3
Ben Anderson [AU]	Geoff Woodhead [NZ]	L	6	4
Ben Anderson [AU]	Luke McMahon [AU]	W	9	5
Ben Anderson [AU]	Aiden Harrison [AU]	T	10	6
Ben Anderson [AU]	KELVIN YAP [AU]	T	11	7
Ben Anderson [AU]	Boris Lee [AU]	W	14	8
Ben Anderson [AU]	Blake Lobina [AU]	L	14	9
Anton Piccio [AU]	James Eland [AU]	T	1	1
Anton Piccio [AU]	Sam Hynes [AU]	T	2	2
Anton Piccio [AU]	Lucas Hamilton-Foster [AU]	W	5	3
Anton Piccio [AU]	Tayla-Jane Lovett [AU]	W	8	4
Anton Piccio [AU]	Yuanxu Li [AU]	T	9	5
Anton Piccio [AU]	Peter Ghionis [AU]	T	10	6
Anton Piccio [AU]	Ethan Lee [AU]	L	10	7
Anton Piccio [AU]	Jason Chun [AU]	T	11	8
Anton Piccio [AU]	Alexander Cannavo [AU]	W	14	9
Damian Chadban [AU]	Mervin Chiang [AU]	W	3	1
Damian Chadban [AU]	WaiLok Tse [AU]	W	6	2
Damian Chadban [AU]	Mitchell Demnar [AU]	T	7	3
Damian Chadban [AU]	Jacob Sparks [AU]	L	7	4
Damian Chadban [AU]	Sam Clayfield [AU]	L	7	5
Damian Chadban [AU]	Alexander Cannavo [AU]	T	8	6
Damian Chadban [AU]	Kelvin Duong [AU]	W	11	7
Damian Chadban [AU]	Blake Lobina [AU]	L	11	8
Damian Chadban [AU]	Matthew Dobrovsak [AU]	W	14	9
Sky Mathieson [AU]	Haoyuan Liu [CN]	L	0	1
Sky Mathieson [AU]	Ida Nero [AU]	W	3	2
Sky Mathieson [AU]	Callum Cusack [AU]	W	6	3
Sky Mathieson [AU]	Tait Tran [AU]	T	7	4
Sky Mathieson [AU]	Scott Langford [AU]	L	7	5
Sky Mathieson [AU]	Aaron Bennett [AU]	W	10	6
Sky Mathieson [AU]	Alex Crockford [AU]	T	11	7
Sky Mathieson [AU]	Lucas Hamilton-Foster [AU]	W	14	8
Sky Mathieson [AU]	Ethan Lee [AU]	L	14	9
Beau McElroy [AU]	Mia Fountain [AU]	L	0	1
Beau McElroy [AU]	Sam Clayfield [AU]	L	0	2
Beau McElroy [AU]	Jiahe Liang [AU]	W	3	3
Beau McElroy [AU]	WaiLok Tse [AU]	W	6	4
Beau McElroy [AU]	Jorge Soria [AU]	T	7	5
Beau McElroy [AU]	Marcus Dwyer [AU]	L	7	6
Beau McElroy [AU]	Xu Chi [AU]	W	10	7
Beau McElroy [AU]	Jose de la garma [AU]	T	11	8
Beau McElroy [AU]	Boris Lee [AU]	W	14	9
Xiaoran Wu [AU]	Nathan Spry [AU]	W	3	1
Xiaoran Wu [AU]	Boris Lee [AU]	W	6	2
Xiaoran Wu [AU]	MattheW Burris [AU]	L	6	3
Xiaoran Wu [AU]	Haoyuan Liu [CN]	L	6	4
Xiaoran Wu [AU]	Alexander Cannavo [AU]	T	7	5
Xiaoran Wu [AU]	Liuyishan Guo [AU]	L	7	6
Xiaoran Wu [AU]	Jesse Becker [AU]	W	10	7
Xiaoran Wu [AU]	Simon Sloan [AU]	W	13	8
Xiaoran Wu [AU]	Peter Ghionis [AU]	T	14	9
Fangrao Feng [AU]	Aden Trovato [AU]	W	3	1
Fangrao Feng [AU]	Chuyao Zhou [AU]	T	4	2
Fangrao Feng [AU]	Yuanxu Li [AU]	L	4	3
Fangrao Feng [AU]	KELVIN YAP [AU]	L	4	4
Fangrao Feng [AU]	Tristan Young [AU]	L	4	5
Fangrao Feng [AU]	Thomas Quilliam [AU]	T	5	6
Fangrao Feng [AU]	Alex Price [AU]	W	8	7
Fangrao Feng [AU]	Chris Currenti [AU]	W	11	8
Fangrao Feng [AU]	Lucas Hamilton-Foster [AU]	W	14	9
Fareez Sanif [AU]	Kylara Paulo [AU]	W	3	1
Fareez Sanif [AU]	Aaryanna Churchill [AU]	W	6	2
Fareez Sanif [AU]	Kelvin Nguyen [AU]	W	9	3
Fareez Sanif [AU]	Tyler Bishop [AU]	W	12	4
Fareez Sanif [AU]	Chen Junhan [AU]	L	12	5
Fareez Sanif [AU]	Max Prescott [AU]	T	13	6
Fareez Sanif [AU]	Shang Jun Chua [AU]	L	13	7
Fareez Sanif [AU]	Christofer Gozali [AU]	L	13	8
Fareez Sanif [AU]	Alex Crockford [AU]	L	13	9
Yuanxu Li [AU]	Jason Chun [AU]	T	1	1
Yuanxu Li [AU]	Jacob Boerger [AU]	W	4	2
Yuanxu Li [AU]	Fangrao Feng [AU]	W	7	3
Yuanxu Li [AU]	Shang Jun Chua [AU]	T	8	4
Yuanxu Li [AU]	Anton Piccio [AU]	T	9	5
Yuanxu Li [AU]	Ruben Cortez [AU]	L	9	6
Yuanxu Li [AU]	Ethan Stoeckert [AU]	T	10	7
Yuanxu Li [AU]	Jarrad Paxton [AU]	L	10	8
Yuanxu Li [AU]	Liuyishan Guo [AU]	W	13	9
Sean Takemoto [AU]	Ehren Roebuck [AU]	W	3	1
Sean Takemoto [AU]	Ruben Cortez [AU]	L	3	2
Sean Takemoto [AU]	Lewis Gall [NZ]	W	6	3
Sean Takemoto [AU]	Liuyishan Guo [AU]	W	9	4
Sean Takemoto [AU]	Archie de Vries [AU]	W	12	5
Sean Takemoto [AU]	Geoff Woodhead [NZ]	L	12	6
Sean Takemoto [AU]	Miguel Angelo Villar [AU]	L	12	7
Sean Takemoto [AU]	Blake Davies [AU]	L	12	8
Sean Takemoto [AU]	Alistair Menzies [AU]	T	13	9
Joshua Martin [AU]	Brayden Ryan [AU]	W	3	1
Joshua Martin [AU]	Jamie Harris [AU]	W	6	2
Joshua Martin [AU]	Mathew masefield [AU]	L	6	3
Joshua Martin [AU]	Courtney Fox [AU]	L	6	4
Joshua Martin [AU]	Tan Loc Thuan Nguyen [AU]	L	6	5
Joshua Martin [AU]	Kaitlin Callaghan [AU]	W	9	6
Joshua Martin [AU]	Bradley Cannan-cole [AU]	W	12	7
Joshua Martin [AU]	Ismaael Farhad [AU]	T	13	8
Joshua Martin [AU]	Jettano Posani [AU]	L	13	9
Ryan Burt [AU]	Keller Huang [AU]	L	0	1
Ryan Burt [AU]	Geoff Woodhead [NZ]	L	0	2
Ryan Burt [AU]	Kyle Seaton-Giles [AU]	T	1	3
Ryan Burt [AU]	Shaz Evans [AU]	W	4	4
Ryan Burt [AU]	Raymond Ramajo [PH]	W	7	5
Ryan Burt [AU]	David Frans Daritan [AU]	W	10	6
Ryan Burt [AU]	Jimmy Farrugia [AU]	W	13	7
Ryan Burt [AU]	Jimmy Chen [AU]	L	13	8
Ryan Burt [AU]	Bayley Janssen [AU]	L	13	9
David Frans Daritan [AU]	Blake Lobina [AU]	T	1	1
David Frans Daritan [AU]	Ross Hamilton [AU]	W	4	2
David Frans Daritan [AU]	Shang Jun Chua [AU]	L	4	3
David Frans Daritan [AU]	Alan Shao [AU]	W	7	4
David Frans Daritan [AU]	Dante Sun [AU]	L	7	5
David Frans Daritan [AU]	Ryan Burt [AU]	L	7	6
David Frans Daritan [AU]	Justin Hoy [AU]	W	10	7
David Frans Daritan [AU]	Vincent Sutinah [AU]	L	10	8
David Frans Daritan [AU]	troy fisher [AU]	W	13	9
Ismaael Farhad [AU]	Jose de la garma [AU]	W	3	1
Ismaael Farhad [AU]	Louis Pozzacchio [AU]	L	3	2
Ismaael Farhad [AU]	James Ocsona [AU]	W	6	3
Ismaael Farhad [AU]	Kelvin Duong [AU]	L	6	4
Ismaael Farhad [AU]	Alec Elhindi [AU]	L	6	5
Ismaael Farhad [AU]	Christina Cao [AU]	W	9	6
Ismaael Farhad [AU]	Christian Hasbani [AU]	W	12	7
Ismaael Farhad [AU]	Joshua Martin [AU]	T	13	8
Ismaael Farhad [AU]	Junxi Li [CN]	L	13	9
Cameron Luttrell [AU]	Jettano Posani [AU]	L	0	1
Cameron Luttrell [AU]	Hadyn Joyce [AU]	W	3	2
Cameron Luttrell [AU]	Alec Elhindi [AU]	L	3	3
Cameron Luttrell [AU]	tianxiang li [AU]	W	6	4
Cameron Luttrell [AU]	Ehren Roebuck [AU]	W	9	5
Cameron Luttrell [AU]	Bradley Cannan-cole [AU]	W	12	6
Cameron Luttrell [AU]	Billy Nguyen [AU]	L	12	7
Cameron Luttrell [AU]	James Xu [NZ]	L	12	8
Cameron Luttrell [AU]	Jose de la garma [AU]	T	13	9
Kye Edmondston [AU]	Keelan Ambosta [AU]	W	3	1
Kye Edmondston [AU]	Harrison Hodges [AU]	L	3	2
Kye Edmondston [AU]	Kaitlin Callaghan [AU]	W	6	3
Kye Edmondston [AU]	Peter Seo [AU]	L	6	4
Kye Edmondston [AU]	Liuyishan Guo [AU]	T	7	5
Kye Edmondston [AU]	Chuyao Zhou [AU]	L	7	6
Kye Edmondston [AU]	Kevin Johns [AU]	W	10	7
Kye Edmondston [AU]	Benjamin Small [AU]	W	13	8
Kye Edmondston [AU]	Jarrad Paxton [AU]	L	13	9
Sam Hynes [AU]	Benjamin Small [AU]	T	1	1
Sam Hynes [AU]	Anton Piccio [AU]	T	2	2
Sam Hynes [AU]	Jaide KNAUS-PETRIE [AU]	T	3	3
Sam Hynes [AU]	Aaryanna Churchill [AU]	W	6	4
Sam Hynes [AU]	Ben Nolan [AU]	W	9	5
Sam Hynes [AU]	Tan Loc Thuan Nguyen [AU]	T	10	6
Sam Hynes [AU]	Hayden Matthews [AU]	L	10	7
Sam Hynes [AU]	Robert Seymour [AU]	W	13	8
Sam Hynes [AU]	Siu Chun Lee [AU]	L	13	9
Dylan van der Riet [AU]	Anas Somtua [AU]	T	1	1
Dylan van der Riet [AU]	Jorge Soria [AU]	L	1	2
Dylan van der Riet [AU]	Simon Sloan [AU]	L	1	3
Dylan van der Riet [AU]	Zak Hamilton [AU]	W	4	4
Dylan van der Riet [AU]	Jacob Powell [AU]	W	7	5
Dylan van der Riet [AU]	Brendan Cliffe [AU]	W	10	6
Dylan van der Riet [AU]	Aiden Harrison [AU]	L	10	7
Dylan van der Riet [AU]	Lewis Gall [NZ]	W	13	8
Dylan van der Riet [AU]	Jimmy Farrugia [AU]	L	13	9
Alistair Menzies [AU]	Chen Junhan [AU]	L	0	1
Alistair Menzies [AU]	Alec Elhindi [AU]	L	0	2
Alistair Menzies [AU]	Dean Croaker [AU]	W	3	3
Alistair Menzies [AU]	James Ocsona [AU]	W	6	4
Alistair Menzies [AU]	Michael Gleeson [AU]	L	6	5
Alistair Menzies [AU]	David Younan [AU]	L	6	6
Alistair Menzies [AU]	George Zaidan [AU]	W	9	7
Alistair Menzies [AU]	Runfeng Wang [AU]	W	12	8
Alistair Menzies [AU]	Sean Takemoto [AU]	T	13	9
Vincent Sutinah [AU]	Robin Sangwan [AU]	L	0	1
Vincent Sutinah [AU]	Tim Franklin [AU]	T	1	2
Vincent Sutinah [AU]	Zhecheng Cao [AU]	W	4	3
Vincent Sutinah [AU]	Bayley Janssen [AU]	L	4	4
Vincent Sutinah [AU]	Kenneth Peake [AU]	L	4	5
Vincent Sutinah [AU]	Jee Ong [AU]	W	7	6
Vincent Sutinah [AU]	Tristan Young [AU]	W	10	7
Vincent Sutinah [AU]	David Frans Daritan [AU]	W	13	8
Vincent Sutinah [AU]	Jay Tyrrell [AU]	L	13	9
Lewis Gall [NZ]	Matthew Dobrovsak [AU]	W	3	1
Lewis Gall [NZ]	Brendan Cliffe [AU]	L	3	2
Lewis Gall [NZ]	Sean Takemoto [AU]	L	3	3
Lewis Gall [NZ]	Nathan Spry [AU]	W	6	4
Lewis Gall [NZ]	Jacob McSpadden [AU]	W	9	5
Lewis Gall [NZ]	Hayden Matthews [AU]	T	10	6
Lewis Gall [NZ]	yuhao xia [AU]	L	10	7
Lewis Gall [NZ]	Dylan van der Riet [AU]	L	10	8
Lewis Gall [NZ]	James Ocsona [AU]	W	13	9
Brayden Ryan [AU]	Joshua Martin [AU]	L	0	1
Brayden Ryan [AU]	bailey rieck [AU]	T	1	2
Brayden Ryan [AU]	Benjamin Small [AU]	L	1	3
Brayden Ryan [AU]	Kevin Johns [AU]	W	4	4
Brayden Ryan [AU]	Kyle Seaton-Giles [AU]	W	7	5
Brayden Ryan [AU]	Alan Shao [AU]	L	7	6
Brayden Ryan [AU]	troy fisher [AU]	L	7	7
Brayden Ryan [AU]	Raymond Ramajo [PH]	W	10	8
Brayden Ryan [AU]	Kylara Paulo [AU]	W	13	9
Joshua Grob [AU]	David Younan [AU]	L	0	1
Joshua Grob [AU]	Chris Currenti [AU]	L	0	2
Joshua Grob [AU]	Zach Quince [AU]	L	0	3
Joshua Grob [AU]	Violet Lou [AU]	W	3	4
Joshua Grob [AU]	Michael Chan [AU]	L	3	5
Joshua Grob [AU]	Nathan Morrow [AU]	W	6	6
Joshua Grob [AU]	bailey rieck [AU]	T	7	7
Joshua Grob [AU]	Keelan Ambosta [AU]	W	10	8
Joshua Grob [AU]	Benjamin Small [AU]	W	13	9
ASADO QURESHI [AU]	Jiahe Liang [AU]	W	3	1
ASADO QURESHI [AU]	Natalie Millar [AU]	L	3	2
ASADO QURESHI [AU]	Bowen Shen [AU]	T	4	3
ASADO QURESHI [AU]	James Eland [AU]	W	7	4
ASADO QURESHI [AU]	Marco Giovannini [AU]	W	10	5
ASADO QURESHI [AU]	Robert Seymour [AU]	W	13	6
ASADO QURESHI [AU]	Peter Seo [AU]	L	13	7
ASADO QURESHI [AU]	Adam Beale [AU]	L	13	8
Alan Shao [AU]	Zhecheng Cao [AU]	T	1	1
Alan Shao [AU]	Jason Chun [AU]	W	4	2
Alan Shao [AU]	Brent Tonisson [AU]	L	4	3
Alan Shao [AU]	David Frans Daritan [AU]	L	4	4
Alan Shao [AU]	Jeb Collins [AU]	W	7	5
Alan Shao [AU]	Brayden Ryan [AU]	W	10	6
Alan Shao [AU]	Marcus Dwyer [AU]	W	13	7
Alan Shao [AU]	Aiden Harrison [AU]	L	13	8
Tyler Bishop [AU]	Kai Chung [AU]	W	3	1
Tyler Bishop [AU]	Thomas Quilliam [AU]	W	6	2
Tyler Bishop [AU]	Natalie Millar [AU]	W	9	3
Tyler Bishop [AU]	Fareez Sanif [AU]	L	9	4
Tyler Bishop [AU]	Angus Johnson [AU]	L	9	5
Tyler Bishop [AU]	Louis Pozzacchio [AU]	L	9	6
Tyler Bishop [AU]	Jesse Owers [AU]	L	9	7
Tyler Bishop [AU]	WaiLok Tse [AU]	L	9	8
Tyler Bishop [AU]	Kenneth Peake [AU]	W	12	9
Kazuo Nakamura [AU]	Aurora O'Reilly [AU]	W	3	1
Kazuo Nakamura [AU]	Derick Dao [AU]	W	6	2
Kazuo Nakamura [AU]	Ethan Lee [AU]	L	6	3
Kazuo Nakamura [AU]	Alexander Cannavo [AU]	W	9	4
Kazuo Nakamura [AU]	charles limbrick [AU]	L	9	5
Kazuo Nakamura [AU]	James Williams [AU]	L	9	6
Kazuo Nakamura [AU]	Ashton Grant [AU]	W	12	7
Kazuo Nakamura [AU]	Robbie Caldwell [AU]	L	12	8
Kazuo Nakamura [AU]	Haoyuan Liu [CN]	L	12	9
Joshua Courtney [AU]	Kevin Borquez [AU]	W	3	1
Joshua Courtney [AU]	Haoyuan Liu [CN]	W	6	2
Joshua Courtney [AU]	Harrison Hodges [AU]	L	6	3
Joshua Courtney [AU]	Markus Janssen [AU]	L	6	4
Joshua Courtney [AU]	Jake Lazzari [AU]	W	9	5
Joshua Courtney [AU]	Jack underwood [AU]	L	9	6
Joshua Courtney [AU]	Runfeng Wang [AU]	W	12	7
Joshua Courtney [AU]	Louis Pozzacchio [AU]	L	12	8
Joshua Courtney [AU]	Robin Sangwan [AU]	L	12	9
Julian Luvara [AU]	Melinda McFadden [AU]	L	0	1
Julian Luvara [AU]	Georgia Smith [AU]	W	3	2
Julian Luvara [AU]	Nathan Morrow [AU]	W	6	3
Julian Luvara [AU]	Billy Nguyen [AU]	L	6	4
Julian Luvara [AU]	Simon Williams [AU]	W	9	5
Julian Luvara [AU]	Natalie Millar [AU]	L	9	6
Julian Luvara [AU]	Joshua Wilson [AU]	W	12	7
Julian Luvara [AU]	Jake Lazzari [AU]	L	12	8
Julian Luvara [AU]	David Younan [AU]	L	12	9
Markus Janssen [AU]	Yasuyuki Handa [AU]	L	0	1
Markus Janssen [AU]	tianxiang li [AU]	W	3	2
Markus Janssen [AU]	Chris Currenti [AU]	W	6	3
Markus Janssen [AU]	Joshua Courtney [AU]	W	9	4
Markus Janssen [AU]	Adam Beale [AU]	T	10	5
Markus Janssen [AU]	Dante Sun [AU]	L	10	6
Markus Janssen [AU]	Boris Lee [AU]	T	11	7
Markus Janssen [AU]	Marco Giovannini [AU]	L	11	8
Markus Janssen [AU]	Rui Crocitta [AU]	T	12	9
WaiLok Tse [AU]	Darcy Miller [AU]	W	3	1
WaiLok Tse [AU]	Damian Chadban [AU]	L	3	2
WaiLok Tse [AU]	Hayden Matthews [AU]	L	3	3
WaiLok Tse [AU]	Beau McElroy [AU]	L	3	4
WaiLok Tse [AU]	Matthew Dobrovsak [AU]	L	3	5
WaiLok Tse [AU]	Nathan Spry [AU]	W	6	6
WaiLok Tse [AU]	Joey Wenceslao [AU]	W	9	7
WaiLok Tse [AU]	Tyler Bishop [AU]	W	12	8
WaiLok Tse [AU]	Sam Clayfield [AU]	L	12	9
Rui Crocitta [AU]	Matthew Liu [AU]	W	3	1
Rui Crocitta [AU]	Aiden Harrison [AU]	L	3	2
Rui Crocitta [AU]	Jeb Collins [AU]	T	4	3
Rui Crocitta [AU]	Sameer Sangwan [AU]	L	4	4
Rui Crocitta [AU]	Zach Quince [AU]	W	7	5
Rui Crocitta [AU]	troy fisher [AU]	W	10	6
Rui Crocitta [AU]	Scott Langford [AU]	L	10	7
Rui Crocitta [AU]	Matthew Dobrovsak [AU]	T	11	8
Rui Crocitta [AU]	Markus Janssen [AU]	T	12	9
Jose de la garma [AU]	Ismaael Farhad [AU]	L	0	1
Jose de la garma [AU]	Kevin Borquez [AU]	W	3	2
Jose de la garma [AU]	Max McInnis [AU]	L	3	3
Jose de la garma [AU]	Justin Hoy [AU]	W	6	4
Jose de la garma [AU]	yuhao xia [AU]	L	6	5
Jose de la garma [AU]	Keelan Ambosta [AU]	W	9	6
Jose de la garma [AU]	DONGXU LI [AU]	T	10	7
Jose de la garma [AU]	Beau McElroy [AU]	T	11	8
Jose de la garma [AU]	Cameron Luttrell [AU]	T	12	9
Ethan Stoeckert [AU]	Josh Wallis [AU]	T	1	1
Ethan Stoeckert [AU]	Anas Somtua [AU]	L	1	2
Ethan Stoeckert [AU]	Jacob Boerger [AU]	T	2	3
Ethan Stoeckert [AU]	Tessa Tonisson [AU]	W	5	4
Ethan Stoeckert [AU]	Jarrad Paxton [AU]	T	6	5
Ethan Stoeckert [AU]	Chloe Appleby [AU]	W	9	6
Ethan Stoeckert [AU]	Yuanxu Li [AU]	T	10	7
Ethan Stoeckert [AU]	DONGXU LI [AU]	T	11	8
Ethan Stoeckert [AU]	Jason Chun [AU]	T	12	9
Corey Munro [AU]	Sameer Sangwan [AU]	L	0	1
Corey Munro [AU]	Aaron Bennett [AU]	W	3	2
Corey Munro [AU]	Paul Ashton [AU]	T	4	3
Corey Munro [AU]	Alex Price [AU]	T	5	4
Corey Munro [AU]	Stefan Cocks [AU]	L	5	5
Corey Munro [AU]	Lucas Hamilton-Foster [AU]	L	5	6
Corey Munro [AU]	Thomas Quilliam [AU]	T	6	7
Corey Munro [AU]	BYE	W	9	8
Corey Munro [AU]	Bowen Shen [AU]	W	12	9
Alexander Jemison [AU]	James Pattison [AU]	W	3	1
Alexander Jemison [AU]	Jake Lazzari [AU]	L	3	2
Alexander Jemison [AU]	Michael Chan [AU]	W	6	3
Alexander Jemison [AU]	Peter Ghionis [AU]	L	6	4
Alexander Jemison [AU]	Miguel Angelo Villar [AU]	L	6	5
Alexander Jemison [AU]	Cherakee Evans [AU]	W	9	6
Alexander Jemison [AU]	Simon Williams [AU]	L	9	7
Alexander Jemison [AU]	Aden Trovato [AU]	W	12	8
Alexander Jemison [AU]	Bradley Cannan-cole [AU]	L	12	9
Chris Currenti [AU]	Bradley Cannan-cole [AU]	L	0	1
Chris Currenti [AU]	Joshua Grob [AU]	W	3	2
Chris Currenti [AU]	Markus Janssen [AU]	L	3	3
Chris Currenti [AU]	Mervin Chiang [AU]	T	4	4
Chris Currenti [AU]	Bowen Shen [AU]	T	5	5
Chris Currenti [AU]	Gordon Liu [AU]	W	8	6
Chris Currenti [AU]	Kenneth Peake [AU]	T	9	7
Chris Currenti [AU]	Fangrao Feng [AU]	L	9	8
Chris Currenti [AU]	Robert Seymour [AU]	W	12	9
Jules klupsas [AU]	Thomas Holland [AU]	T	1	1
Jules klupsas [AU]	Marco Giovannini [AU]	L	1	2
Jules klupsas [AU]	Tessa Tonisson [AU]	T	2	3
Jules klupsas [AU]	Matthew Liu [AU]	W	5	4
Jules klupsas [AU]	Alex Price [AU]	W	8	5
Jules klupsas [AU]	Stefan Cocks [AU]	L	8	6
Jules klupsas [AU]	Blake Lobina [AU]	L	8	7
Jules klupsas [AU]	Keqi Zhao [AU]	W	11	8
Jules klupsas [AU]	DONGXU LI [AU]	T	12	9
Jason Chun [AU]	Yuanxu Li [AU]	T	1	1
Jason Chun [AU]	Alan Shao [AU]	L	1	2
Jason Chun [AU]	Jacob Powell [AU]	L	1	3
Jason Chun [AU]	Christine Ashkenazy [AU]	W	4	4
Jason Chun [AU]	Jarred Eland [AU]	W	7	5
Jason Chun [AU]	Christofer Gozali [AU]	L	7	6
Jason Chun [AU]	Michael Chan [AU]	W	10	7
Jason Chun [AU]	Anton Piccio [AU]	T	11	8
Jason Chun [AU]	Ethan Stoeckert [AU]	T	12	9
Thomas Quilliam [AU]	KELVIN YAP [AU]	W	3	1
Thomas Quilliam [AU]	Tyler Bishop [AU]	L	3	2
Thomas Quilliam [AU]	Jacob McSpadden [AU]	L	3	3
Thomas Quilliam [AU]	Christofer Gozali [AU]	T	4	4
Thomas Quilliam [AU]	Benjamin Small [AU]	L	4	5
Thomas Quilliam [AU]	Fangrao Feng [AU]	T	5	6
Thomas Quilliam [AU]	Corey Munro [AU]	T	6	7
Thomas Quilliam [AU]	Hadyn Joyce [AU]	W	9	8
Thomas Quilliam [AU]	Runfeng Wang [AU]	W	12	9
DONGXU LI [AU]	Keegan Burt [AU]	L	0	1
DONGXU LI [AU]	Simon Williams [AU]	L	0	2
DONGXU LI [AU]	Antonio Segorbe [AU]	L	0	3
DONGXU LI [AU]	Jiahe Liang [AU]	W	3	4
DONGXU LI [AU]	William Rue [AU]	W	6	5
DONGXU LI [AU]	George Zaidan [AU]	W	9	6
DONGXU LI [AU]	Jose de la garma [AU]	T	10	7
DONGXU LI [AU]	Ethan Stoeckert [AU]	T	11	8
DONGXU LI [AU]	Jules klupsas [AU]	T	12	9
Christina Cao [AU]	Siu Chun Lee [AU]	L	0	1
Christina Cao [AU]	Jesse Owers [AU]	L	0	2
Christina Cao [AU]	George Zaidan [AU]	L	0	3
Christina Cao [AU]	Justin Payne [AU]	W	3	4
Christina Cao [AU]	Ida Nero [AU]	W	6	5
Christina Cao [AU]	Ismaael Farhad [AU]	L	6	6
Christina Cao [AU]	tianxiang li [AU]	W	9	7
Christina Cao [AU]	Aaron Bennett [AU]	W	12	8
Christina Cao [AU]	Archie de Vries [AU]	L	12	9
George Zaidan [AU]	Jamie Harris [AU]	L	0	1
George Zaidan [AU]	Darcy Miller [AU]	L	0	2
George Zaidan [AU]	Christina Cao [AU]	W	3	3
George Zaidan [AU]	James Xu [NZ]	L	3	4
George Zaidan [AU]	Jeremy Mora [AU]	W	6	5
George Zaidan [AU]	DONGXU LI [AU]	L	6	6
George Zaidan [AU]	Alistair Menzies [AU]	L	6	7
George Zaidan [AU]	Zhecheng Cao [AU]	W	9	8
George Zaidan [AU]	Joey Wenceslao [AU]	W	12	9
Gordon Liu [AU]	Ross Hamilton [AU]	T	1	1
Gordon Liu [AU]	Jacob Sparks [AU]	L	1	2
Gordon Liu [AU]	Matthew Liu [AU]	T	2	3
Gordon Liu [AU]	Duy Le [AU]	L	2	4
Gordon Liu [AU]	Tessa Tonisson [AU]	W	5	5
Gordon Liu [AU]	Chris Currenti [AU]	L	5	6
Gordon Liu [AU]	Jacob Boerger [AU]	T	6	7
Gordon Liu [AU]	Callum Cusack [AU]	W	9	8
Gordon Liu [AU]	Aaron Bennett [AU]	W	12	9
Ashton Grant [AU]	James Xu [NZ]	L	0	1
Ashton Grant [AU]	Keelan Ambosta [AU]	L	0	2
Ashton Grant [AU]	Ida Nero [AU]	L	0	3
Ashton Grant [AU]	Runzhe Wu [AU]	W	3	4
Ashton Grant [AU]	Jaide KNAUS-PETRIE [AU]	W	6	5
Ashton Grant [AU]	Christian Allen [AU]	W	9	6
Ashton Grant [AU]	Kazuo Nakamura [AU]	L	9	7
Ashton Grant [AU]	Kenneth Peake [AU]	W	12	8
Ashton Grant [AU]	KELVIN YAP [AU]	L	12	9
Tessa Tonisson [AU]	Jacob Boerger [AU]	T	1	1
Tessa Tonisson [AU]	Thomas Holland [AU]	L	1	2
Tessa Tonisson [AU]	Jules klupsas [AU]	T	2	3
Tessa Tonisson [AU]	Ethan Stoeckert [AU]	L	2	4
Tessa Tonisson [AU]	Gordon Liu [AU]	L	2	5
Tessa Tonisson [AU]	Hadyn Joyce [AU]	T	3	6
Tessa Tonisson [AU]	Nicholas Daniel [AU]	W	6	7
Tessa Tonisson [AU]	Christian Allen [AU]	W	9	8
Tessa Tonisson [AU]	Brendon Schofield [AU]	W	12	9
Nick Bell [AU]	Miguel Angelo Villar [AU]	W	3	1
Nick Bell [AU]	Benjamin Hall [AU]	L	3	2
Nick Bell [AU]	Kylara Paulo [AU]	W	6	3
Nick Bell [AU]	Julian Zincone [AU]	W	9	4
Nick Bell [AU]	Junxi Li [CN]	T	10	5
Nick Bell [AU]	Sam Clayfield [AU]	T	11	6
Nick Bell [AU]	Kelvin Nguyen [AU]	L	11	7
Nick Bell [AU]	KELVIN YAP [AU]	T	12	8
Joshua Glen [AU]	Shaz Evans [AU]	W	3	1
Joshua Glen [AU]	Keller Huang [AU]	W	6	2
Joshua Glen [AU]	Robin Sangwan [AU]	L	6	3
Joshua Glen [AU]	Brendan Cliffe [AU]	W	9	4
Joshua Glen [AU]	Ruben Cortez [AU]	W	12	5
Joshua Glen [AU]	charles limbrick [AU]	L	12	6
Joshua Glen [AU]	James Williams [AU]	L	12	7
Joshua Glen [AU]	Sineth Akmeemana [AU]	L	12	8
Timothy Gallagher [AU]	Chloe Appleby [AU]	W	3	1
Timothy Gallagher [AU]	Chen Junhan [AU]	L	3	2
Timothy Gallagher [AU]	James Williams [AU]	L	3	3
Timothy Gallagher [AU]	Antonio Segorbe [AU]	W	6	4
Timothy Gallagher [AU]	Samuel Frazier [AU]	W	9	5
Timothy Gallagher [AU]	Haoyuan Liu [CN]	W	12	6
Timothy Gallagher [AU]	Benjamin Hall [AU]	L	12	7
Timothy Gallagher [AU]	Jesse Owers [AU]	L	12	8
Ethan Cooper [AU]	Harrison Hodges [AU]	L	0	1
Ethan Cooper [AU]	Antonio Segorbe [AU]	W	3	2
Ethan Cooper [AU]	Siu Chun Lee [AU]	L	3	3
Ethan Cooper [AU]	Jaide KNAUS-PETRIE [AU]	W	6	4
Ethan Cooper [AU]	Kylara Paulo [AU]	W	9	5
Ethan Cooper [AU]	Brendon Schofield [AU]	W	12	6
Ethan Cooper [AU]	Jack underwood [AU]	L	12	7
Lucas Hamilton-Foster [AU]	Jack underwood [AU]	T	1	1
Lucas Hamilton-Foster [AU]	KELVIN YAP [AU]	T	2	2
Lucas Hamilton-Foster [AU]	Anton Piccio [AU]	L	2	3
Lucas Hamilton-Foster [AU]	Callum Pinnegar [AU]	L	2	4
Lucas Hamilton-Foster [AU]	Zak Hamilton [AU]	W	5	5
Lucas Hamilton-Foster [AU]	Corey Munro [AU]	W	8	6
Lucas Hamilton-Foster [AU]	Duy Le [AU]	W	11	7
Lucas Hamilton-Foster [AU]	Sky Mathieson [AU]	L	11	8
Lucas Hamilton-Foster [AU]	Fangrao Feng [AU]	L	11	9
Boris Lee [AU]	Anthony Tsang [AU]	W	3	1
Boris Lee [AU]	Xiaoran Wu [AU]	L	3	2
Boris Lee [AU]	William Rue [AU]	W	6	3
Boris Lee [AU]	Marcus Dwyer [AU]	W	9	4
Boris Lee [AU]	Derick Dao [AU]	L	9	5
Boris Lee [AU]	Jimmy Chen [AU]	T	10	6
Boris Lee [AU]	Markus Janssen [AU]	T	11	7
Boris Lee [AU]	Ben Anderson [AU]	L	11	8
Boris Lee [AU]	Beau McElroy [AU]	L	11	9
Alexander Cannavo [AU]	Jeremy L‚ÑπÔ∏èm ü§üüòéü§ü [AU]	L	0	1
Alexander Cannavo [AU]	Runzhe Wu [AU]	W	3	2
Alexander Cannavo [AU]	Jarred Eland [AU]	W	6	3
Alexander Cannavo [AU]	Kazuo Nakamura [AU]	L	6	4
Alexander Cannavo [AU]	Xiaoran Wu [AU]	T	7	5
Alexander Cannavo [AU]	Damian Chadban [AU]	T	8	6
Alexander Cannavo [AU]	Anas Somtua [AU]	W	11	7
Alexander Cannavo [AU]	Jorge Soria [AU]	L	11	8
Alexander Cannavo [AU]	Anton Piccio [AU]	L	11	9
Simon Sloan [AU]	Kieran Johnson [AU]	L	0	1
Simon Sloan [AU]	Blake Davies [AU]	T	1	2
Simon Sloan [AU]	Dylan van der Riet [AU]	W	4	3
Simon Sloan [AU]	Jeb Collins [AU]	W	7	4
Simon Sloan [AU]	Qihan Zhang [AU]	L	7	5
Simon Sloan [AU]	Keqi Zhao [AU]	W	10	6
Simon Sloan [AU]	Bayley Janssen [AU]	L	10	7
Simon Sloan [AU]	Xiaoran Wu [AU]	L	10	8
Simon Sloan [AU]	Jaide KNAUS-PETRIE [AU]	T	11	9
Matthew Dobrovsak [AU]	Lewis Gall [NZ]	L	0	1
Matthew Dobrovsak [AU]	James Pattison [AU]	W	3	2
Matthew Dobrovsak [AU]	Simon Williams [AU]	L	3	3
Matthew Dobrovsak [AU]	Kylara Paulo [AU]	L	3	4
Matthew Dobrovsak [AU]	WaiLok Tse [AU]	W	6	5
Matthew Dobrovsak [AU]	James Ocsona [AU]	T	7	6
Matthew Dobrovsak [AU]	Sebastian McFadden [AU]	W	10	7
Matthew Dobrovsak [AU]	Rui Crocitta [AU]	T	11	8
Matthew Dobrovsak [AU]	Damian Chadban [AU]	L	11	9
Jaide KNAUS-PETRIE [AU]	Sebastian McFadden [AU]	T	1	1
Jaide KNAUS-PETRIE [AU]	Josh Wallis [AU]	T	2	2
Jaide KNAUS-PETRIE [AU]	Sam Hynes [AU]	T	3	3
Jaide KNAUS-PETRIE [AU]	Ethan Cooper [AU]	L	3	4
Jaide KNAUS-PETRIE [AU]	Ashton Grant [AU]	L	3	5
Jaide KNAUS-PETRIE [AU]	Ida Nero [AU]	W	6	6
Jaide KNAUS-PETRIE [AU]	Keelan Ambosta [AU]	T	7	7
Jaide KNAUS-PETRIE [AU]	Ben Nolan [AU]	W	10	8
Jaide KNAUS-PETRIE [AU]	Simon Sloan [AU]	T	11	9
Jackson Doyle [AU]	Jacob Sparks [AU]	T	1	1
Jackson Doyle [AU]	Dante Sun [AU]	L	1	2
Jackson Doyle [AU]	Duy Le [AU]	T	2	3
Jackson Doyle [AU]	Jacob Boerger [AU]	W	5	4
Jackson Doyle [AU]	Josh Wallis [AU]	W	8	5
Jackson Doyle [AU]	Jorge Soria [AU]	W	11	6
Jackson Doyle [AU]	Tim Franklin [AU]	L	11	7
troy fisher [AU]	Robbie Caldwell [AU]	W	3	1
troy fisher [AU]	Stefan Cocks [AU]	T	4	2
troy fisher [AU]	Tayla-Jane Lovett [AU]	T	5	3
troy fisher [AU]	Jack underwood [AU]	T	6	4
troy fisher [AU]	Marcus Dwyer [AU]	T	7	5
troy fisher [AU]	Rui Crocitta [AU]	L	7	6
troy fisher [AU]	Brayden Ryan [AU]	W	10	7
troy fisher [AU]	Peter Ghionis [AU]	L	10	8
troy fisher [AU]	David Frans Daritan [AU]	L	10	9
Robert Seymour [AU]	Christine Ashkenazy [AU]	W	3	1
Robert Seymour [AU]	Jimmy Chen [AU]	T	4	2
Robert Seymour [AU]	James Eland [AU]	W	7	3
Robert Seymour [AU]	Anas Somtua [AU]	W	10	4
Robert Seymour [AU]	Tom Bourke [AU]	L	10	5
Robert Seymour [AU]	ASADO QURESHI [AU]	L	10	6
Robert Seymour [AU]	Siu Chun Lee [AU]	L	10	7
Robert Seymour [AU]	Sam Hynes [AU]	L	10	8
Robert Seymour [AU]	Chris Currenti [AU]	L	10	9
Liuyishan Guo [AU]	Max Prescott [AU]	L	0	1
Liuyishan Guo [AU]	Kenny Banh [AU]	W	3	2
Liuyishan Guo [AU]	Joey Wenceslao [AU]	W	6	3
Liuyishan Guo [AU]	Sean Takemoto [AU]	L	6	4
Liuyishan Guo [AU]	Kye Edmondston [AU]	T	7	5
Liuyishan Guo [AU]	Xiaoran Wu [AU]	W	10	6
Liuyishan Guo [AU]	Joshua Sparks [AU]	L	10	7
Liuyishan Guo [AU]	Jimmy Farrugia [AU]	L	10	8
Liuyishan Guo [AU]	Yuanxu Li [AU]	L	10	9
Benjamin Small [AU]	Sam Hynes [AU]	T	1	1
Benjamin Small [AU]	James Eland [AU]	L	1	2
Benjamin Small [AU]	Brayden Ryan [AU]	W	4	3
Benjamin Small [AU]	Alex Crockford [AU]	L	4	4
Benjamin Small [AU]	Thomas Quilliam [AU]	W	7	5
Benjamin Small [AU]	KELVIN YAP [AU]	L	7	6
Benjamin Small [AU]	Keqi Zhao [AU]	W	10	7
Benjamin Small [AU]	Kye Edmondston [AU]	L	10	8
Benjamin Small [AU]	Joshua Grob [AU]	L	10	9
Keelan Ambosta [AU]	Kye Edmondston [AU]	L	0	1
Keelan Ambosta [AU]	Ashton Grant [AU]	W	3	2
Keelan Ambosta [AU]	Derick Dao [AU]	L	3	3
Keelan Ambosta [AU]	yuhao xia [AU]	L	3	4
Keelan Ambosta [AU]	James Pattison [AU]	W	6	5
Keelan Ambosta [AU]	Jose de la garma [AU]	L	6	6
Keelan Ambosta [AU]	Jaide KNAUS-PETRIE [AU]	T	7	7
Keelan Ambosta [AU]	Joshua Grob [AU]	L	7	8
Keelan Ambosta [AU]	Keqi Zhao [AU]	W	10	9
Kylara Paulo [AU]	Fareez Sanif [AU]	L	0	1
Kylara Paulo [AU]	David Nguyen [AU]	W	3	2
Kylara Paulo [AU]	Nick Bell [AU]	L	3	3
Kylara Paulo [AU]	Matthew Dobrovsak [AU]	W	6	4
Kylara Paulo [AU]	Ethan Cooper [AU]	L	6	5
Kylara Paulo [AU]	Kenny Banh [AU]	L	6	6
Kylara Paulo [AU]	Kaitlin Callaghan [AU]	T	7	7
Kylara Paulo [AU]	Sebastian McFadden [AU]	W	10	8
Kylara Paulo [AU]	Brayden Ryan [AU]	L	10	9
James Ocsona [AU]	Jeb Collins [AU]	L	0	1
James Ocsona [AU]	Chloe Appleby [AU]	W	3	2
James Ocsona [AU]	Ismaael Farhad [AU]	L	3	3
James Ocsona [AU]	Alistair Menzies [AU]	L	3	4
James Ocsona [AU]	Nathan Spry [AU]	W	6	5
James Ocsona [AU]	Matthew Dobrovsak [AU]	T	7	6
James Ocsona [AU]	Callum Pinnegar [AU]	W	10	7
James Ocsona [AU]	Alex Crockford [AU]	L	10	8
James Ocsona [AU]	Lewis Gall [NZ]	L	10	9
Raymond Ramajo [PH]	Pippin Greening [AU]	L	0	1
Raymond Ramajo [PH]	Joseph Shankar [AU]	L	0	2
Raymond Ramajo [PH]	Jeremy Mora [AU]	W	3	3
Raymond Ramajo [PH]	Jarred Eland [AU]	T	4	4
Raymond Ramajo [PH]	Ryan Burt [AU]	L	4	5
Raymond Ramajo [PH]	Thomas Holland [AU]	W	7	6
Raymond Ramajo [PH]	Jarrad Paxton [AU]	L	7	7
Raymond Ramajo [PH]	Brayden Ryan [AU]	L	7	8
Raymond Ramajo [PH]	Aden Trovato [AU]	W	10	9
Hadyn Joyce [AU]	Nathan Canty-Seghers [AU]	L	0	1
Hadyn Joyce [AU]	Cameron Luttrell [AU]	L	0	2
Hadyn Joyce [AU]	Mervin Chiang [AU]	L	0	3
Hadyn Joyce [AU]	Aurora O'Reilly [AU]	W	3	4
Hadyn Joyce [AU]	Justin Hoy [AU]	L	3	5
Hadyn Joyce [AU]	Tessa Tonisson [AU]	T	4	6
Hadyn Joyce [AU]	Shaz Evans [AU]	W	7	7
Hadyn Joyce [AU]	Thomas Quilliam [AU]	L	7	8
Hadyn Joyce [AU]	Sebastian McFadden [AU]	W	10	9
Mitchell Demnar [AU]	Jesse Owers [AU]	W	3	1
Mitchell Demnar [AU]	Daniel Li [AU]	W	6	2
Mitchell Demnar [AU]	Damian Chadban [AU]	T	7	3
Mitchell Demnar [AU]	Christian Delloiaco [AU]	L	7	4
Mitchell Demnar [AU]	Bayley Janssen [AU]	L	7	5
Mitchell Demnar [AU]	Anas Somtua [AU]	W	10	6
Mitchell Demnar [AU]	Jacob Sparks [AU]	L	10	7
Marcus Dwyer [AU]	Junxi Li [CN]	L	0	1
Marcus Dwyer [AU]	Sineth Akmeemana [AU]	W	3	2
Marcus Dwyer [AU]	Justin Hoy [AU]	W	6	3
Marcus Dwyer [AU]	Boris Lee [AU]	L	6	4
Marcus Dwyer [AU]	troy fisher [AU]	T	7	5
Marcus Dwyer [AU]	Beau McElroy [AU]	W	10	6
Marcus Dwyer [AU]	Alan Shao [AU]	L	10	7
Tan Loc Thuan Nguyen [AU]	yuhao xia [AU]	L	0	1
Tan Loc Thuan Nguyen [AU]	Kai Chung [AU]	L	0	2
Tan Loc Thuan Nguyen [AU]	Aurora O'Reilly [AU]	W	3	3
Tan Loc Thuan Nguyen [AU]	Michael Chan [AU]	W	6	4
Tan Loc Thuan Nguyen [AU]	Joshua Martin [AU]	W	9	5
Tan Loc Thuan Nguyen [AU]	Sam Hynes [AU]	T	10	6
Tan Loc Thuan Nguyen [AU]	Christofer Gozali [AU]	L	10	7
Chuyao Zhou [AU]	Jay Tyrrell [AU]	W	3	1
Chuyao Zhou [AU]	Fangrao Feng [AU]	T	4	2
Chuyao Zhou [AU]	Anas Somtua [AU]	L	4	3
Chuyao Zhou [AU]	Paul Ashton [AU]	W	7	4
Chuyao Zhou [AU]	Sameer Sangwan [AU]	L	7	5
Chuyao Zhou [AU]	Kye Edmondston [AU]	W	10	6
Chuyao Zhou [AU]	Darcy Miller [AU]	L	10	7
Brendon Schofield [AU]	Jake Cruwys [AU]	L	0	1
Brendon Schofield [AU]	Violet Lou [AU]	W	3	2
Brendon Schofield [AU]	Aden Trovato [AU]	W	6	3
Brendon Schofield [AU]	Vignesh Krishnan Krishnan [AU]	L	6	4
Brendon Schofield [AU]	Runfeng Wang [AU]	W	9	5
Brendon Schofield [AU]	Ethan Cooper [AU]	L	9	6
Brendon Schofield [AU]	Sineth Akmeemana [AU]	L	9	7
Brendon Schofield [AU]	Jay Tyrrell [AU]	L	9	8
Brendon Schofield [AU]	Tessa Tonisson [AU]	L	9	9
Christian Allen [AU]	Callum Cusack [AU]	W	3	1
Christian Allen [AU]	Nathan Morrow [AU]	W	6	2
Christian Allen [AU]	Angus Johnson [AU]	L	6	3
Christian Allen [AU]	Hayden Matthews [AU]	L	6	4
Christian Allen [AU]	Louis Pozzacchio [AU]	L	6	5
Christian Allen [AU]	Ashton Grant [AU]	L	6	6
Christian Allen [AU]	Matthew Liu [AU]	L	6	7
Christian Allen [AU]	Tessa Tonisson [AU]	L	6	8
Christian Allen [AU]	Donna Pedder [AU]	W	9	9
Bowen Shen [AU]	Samuel Frazier [AU]	W	3	1
Bowen Shen [AU]	Peter Ghionis [AU]	L	3	2
Bowen Shen [AU]	ASADO QURESHI [AU]	T	4	3
Bowen Shen [AU]	Qihan Zhang [AU]	L	4	4
Bowen Shen [AU]	Chris Currenti [AU]	T	5	5
Bowen Shen [AU]	Callum Pinnegar [AU]	T	6	6
Bowen Shen [AU]	Donna Pedder [AU]	W	9	7
Bowen Shen [AU]	Bradley Cannan-cole [AU]	L	9	8
Bowen Shen [AU]	Corey Munro [AU]	L	9	9
Aaron Bennett [AU]	Jimmy Chen [AU]	L	0	1
Aaron Bennett [AU]	Corey Munro [AU]	L	0	2
Aaron Bennett [AU]	Sineth Akmeemana [AU]	W	3	3
Aaron Bennett [AU]	bailey rieck [AU]	L	3	4
Aaron Bennett [AU]	Donna Pedder [AU]	W	6	5
Aaron Bennett [AU]	Sky Mathieson [AU]	L	6	6
Aaron Bennett [AU]	Justin Payne [AU]	W	9	7
Aaron Bennett [AU]	Christina Cao [AU]	L	9	8
Aaron Bennett [AU]	Gordon Liu [AU]	L	9	9
Runfeng Wang [AU]	Mathew masefield [AU]	L	0	1
Runfeng Wang [AU]	Robbie Caldwell [AU]	L	0	2
Runfeng Wang [AU]	Dave Crepaldi [AU]	W	3	3
Runfeng Wang [AU]	Jamie Harris [AU]	W	6	4
Runfeng Wang [AU]	Brendon Schofield [AU]	L	6	5
Runfeng Wang [AU]	Aden Trovato [AU]	W	9	6
Runfeng Wang [AU]	Joshua Courtney [AU]	L	9	7
Runfeng Wang [AU]	Alistair Menzies [AU]	L	9	8
Runfeng Wang [AU]	Thomas Quilliam [AU]	L	9	9
Kenneth Peake [AU]	Kelvin Duong [AU]	L	0	1
Kenneth Peake [AU]	James Williams [AU]	L	0	2
Kenneth Peake [AU]	Nicholas Lamberton [AU]	T	1	3
Kenneth Peake [AU]	Zhecheng Cao [AU]	W	4	4
Kenneth Peake [AU]	Vincent Sutinah [AU]	W	7	5
Kenneth Peake [AU]	Mervin Chiang [AU]	T	8	6
Kenneth Peake [AU]	Chris Currenti [AU]	T	9	7
Kenneth Peake [AU]	Ashton Grant [AU]	L	9	8
Kenneth Peake [AU]	Tyler Bishop [AU]	L	9	9
Joey Wenceslao [AU]	Runzhe Wu [AU]	W	3	1
Joey Wenceslao [AU]	Joshua Wilson [AU]	L	3	2
Joey Wenceslao [AU]	Liuyishan Guo [AU]	L	3	3
Joey Wenceslao [AU]	David Younan [AU]	L	3	4
Joey Wenceslao [AU]	Dean Croaker [AU]	W	6	5
Joey Wenceslao [AU]	Simon Williams [AU]	L	6	6
Joey Wenceslao [AU]	WaiLok Tse [AU]	L	6	7
Joey Wenceslao [AU]	Donna Pedder [AU]	W	9	8
Joey Wenceslao [AU]	George Zaidan [AU]	L	9	9
Callum Cusack [AU]	Christian Allen [AU]	L	0	1
Callum Cusack [AU]	Dave Crepaldi [AU]	W	3	2
Callum Cusack [AU]	Sky Mathieson [AU]	L	3	3
Callum Cusack [AU]	Jimmy Farrugia [AU]	L	3	4
Callum Cusack [AU]	Aden Trovato [AU]	L	3	5
Callum Cusack [AU]	Jamie Harris [AU]	L	3	6
Callum Cusack [AU]	Georgia Smith [AU]	W	6	7
Callum Cusack [AU]	Gordon Liu [AU]	L	6	8
Callum Cusack [AU]	BYE	W	9	9
Aden Trovato [AU]	Fangrao Feng [AU]	L	0	1
Aden Trovato [AU]	Nathan Spry [AU]	W	3	2
Aden Trovato [AU]	Brendon Schofield [AU]	L	3	3
Aden Trovato [AU]	Chloe Appleby [AU]	L	3	4
Aden Trovato [AU]	Callum Cusack [AU]	W	6	5
Aden Trovato [AU]	Runfeng Wang [AU]	L	6	6
Aden Trovato [AU]	Ehren Roebuck [AU]	W	9	7
Aden Trovato [AU]	Alexander Jemison [AU]	L	9	8
Aden Trovato [AU]	Raymond Ramajo [PH]	L	9	9
Matthew Liu [AU]	Rui Crocitta [AU]	L	0	1
Matthew Liu [AU]	Angela Yap [AU]	T	1	2
Matthew Liu [AU]	Gordon Liu [AU]	T	2	3
Matthew Liu [AU]	Jules klupsas [AU]	L	2	4
Matthew Liu [AU]	Jacob Boerger [AU]	W	5	5
Matthew Liu [AU]	Jarrad Paxton [AU]	T	6	6
Matthew Liu [AU]	Christian Allen [AU]	W	9	7
Matthew Liu [AU]	David Younan [AU]	L	9	8
Joshua Wilson [AU]	James Williams [AU]	W	3	1
Joshua Wilson [AU]	Joey Wenceslao [AU]	W	6	2
Joshua Wilson [AU]	Ruben Cortez [AU]	W	9	3
Joshua Wilson [AU]	MattheW Burris [AU]	L	9	4
Joshua Wilson [AU]	Nathan Canty-Seghers [AU]	L	9	5
Joshua Wilson [AU]	Archie de Vries [AU]	L	9	6
Joshua Wilson [AU]	Julian Luvara [AU]	L	9	7
Kelvin Duong [AU]	Kenneth Peake [AU]	W	3	1
Kelvin Duong [AU]	Justin Hoy [AU]	W	6	2
Kelvin Duong [AU]	Jake Cruwys [AU]	L	6	3
Kelvin Duong [AU]	Ismaael Farhad [AU]	W	9	4
Kelvin Duong [AU]	Shang Jun Chua [AU]	L	9	5
Kelvin Duong [AU]	Harrison Hodges [AU]	L	9	6
Kelvin Duong [AU]	Damian Chadban [AU]	L	9	7
Christian Hasbani [AU]	Bryony Lai [AU]	W	3	1
Christian Hasbani [AU]	Julian Zincone [AU]	L	3	2
Christian Hasbani [AU]	Miguel Angelo Villar [AU]	L	3	3
Christian Hasbani [AU]	Jay Tyrrell [AU]	W	6	4
Christian Hasbani [AU]	Robbie Caldwell [AU]	L	6	5
Christian Hasbani [AU]	Lauren Szmandiuk [AU]	W	9	6
Christian Hasbani [AU]	Ismaael Farhad [AU]	L	9	7
Josh Wallis [AU]	Ethan Stoeckert [AU]	T	1	1
Josh Wallis [AU]	Jaide KNAUS-PETRIE [AU]	T	2	2
Josh Wallis [AU]	Sam Clayfield [AU]	L	2	3
Josh Wallis [AU]	Nicholas Daniel [AU]	W	5	4
Josh Wallis [AU]	Jackson Doyle [AU]	L	5	5
Josh Wallis [AU]	bailey rieck [AU]	T	6	6
Josh Wallis [AU]	Jamie Harris [AU]	W	9	7
Michael Gleeson [AU]	Daniel Li [AU]	L	0	1
Michael Gleeson [AU]	Michael Chan [AU]	L	0	2
Michael Gleeson [AU]	Justin Payne [AU]	W	3	3
Michael Gleeson [AU]	Ida Nero [AU]	W	6	4
Michael Gleeson [AU]	Alistair Menzies [AU]	W	9	5
Michael Gleeson [AU]	Yufan Liu [AU]	L	9	6
Michael Gleeson [AU]	Haoyuan Liu [CN]	L	9	7
Kenny Banh [AU]	Jesse Becker [AU]	L	0	1
Kenny Banh [AU]	Liuyishan Guo [AU]	L	0	2
Kenny Banh [AU]	Georgia Smith [AU]	W	3	3
Kenny Banh [AU]	William Rue [AU]	W	6	4
Kenny Banh [AU]	Bradley Cannan-cole [AU]	L	6	5
Kenny Banh [AU]	Kylara Paulo [AU]	W	9	6
Kenny Banh [AU]	Robin Sangwan [AU]	L	9	7
Duy Le [AU]	Natalie Millar [AU]	L	0	1
Duy Le [AU]	Jacob Powell [AU]	T	1	2
Duy Le [AU]	Jackson Doyle [AU]	T	2	3
Duy Le [AU]	Gordon Liu [AU]	W	5	4
Duy Le [AU]	Blake Lobina [AU]	L	5	5
Duy Le [AU]	Alex Price [AU]	W	8	6
Duy Le [AU]	Lucas Hamilton-Foster [AU]	L	8	7
Mervin Chiang [AU]	Damian Chadban [AU]	L	0	1
Mervin Chiang [AU]	Jee Ong [AU]	L	0	2
Mervin Chiang [AU]	Hadyn Joyce [AU]	W	3	3
Mervin Chiang [AU]	Chris Currenti [AU]	T	4	4
Mervin Chiang [AU]	Thomas Holland [AU]	W	7	5
Mervin Chiang [AU]	Kenneth Peake [AU]	T	8	6
Mervin Chiang [AU]	Jorge Soria [AU]	L	8	7
Sebastian McFadden [AU]	Jaide KNAUS-PETRIE [AU]	T	1	1
Sebastian McFadden [AU]	Qihan Zhang [AU]	W	4	2
Sebastian McFadden [AU]	Tristan Young [AU]	W	7	3
Sebastian McFadden [AU]	Tom Bourke [AU]	L	7	4
Sebastian McFadden [AU]	Tim Franklin [AU]	L	7	5
Sebastian McFadden [AU]	Blake Davies [AU]	L	7	6
Sebastian McFadden [AU]	Matthew Dobrovsak [AU]	L	7	7
Sebastian McFadden [AU]	Kylara Paulo [AU]	L	7	8
Sebastian McFadden [AU]	Hadyn Joyce [AU]	L	7	9
Keqi Zhao [AU]	Alex Crockford [AU]	W	3	1
Keqi Zhao [AU]	Joshua Sparks [AU]	L	3	2
Keqi Zhao [AU]	Lauren Szmandiuk [AU]	L	3	3
Keqi Zhao [AU]	Pippin Greening [AU]	W	6	4
Keqi Zhao [AU]	Brendan Cliffe [AU]	T	7	5
Keqi Zhao [AU]	Simon Sloan [AU]	L	7	6
Keqi Zhao [AU]	Benjamin Small [AU]	L	7	7
Keqi Zhao [AU]	Jules klupsas [AU]	L	7	8
Keqi Zhao [AU]	Keelan Ambosta [AU]	L	7	9
Ben Nolan [AU]	Nicholas Lamberton [AU]	W	3	1
Ben Nolan [AU]	Christian Delloiaco [AU]	L	3	2
Ben Nolan [AU]	Max Prescott [AU]	L	3	3
Ben Nolan [AU]	Jesse Becker [AU]	W	6	4
Ben Nolan [AU]	Sam Hynes [AU]	L	6	5
Ben Nolan [AU]	Jay Tyrrell [AU]	L	6	6
Ben Nolan [AU]	Chloe Appleby [AU]	T	7	7
Ben Nolan [AU]	Jaide KNAUS-PETRIE [AU]	L	7	8
Tristan Young [AU]	Jarred Eland [AU]	W	3	1
Tristan Young [AU]	Tayla-Jane Lovett [AU]	T	4	2
Tristan Young [AU]	Sebastian McFadden [AU]	L	4	3
Tristan Young [AU]	Jimmy Chen [AU]	L	4	4
Tristan Young [AU]	Fangrao Feng [AU]	W	7	5
Tristan Young [AU]	Alex Crockford [AU]	L	7	6
Tristan Young [AU]	Vincent Sutinah [AU]	L	7	7
Tristan Young [AU]	Michael Chan [AU]	7	8
Michael Chan [AU]	Kelvin Nguyen [AU]	L	0	1
Michael Chan [AU]	Michael Gleeson [AU]	W	3	2
Michael Chan [AU]	Alexander Jemison [AU]	L	3	3
Michael Chan [AU]	Tan Loc Thuan Nguyen [AU]	L	3	4
Michael Chan [AU]	Joshua Grob [AU]	W	6	5
Michael Chan [AU]	Xu Chi [AU]	T	7	6
Michael Chan [AU]	Jason Chun [AU]	L	7	7
Michael Chan [AU]	Tristan Young [AU]	7	8
Anas Somtua [AU]	Dylan van der Riet [AU]	T	1	1
Anas Somtua [AU]	Ethan Stoeckert [AU]	W	4	2
Anas Somtua [AU]	Chuyao Zhou [AU]	W	7	3
Anas Somtua [AU]	Robert Seymour [AU]	L	7	4
Anas Somtua [AU]	Kelvin Nguyen [AU]	L	7	5
Anas Somtua [AU]	Mitchell Demnar [AU]	L	7	6
Anas Somtua [AU]	Alexander Cannavo [AU]	L	7	7
bailey rieck [AU]	MattheW Burris [AU]	L	0	1
bailey rieck [AU]	Brayden Ryan [AU]	T	1	2
bailey rieck [AU]	Callum Pinnegar [AU]	T	2	3
bailey rieck [AU]	Aaron Bennett [AU]	W	5	4
bailey rieck [AU]	James Williams [AU]	L	5	5
bailey rieck [AU]	Josh Wallis [AU]	T	6	6
bailey rieck [AU]	Joshua Grob [AU]	T	7	7
Chloe Appleby [AU]	Timothy Gallagher [AU]	L	0	1
Chloe Appleby [AU]	James Ocsona [AU]	L	0	2
Chloe Appleby [AU]	David Nguyen [AU]	W	3	3
Chloe Appleby [AU]	Aden Trovato [AU]	W	6	4
Chloe Appleby [AU]	Joshua Sparks [AU]	L	6	5
Chloe Appleby [AU]	Ethan Stoeckert [AU]	L	6	6
Chloe Appleby [AU]	Ben Nolan [AU]	T	7	7
Jesse Becker [AU]	Kenny Banh [AU]	W	3	1
Jesse Becker [AU]	Yasuyuki Handa [AU]	L	3	2
Jesse Becker [AU]	Joseph Shankar [AU]	L	3	3
Jesse Becker [AU]	Ben Nolan [AU]	L	3	4
Jesse Becker [AU]	tianxiang li [AU]	W	6	5
Jesse Becker [AU]	Justin Hoy [AU]	T	7	6
Jesse Becker [AU]	Xiaoran Wu [AU]	L	7	7
Xu Chi [AU]	Christofer Gozali [AU]	L	0	1
Xu Chi [AU]	Alex Crockford [AU]	L	0	2
Xu Chi [AU]	Sam Rumsey [AU]	W	3	3
Xu Chi [AU]	Jesse Owers [AU]	L	3	4
Xu Chi [AU]	Georgia Smith [AU]	W	6	5
Xu Chi [AU]	Michael Chan [AU]	T	7	6
Xu Chi [AU]	Beau McElroy [AU]	L	7	7
Zak Hamilton [AU]	Tayla-Jane Lovett [AU]	L	0	1
Zak Hamilton [AU]	Shaz Evans [AU]	T	1	2
Zak Hamilton [AU]	Qihan Zhang [AU]	L	1	3
Zak Hamilton [AU]	Dylan van der Riet [AU]	L	1	4
Zak Hamilton [AU]	Lucas Hamilton-Foster [AU]	L	1	5
Zak Hamilton [AU]	Dave Crepaldi [AU]	W	4	6
Zak Hamilton [AU]	Jee Ong [AU]	W	7	7
Justin Hoy [AU]	Dave Crepaldi [AU]	W	3	1
Justin Hoy [AU]	Kelvin Duong [AU]	L	3	2
Justin Hoy [AU]	Marcus Dwyer [AU]	L	3	3
Justin Hoy [AU]	Jose de la garma [AU]	L	3	4
Justin Hoy [AU]	Hadyn Joyce [AU]	W	6	5
Justin Hoy [AU]	Jesse Becker [AU]	T	7	6
Justin Hoy [AU]	David Frans Daritan [AU]	L	7	7
Kaitlin Callaghan [AU]	Zach Quince [AU]	W	3	1
Kaitlin Callaghan [AU]	Ben Anderson [AU]	L	3	2
Kaitlin Callaghan [AU]	Kye Edmondston [AU]	L	3	3
Kaitlin Callaghan [AU]	Cherakee Evans [AU]	L	3	4
Kaitlin Callaghan [AU]	Nathan Morrow [AU]	W	6	5
Kaitlin Callaghan [AU]	Joshua Martin [AU]	L	6	6
Kaitlin Callaghan [AU]	Kylara Paulo [AU]	T	7	7
Kevin Johns [AU]	Adam Beale [AU]	L	0	1
Kevin Johns [AU]	Alex Price [AU]	T	1	2
Kevin Johns [AU]	KELVIN YAP [AU]	L	1	3
Kevin Johns [AU]	Brayden Ryan [AU]	L	1	4
Kevin Johns [AU]	Nicholas Daniel [AU]	W	4	5
Kevin Johns [AU]	Shaz Evans [AU]	W	7	6
Kevin Johns [AU]	Kye Edmondston [AU]	L	7	7
Brendan Cliffe [AU]	Violet Lou [AU]	W	3	1
Brendan Cliffe [AU]	Lewis Gall [NZ]	W	6	2
Brendan Cliffe [AU]	Chen Junhan [AU]	L	6	3
Brendan Cliffe [AU]	Joshua Glen [AU]	L	6	4
Brendan Cliffe [AU]	Keqi Zhao [AU]	T	7	5
Brendan Cliffe [AU]	Dylan van der Riet [AU]	L	7	6
Paul Ashton [AU]	Nicholas Daniel [AU]	W	3	1
Paul Ashton [AU]	MattheW Burris [AU]	L	3	2
Paul Ashton [AU]	Corey Munro [AU]	T	4	3
Paul Ashton [AU]	Chuyao Zhou [AU]	L	4	4
Paul Ashton [AU]	Christofer Gozali [AU]	L	4	5
Paul Ashton [AU]	Jeb Collins [AU]	W	7	6
James Eland [AU]	Anton Piccio [AU]	T	1	1
James Eland [AU]	Benjamin Small [AU]	W	4	2
James Eland [AU]	Robert Seymour [AU]	L	4	3
James Eland [AU]	ASADO QURESHI [AU]	L	4	4
James Eland [AU]	Jee Ong [AU]	W	7	5
Donna Pedder [AU]	Fangsheng Lyu [AU]	W	3	1
Donna Pedder [AU]	Yufan Liu [AU]	L	3	2
Donna Pedder [AU]	Geoff Woodhead [NZ]	L	3	3
Donna Pedder [AU]	Kieran Johnson [AU]	L	3	4
Donna Pedder [AU]	Aaron Bennett [AU]	L	3	5
Donna Pedder [AU]	Aaryanna Churchill [AU]	W	6	6
Donna Pedder [AU]	Bowen Shen [AU]	L	6	7
Donna Pedder [AU]	Joey Wenceslao [AU]	L	6	8
Donna Pedder [AU]	Christian Allen [AU]	L	6	9
Callum Pinnegar [AU]	Christian Delloiaco [AU]	L	0	1
Callum Pinnegar [AU]	Nicholas Daniel [AU]	T	1	2
Callum Pinnegar [AU]	bailey rieck [AU]	T	2	3
Callum Pinnegar [AU]	Lucas Hamilton-Foster [AU]	W	5	4
Callum Pinnegar [AU]	Blake Davies [AU]	L	5	5
Callum Pinnegar [AU]	Bowen Shen [AU]	T	6	6
Callum Pinnegar [AU]	James Ocsona [AU]	L	6	7
Jacob McSpadden [AU]	Kyle Seaton-Giles [AU]	W	3	1
Jacob McSpadden [AU]	Jeremy L‚ÑπÔ∏èm ü§üüòéü§ü [AU]	L	3	2
Jacob McSpadden [AU]	Thomas Quilliam [AU]	W	6	3
Jacob McSpadden [AU]	Max McInnis [AU]	L	6	4
Jacob McSpadden [AU]	Lewis Gall [NZ]	L	6	5
Jacob McSpadden [AU]	Sineth Akmeemana [AU]	L	6	6
Jacob McSpadden [AU]	Lauren Szmandiuk [AU]	6	7
Jamie Harris [AU]	George Zaidan [AU]	W	3	1
Jamie Harris [AU]	Joshua Martin [AU]	L	3	2
Jamie Harris [AU]	charles limbrick [AU]	L	3	3
Jamie Harris [AU]	Runfeng Wang [AU]	L	3	4
Jamie Harris [AU]	Sineth Akmeemana [AU]	L	3	5
Jamie Harris [AU]	Callum Cusack [AU]	W	6	6
Jamie Harris [AU]	Josh Wallis [AU]	L	6	7
Lauren Szmandiuk [AU]	Louis Pozzacchio [AU]	L	0	1
Lauren Szmandiuk [AU]	BYE	W	3	2
Lauren Szmandiuk [AU]	Keqi Zhao [AU]	W	6	3
Lauren Szmandiuk [AU]	Yufan Liu [AU]	L	6	4
Lauren Szmandiuk [AU]	Jesse Owers [AU]	L	6	5
Lauren Szmandiuk [AU]	Christian Hasbani [AU]	L	6	6
Lauren Szmandiuk [AU]	Jacob McSpadden [AU]	6	7
Ehren Roebuck [AU]	Sean Takemoto [AU]	L	0	1
Ehren Roebuck [AU]	Sam Rumsey [AU]	W	3	2
Ehren Roebuck [AU]	Junxi Li [CN]	L	3	3
Ehren Roebuck [AU]	Nathan Morrow [AU]	W	6	4
Ehren Roebuck [AU]	Cameron Luttrell [AU]	L	6	5
Ehren Roebuck [AU]	Jake Lazzari [AU]	L	6	6
Ehren Roebuck [AU]	Aden Trovato [AU]	L	6	7
Jacob Boerger [AU]	Tessa Tonisson [AU]	T	1	1
Jacob Boerger [AU]	Yuanxu Li [AU]	L	1	2
Jacob Boerger [AU]	Ethan Stoeckert [AU]	T	2	3
Jacob Boerger [AU]	Jackson Doyle [AU]	L	2	4
Jacob Boerger [AU]	Matthew Liu [AU]	L	2	5
Jacob Boerger [AU]	Jeremy Mora [AU]	W	5	6
Jacob Boerger [AU]	Gordon Liu [AU]	T	6	7
tianxiang li [AU]	Cherakee Evans [AU]	L	0	1
tianxiang li [AU]	Markus Janssen [AU]	L	0	2
tianxiang li [AU]	Violet Lou [AU]	W	3	3
tianxiang li [AU]	Cameron Luttrell [AU]	L	3	4
tianxiang li [AU]	Jesse Becker [AU]	L	3	5
tianxiang li [AU]	James Pattison [AU]	W	6	6
tianxiang li [AU]	Christina Cao [AU]	L	6	7
Justin Payne [AU]	Jarrad Paxton [AU]	L	0	1
Justin Payne [AU]	William Rue [AU]	L	0	2
Justin Payne [AU]	Michael Gleeson [AU]	L	0	3
Justin Payne [AU]	Christina Cao [AU]	L	0	4
Justin Payne [AU]	BYE	W	3	5
Justin Payne [AU]	Georgia Smith [AU]	W	6	6
Justin Payne [AU]	Aaron Bennett [AU]	L	6	7
Cherakee Evans [AU]	tianxiang li [AU]	W	3	1
Cherakee Evans [AU]	Billy Nguyen [AU]	L	3	2
Cherakee Evans [AU]	Kai Chung [AU]	L	3	3
Cherakee Evans [AU]	Kaitlin Callaghan [AU]	W	6	4
Cherakee Evans [AU]	Darcy Miller [AU]	L	6	5
Cherakee Evans [AU]	Alexander Jemison [AU]	L	6	6
Dean Croaker [AU]	Brent Tonisson [AU]	L	0	1
Dean Croaker [AU]	Jarred Eland [AU]	L	0	2
Dean Croaker [AU]	Alistair Menzies [AU]	L	0	3
Dean Croaker [AU]	David Nguyen [AU]	W	3	4
Dean Croaker [AU]	Joey Wenceslao [AU]	L	3	5
Dean Croaker [AU]	Antonio Segorbe [AU]	W	6	6
Kieran Johnson [AU]	Simon Sloan [AU]	W	3	1
Kieran Johnson [AU]	Tait Tran [AU]	L	3	2
Kieran Johnson [AU]	Jeremy Evans [AU]	L	3	3
Kieran Johnson [AU]	Donna Pedder [AU]	W	6	4
Kieran Johnson [AU]	James Xu [NZ]	L	6	5
Pippin Greening [AU]	Raymond Ramajo [PH]	W	3	1
Pippin Greening [AU]	Jettano Posani [AU]	L	3	2
Pippin Greening [AU]	Peter Seo [AU]	L	3	3
Pippin Greening [AU]	Keqi Zhao [AU]	L	3	4
Pippin Greening [AU]	Aaryanna Churchill [AU]	W	6	5
Samuel Frazier [AU]	Bowen Shen [AU]	L	0	1
Samuel Frazier [AU]	Kyle Seaton-Giles [AU]	W	3	2
Samuel Frazier [AU]	Jesse Owers [AU]	W	6	3
Samuel Frazier [AU]	Max Prescott [AU]	L	6	4
Samuel Frazier [AU]	Timothy Gallagher [AU]	L	6	5
Luke McMahon [AU]	Jake Lazzari [AU]	L	0	1
Luke McMahon [AU]	Nicholas Lamberton [AU]	W	3	2
Luke McMahon [AU]	Bradley Cannan-cole [AU]	W	6	3
Luke McMahon [AU]	Keller Huang [AU]	L	6	4
Luke McMahon [AU]	Ben Anderson [AU]	L	6	5
Julian Zincone [AU]	Jee Ong [AU]	W	3	1
Julian Zincone [AU]	Christian Hasbani [AU]	W	6	2
Julian Zincone [AU]	Benjamin Hall [AU]	L	6	3
Julian Zincone [AU]	Nick Bell [AU]	L	6	4
Joseph Shankar [AU]	Joshua Sparks [AU]	L	0	1
Joseph Shankar [AU]	Raymond Ramajo [PH]	W	3	2
Joseph Shankar [AU]	Jesse Becker [AU]	W	6	3
Joseph Shankar [AU]	Kai Chung [AU]	L	6	4
Zhecheng Cao [AU]	Alan Shao [AU]	T	1	1
Zhecheng Cao [AU]	Jack underwood [AU]	L	1	2
Zhecheng Cao [AU]	Vincent Sutinah [AU]	L	1	3
Zhecheng Cao [AU]	Kenneth Peake [AU]	L	1	4
Zhecheng Cao [AU]	Shaz Evans [AU]	L	1	5
Zhecheng Cao [AU]	Nicholas Daniel [AU]	T	2	6
Zhecheng Cao [AU]	BYE	W	5	7
Zhecheng Cao [AU]	George Zaidan [AU]	L	5	8
Alex Price [AU]	Tom Bourke [AU]	L	0	1
Alex Price [AU]	Kevin Johns [AU]	T	1	2
Alex Price [AU]	Shaz Evans [AU]	W	4	3
Alex Price [AU]	Corey Munro [AU]	T	5	4
Alex Price [AU]	Jules klupsas [AU]	L	5	5
Alex Price [AU]	Duy Le [AU]	L	5	6
Alex Price [AU]	Fangrao Feng [AU]	L	5	7
Tayla-Jane Lovett [AU]	Zak Hamilton [AU]	W	3	1
Tayla-Jane Lovett [AU]	Tristan Young [AU]	T	4	2
Tayla-Jane Lovett [AU]	troy fisher [AU]	T	5	3
Tayla-Jane Lovett [AU]	Anton Piccio [AU]	L	5	4
Jee Ong [AU]	Julian Zincone [AU]	L	0	1
Jee Ong [AU]	Mervin Chiang [AU]	W	3	2
Jee Ong [AU]	Darcy Miller [AU]	L	3	3
Jee Ong [AU]	Zach Quince [AU]	T	4	4
Jee Ong [AU]	James Eland [AU]	L	4	5
Jee Ong [AU]	Vincent Sutinah [AU]	L	4	6
Jee Ong [AU]	Zak Hamilton [AU]	L	4	7
Shaz Evans [AU]	Joshua Glen [AU]	L	0	1
Shaz Evans [AU]	Zak Hamilton [AU]	T	1	2
Shaz Evans [AU]	Alex Price [AU]	L	1	3
Shaz Evans [AU]	Ryan Burt [AU]	L	1	4
Shaz Evans [AU]	Zhecheng Cao [AU]	W	4	5
Shaz Evans [AU]	Kevin Johns [AU]	L	4	6
Shaz Evans [AU]	Hadyn Joyce [AU]	L	4	7
Jeb Collins [AU]	James Ocsona [AU]	W	3	1
Jeb Collins [AU]	Robin Sangwan [AU]	L	3	2
Jeb Collins [AU]	Rui Crocitta [AU]	T	4	3
Jeb Collins [AU]	Simon Sloan [AU]	L	4	4
Jeb Collins [AU]	Alan Shao [AU]	L	4	5
Jeb Collins [AU]	Paul Ashton [AU]	L	4	6
Thomas Holland [AU]	Jules klupsas [AU]	T	1	1
Thomas Holland [AU]	Tessa Tonisson [AU]	W	4	2
Thomas Holland [AU]	Jorge Soria [AU]	L	4	3
Thomas Holland [AU]	Scott Langford [AU]	L	4	4
Thomas Holland [AU]	Mervin Chiang [AU]	L	4	5
Thomas Holland [AU]	Raymond Ramajo [PH]	L	4	6
Christine Ashkenazy [AU]	Robert Seymour [AU]	L	0	1
Christine Ashkenazy [AU]	Bayley Janssen [AU]	T	1	2
Christine Ashkenazy [AU]	Tim Franklin [AU]	L	1	3
Christine Ashkenazy [AU]	Jason Chun [AU]	L	1	4
Christine Ashkenazy [AU]	Dave Crepaldi [AU]	W	4	5
Jacob Powell [AU]	Ben Anderson [AU]	L	0	1
Jacob Powell [AU]	Duy Le [AU]	T	1	2
Jacob Powell [AU]	Jason Chun [AU]	W	4	3
Jacob Powell [AU]	Tim Franklin [AU]	L	4	4
Jacob Powell [AU]	Dylan van der Riet [AU]	L	4	5
Kyle Seaton-Giles [AU]	Jacob McSpadden [AU]	L	0	1
Kyle Seaton-Giles [AU]	Samuel Frazier [AU]	L	0	2
Kyle Seaton-Giles [AU]	Ryan Burt [AU]	T	1	3
Kyle Seaton-Giles [AU]	Nicholas Lamberton [AU]	W	4	4
Kyle Seaton-Giles [AU]	Brayden Ryan [AU]	L	4	5
Zach Quince [AU]	Kaitlin Callaghan [AU]	L	0	1
Zach Quince [AU]	Miguel Angelo Villar [AU]	L	0	2
Zach Quince [AU]	Joshua Grob [AU]	W	3	3
Zach Quince [AU]	Jee Ong [AU]	T	4	4
Zach Quince [AU]	Rui Crocitta [AU]	L	4	5
Jarred Eland [AU]	Tristan Young [AU]	L	0	1
Jarred Eland [AU]	Dean Croaker [AU]	W	3	2
Jarred Eland [AU]	Alexander Cannavo [AU]	L	3	3
Jarred Eland [AU]	Raymond Ramajo [PH]	T	4	4
Jarred Eland [AU]	Jason Chun [AU]	L	4	5
Georgia Smith [AU]	Hayden Matthews [AU]	L	0	1
Georgia Smith [AU]	Julian Luvara [AU]	L	0	2
Georgia Smith [AU]	Kenny Banh [AU]	L	0	3
Georgia Smith [AU]	Sam Rumsey [AU]	W	3	4
Georgia Smith [AU]	Xu Chi [AU]	L	3	5
Georgia Smith [AU]	Justin Payne [AU]	L	3	6
Georgia Smith [AU]	Callum Cusack [AU]	L	3	7
Antonio Segorbe [AU]	Yufan Liu [AU]	L	0	1
Antonio Segorbe [AU]	Ethan Cooper [AU]	L	0	2
Antonio Segorbe [AU]	DONGXU LI [AU]	W	3	3
Antonio Segorbe [AU]	Timothy Gallagher [AU]	L	3	4
Antonio Segorbe [AU]	Jay Tyrrell [AU]	L	3	5
Antonio Segorbe [AU]	Dean Croaker [AU]	L	3	6
Aaryanna Churchill [AU]	Ida Nero [AU]	W	3	1
Aaryanna Churchill [AU]	Fareez Sanif [AU]	L	3	2
Aaryanna Churchill [AU]	Vignesh Krishnan Krishnan [AU]	L	3	3
Aaryanna Churchill [AU]	Sam Hynes [AU]	L	3	4
Aaryanna Churchill [AU]	Pippin Greening [AU]	L	3	5
Aaryanna Churchill [AU]	Donna Pedder [AU]	L	3	6
Jeremy Mora [AU]	Shane Quinn [AU]	L	0	1
Jeremy Mora [AU]	Peter Seo [AU]	L	0	2
Jeremy Mora [AU]	Raymond Ramajo [PH]	L	0	3
Jeremy Mora [AU]	Dave Crepaldi [AU]	W	3	4
Jeremy Mora [AU]	George Zaidan [AU]	L	3	5
Jeremy Mora [AU]	Jacob Boerger [AU]	L	3	6
Ida Nero [AU]	Aaryanna Churchill [AU]	L	0	1
Ida Nero [AU]	Sky Mathieson [AU]	L	0	2
Ida Nero [AU]	Ashton Grant [AU]	W	3	3
Ida Nero [AU]	Michael Gleeson [AU]	L	3	4
Ida Nero [AU]	Christina Cao [AU]	L	3	5
Ida Nero [AU]	Jaide KNAUS-PETRIE [AU]	L	3	6
James Pattison [AU]	Alexander Jemison [AU]	L	0	1
James Pattison [AU]	Matthew Dobrovsak [AU]	L	0	2
James Pattison [AU]	BYE	W	3	3
James Pattison [AU]	Bradley Cannan-cole [AU]	L	3	4
James Pattison [AU]	Keelan Ambosta [AU]	L	3	5
James Pattison [AU]	tianxiang li [AU]	L	3	6
Nathan Morrow [AU]	Sineth Akmeemana [AU]	W	3	1
Nathan Morrow [AU]	Christian Allen [AU]	L	3	2
Nathan Morrow [AU]	Julian Luvara [AU]	L	3	3
Nathan Morrow [AU]	Ehren Roebuck [AU]	L	3	4
Nathan Morrow [AU]	Kaitlin Callaghan [AU]	L	3	5
Nathan Morrow [AU]	Joshua Grob [AU]	L	3	6
Nathan Spry [AU]	Xiaoran Wu [AU]	L	0	1
Nathan Spry [AU]	Aden Trovato [AU]	L	0	2
Nathan Spry [AU]	Kevin Borquez [AU]	W	3	3
Nathan Spry [AU]	Lewis Gall [NZ]	L	3	4
Nathan Spry [AU]	James Ocsona [AU]	L	3	5
Nathan Spry [AU]	WaiLok Tse [AU]	L	3	6
William Rue [AU]	charles limbrick [AU]	L	0	1
William Rue [AU]	Justin Payne [AU]	W	3	2
William Rue [AU]	Boris Lee [AU]	L	3	3
William Rue [AU]	Kenny Banh [AU]	L	3	4
William Rue [AU]	DONGXU LI [AU]	L	3	5
Sam Rumsey [AU]	Aiden Harrison [AU]	L	0	1
Sam Rumsey [AU]	Ehren Roebuck [AU]	L	0	2
Sam Rumsey [AU]	Xu Chi [AU]	L	0	3
Sam Rumsey [AU]	Georgia Smith [AU]	L	0	4
Sam Rumsey [AU]	Runzhe Wu [AU]	W	3	5
Kevin Borquez [AU]	Joshua Courtney [AU]	L	0	1
Kevin Borquez [AU]	Jose de la garma [AU]	L	0	2
Kevin Borquez [AU]	Nathan Spry [AU]	L	0	3
Kevin Borquez [AU]	Sineth Akmeemana [AU]	L	0	4
Kevin Borquez [AU]	Aurora O'Reilly [AU]	W	3	5
Daniel Li [AU]	Michael Gleeson [AU]	W	3	1
Daniel Li [AU]	Mitchell Demnar [AU]	L	3	2
Daniel Li [AU]	Courtney Fox [AU]	L	3	3
Nicholas Daniel [AU]	Paul Ashton [AU]	L	0	1
Nicholas Daniel [AU]	Callum Pinnegar [AU]	T	1	2
Nicholas Daniel [AU]	Blake Davies [AU]	L	1	3
Nicholas Daniel [AU]	Josh Wallis [AU]	L	1	4
Nicholas Daniel [AU]	Kevin Johns [AU]	L	1	5
Nicholas Daniel [AU]	Zhecheng Cao [AU]	T	2	6
Nicholas Daniel [AU]	Tessa Tonisson [AU]	L	2	7
Nicholas Lamberton [AU]	Ben Nolan [AU]	L	0	1
Nicholas Lamberton [AU]	Luke McMahon [AU]	L	0	2
Nicholas Lamberton [AU]	Kenneth Peake [AU]	T	1	3
Nicholas Lamberton [AU]	Kyle Seaton-Giles [AU]	L	1	4
Angela Yap [AU]	Jasper Greenwood [AU]	L	0	1
Angela Yap [AU]	Matthew Liu [AU]	T	1	2
Angela Yap [AU]	Scott Langford [AU]	L	1	3
Ross Hamilton [AU]	Gordon Liu [AU]	T	1	1
Ross Hamilton [AU]	David Frans Daritan [AU]	L	1	2
Ross Hamilton [AU]	Bayley Janssen [AU]	L	1	3
Aurora O'Reilly [AU]	Kazuo Nakamura [AU]	L	0	1
Aurora O'Reilly [AU]	Max McInnis [AU]	L	0	2
Aurora O'Reilly [AU]	Tan Loc Thuan Nguyen [AU]	L	0	3
Aurora O'Reilly [AU]	Hadyn Joyce [AU]	L	0	4
Aurora O'Reilly [AU]	Kevin Borquez [AU]	L	0	5
Aurora O'Reilly [AU]	Runzhe Wu [AU]	0	6
Runzhe Wu [AU]	Joey Wenceslao [AU]	L	0	1
Runzhe Wu [AU]	Alexander Cannavo [AU]	L	0	2
Runzhe Wu [AU]	Jay Tyrrell [AU]	L	0	3
Runzhe Wu [AU]	Ashton Grant [AU]	L	0	4
Runzhe Wu [AU]	Sam Rumsey [AU]	L	0	5
Runzhe Wu [AU]	Aurora O'Reilly [AU]	0	6
Dave Crepaldi [AU]	Justin Hoy [AU]	L	0	1
Dave Crepaldi [AU]	Callum Cusack [AU]	L	0	2
Dave Crepaldi [AU]	Runfeng Wang [AU]	L	0	3
Dave Crepaldi [AU]	Jeremy Mora [AU]	L	0	4
Dave Crepaldi [AU]	Christine Ashkenazy [AU]	L	0	5
Dave Crepaldi [AU]	Zak Hamilton [AU]	L	0	6
David Nguyen [AU]	Tait Tran [AU]	L	0	1
David Nguyen [AU]	Kylara Paulo [AU]	L	0	2
David Nguyen [AU]	Chloe Appleby [AU]	L	0	3
David Nguyen [AU]	Dean Croaker [AU]	L	0	4
David Nguyen [AU]	Violet Lou [AU]	0	5
Violet Lou [AU]	Brendan Cliffe [AU]	L	0	1
Violet Lou [AU]	Brendon Schofield [AU]	L	0	2
Violet Lou [AU]	tianxiang li [AU]	L	0	3
Violet Lou [AU]	Joshua Grob [AU]	L	0	4
Violet Lou [AU]	David Nguyen [AU]	0	5
Jiahe Liang [AU]	ASADO QURESHI [AU]	L	0	1
Jiahe Liang [AU]	Courtney Fox [AU]	L	0	2
Jiahe Liang [AU]	Beau McElroy [AU]	L	0	3
Jiahe Liang [AU]	DONGXU LI [AU]	L	0	4
Bryony Lai [AU]	Christian Hasbani [AU]	L	0	1
Bryony Lai [AU]	Anthony Tsang [AU]	0	2
Anthony Tsang [AU]	Boris Lee [AU]	L	0	1
Anthony Tsang [AU]	Bryony Lai [AU]	0	2
Fangsheng Lyu [AU]	Donna Pedder [AU]	L	0	1
Jasper Greenwood [AU]	Angela Yap [AU]	W	3	1
Jasper Greenwood [AU]	charles limbrick [AU]	W	6	2
Jasper Greenwood [AU]	Jettano Posani [AU]	T	7	3
Jasper Greenwood [AU]	Marco Giovannini [AU]	T	8	4
Jasper Greenwood [AU]	Jimmy Chen [AU]	T	9	5
Jasper Greenwood [AU]	Robbie Caldwell [AU]	L	9	6
